date,home_team,away_team,home_score,away_score,tournament,country,neutral
2014-01-01,Jordan,Kuwait,2,1,West Asian Championship,Qatar,True
2014-01-04,Qatar,Kuwait,3,0,West Asian Championship,Qatar,False
2014-01-04,Jordan,Bahrain,1,0,West Asian Championship,Qatar,True
2014-01-07,Bahrain,Kuwait,0,0,West Asian Championship,Qatar,True
2014-01-07,Qatar,Jordan,2,0,West Asian Championship,Qatar,False
2014-01-15,Norway,Moldova,2,1,Friendly,United Arab Emirates,True
2014-01-17,Sweden,Moldova,2,1,Friendly,United Arab Emirates,True
2014-01-18,Poland,Norway,3,0,Friendly,United Arab Emirates,True
2014-01-20,Poland,Moldova,1,0,Friendly,United Arab Emirates,True
2014-01-21,Sweden,Iceland,2,0,Friendly,United Arab Emirates,True
2014-01-22,Chile,Costa Rica,4,0,Friendly,Chile,False
2014-01-24,Oman,Finland,0,0,Friendly,Oman,False
2014-01-25,South Korea,Costa Rica,1,0,Friendly,United States,True
2014-01-29,Mexico,South Korea,4,0,Friendly,United States,True
2014-01-31,Oman,Jordan,0,0,Asian Cup qualifier,Oman,False
2014-02-01,United States,South Korea,2,0,Friendly,United States,False
2014-02-04,Singapore,Jordan,1,3,Asian Cup qualifier,Singapore,False
2014-02-07,St Vincent & Grenadines,Dominica,3,2,Friendly,St Vincent & Grenadines,False
2014-02-09,St Vincent & Grenadines,Dominica,0,0,Friendly,St Vincent & Grenadines,False
2014-02-19,Lebanon,Pakistan,3,1,Friendly,Lebanon,False
2014-02-21,Iraq,North Korea,2,0,Friendly,United Arab Emirates,True
2014-03-01,Malaysia,Philippines,0,0,Friendly,Malaysia,False
2014-03-01,Gibraltar,Faroe Islands,1,4,Friendly,Gibraltar,False
2014-03-02,Barbados,Jamaica,0,2,Friendly,Barbados,False
2014-03-03,Iran,Kuwait,3,2,Asian Cup qualifier,Iran,False
2014-03-05,Japan,New Zealand,4,2,Friendly,Japan,False
2014-03-05,Azerbaijan,Philippines,1,0,Friendly,United Arab Emirates,True
2014-03-05,Ecuador,Australia,4,3,Friendly,England,True
2014-03-05,Iraq,China,3,1,Asian Cup qualifier,United Arab Emirates,True
2014-03-05,Saudi Arabia,Indonesia,1,0,Asian Cup qualifier,Saudi Arabia,False
2014-03-05,India,Bangladesh,2,2,Friendly,India,False
2014-03-05,Thailand,Lebanon,2,5,Asian Cup qualifier,Thailand,False
2014-03-05,Iran,Guinea,1,2,Friendly,Iran,False
2014-03-05,Greece,South Korea,0,2,Friendly,Greece,False
2014-03-05,Vietnam,Hong Kong,3,1,Asian Cup qualifier,Vietnam,False
2014-03-05,Jordan,Syria,2,1,Asian Cup qualifier,Jordan,False
2014-03-05,Oman,Singapore,3,1,Asian Cup qualifier,Oman,False
2014-03-05,Malaysia,Yemen,2,1,Asian Cup qualifier,United Arab Emirates,True
2014-03-05,Qatar,Bahrain,0,0,Asian Cup qualifier,Qatar,False
2014-03-05,Uzbekistan,United Arab Emirates,1,1,Asian Cup qualifier,Uzbekistan,False
2014-03-05,Egypt,Bosnia and Herzegovina,2,0,Friendly,Austria,True
2014-03-05,South Africa,Brazil,0,5,Friendly,South Africa,False
2014-03-05,Zambia,Uganda,2,1,Friendly,Zambia,False
2014-03-05,Namibia,Tanzania,1,1,Friendly,Namibia,False
2014-03-05,Malawi,Zimbabwe,1,4,Friendly,Malawi,False
2014-03-05,Mexico,Nigeria,0,0,Friendly,United States,True
2014-03-05,Montenegro,Ghana,1,0,Friendly,Montenegro,False
2014-03-05,Burundi,Rwanda,1,1,Friendly,Burundi,False
2014-03-05,Colombia,Tunisia,1,1,Friendly,Spain,True
2014-03-05,Morocco,Gabon,1,1,Friendly,Morocco,False
2014-03-05,Luxembourg,Cape Verde,0,0,Friendly,Luxembourg,False
2014-03-05,Portugal,Cameroon,5,1,Friendly,Portugal,False
2014-03-05,Mali,Senegal,1,1,Friendly,France,True
2014-03-05,Burkina Faso,Comoros,1,1,Friendly,France,True
2014-03-05,Belgium,Ivory Coast,2,2,Friendly,Belgium,False
2014-03-05,Algeria,Slovenia,2,0,Friendly,Algeria,False
2014-03-05,Mauritania,Niger,1,1,Friendly,Mauritania,False
2014-03-05,Botswana,South Sudan,3,0,Friendly,Botswana,False
2014-03-05,Mozambique,Angola,1,1,Friendly,Mozambique,False
2014-03-05,Ukraine,United States,2,0,Friendly,Cyprus,True
2014-03-05,Costa Rica,Paraguay,2,1,Friendly,Costa Rica,False
2014-03-05,Kosovo,Haiti,0,0,Friendly,Kosovo,False
2014-03-05,Saint Lucia,Jamaica,0,5,Friendly,Saint Lucia,False
2014-03-05,Honduras,Venezuela,2,1,Friendly,Honduras,False
2014-03-05,Austria,Uruguay,1,1,Friendly,Austria,False
2014-03-05,Romania,Argentina,0,0,Friendly,Romania,False
2014-03-05,Germany,Chile,1,0,Friendly,Germany,False
2014-03-05,Poland,Scotland,0,1,Friendly,Poland,False
2014-03-05,England,Denmark,1,0,Friendly,England,False
2014-03-05,Wales,Iceland,3,1,Friendly,Wales,False
2014-03-05,Cyprus,Northern Ireland,0,0,Friendly,Cyprus,False
2014-03-05,Hungary,Finland,1,2,Friendly,Hungary,False
2014-03-05,France,Netherlands,2,0,Friendly,France,False
2014-03-05,Switzerland,Croatia,2,2,Friendly,Switzerland,False
2014-03-05,Turkey,Sweden,2,1,Friendly,Turkey,False
2014-03-05,Czechia,Norway,2,2,Friendly,Czechia,False
2014-03-05,Spain,Italy,1,0,Friendly,Spain,False
2014-03-05,Russia,Armenia,2,0,Friendly,Russia,False
2014-03-05,Gibraltar,Estonia,0,2,Friendly,Gibraltar,False
2014-03-05,Macedonia,Latvia,2,1,Friendly,Macedonia,False
2014-03-05,Kazakhstan,Lithuania,1,1,Friendly,Turkey,True
2014-03-05,Bulgaria,Belarus,2,1,Friendly,Bulgaria,False
2014-03-05,Ireland,Serbia,1,2,Friendly,Ireland,False
2014-03-05,Israel,Slovakia,1,3,Friendly,Israel,False
2014-03-05,Albania,Malta,2,0,Friendly,Albania,False
2014-03-05,Andorra,Moldova,0,3,Friendly,Andorra,False
2014-03-05,Georgia,Liechtenstein,2,0,Friendly,Georgia,False
2014-03-07,Lesotho,Swaziland,0,1,Friendly,Lesotho,False
2014-03-09,Lesotho,Swaziland,0,0,Friendly,Lesotho,False
2014-03-19,Saint Lucia,Martinique,0,0,Friendly,Saint Lucia,False
2014-03-25,Yemen,Nepal,2,0,Friendly,Qatar,True
2014-03-26,Indonesia,Andorra,1,0,Friendly,Spain,True
2014-03-27,Aruba,Guam,2,2,Friendly,Aruba,False
2014-03-29,Cuba,Indonesia,1,0,Friendly,Spain,True
2014-03-30,Aruba,Guam,2,0,Friendly,Aruba,False
2014-04-02,United States,Mexico,2,2,Friendly,United States,False
2014-04-11,Philippines,Nepal,3,0,Friendly,Qatar,True
2014-04-12,Mauritania,Mauritius,1,0,African Nations Cup qualifier,Mauritania,False
2014-04-13,Afghanistan,Kyrgyzstan,0,0,Friendly,United Arab Emirates,True
2014-04-15,Chad,Yemen,0,0,Friendly,Qatar,True
2014-04-17,Guadeloupe,French Guiana,3,2,Friendly tournament,Guadeloupe,False
2014-04-19,Guadeloupe,Martinique,0,1,Friendly tournament,Guadeloupe,False
2014-04-20,Mauritius,Mauritania,0,2,African Nations Cup qualifier,Mauritius,False
2014-04-26,Tanzania,Burundi,0,3,Friendly,Tanzania,False
2014-04-27,Philippines,Malaysia,0,0,Friendly,Philippines,False
2014-04-30,Dominica,Saint Lucia,0,2,Windward Islands Champ,Dominica,False
2014-04-30,Grenada,St Vincent & Grenadines,0,0,Windward Islands Champ,Dominica,True
2014-05-02,Dominica,St Vincent & Grenadines,2,3,Windward Islands Champ,Dominica,False
2014-05-02,Saint Lucia,Grenada,1,0,Windward Islands Champ,Dominica,True
2014-05-04,Tajikistan,Afghanistan,1,0,Friendly,Tajikistan,False
2014-05-04,Tanzania,Malawi,0,0,Friendly,Tanzania,False
2014-05-04,Dominica,Grenada,3,5,Windward Islands Champ,Dominica,False
2014-05-04,Saint Lucia,St Vincent & Grenadines,0,0,Windward Islands Champ,Dominica,True
2014-05-11,Botswana,Swaziland,1,4,Friendly,Botswana,False
2014-05-12,Afghanistan,Kyrgyzstan,1,0,Friendly,Kuwait,True
2014-05-13,Maldives,Laos,7,1,Friendly,Maldives,False
2014-05-13,Germany,Poland,0,0,Friendly,Germany,False
2014-05-14,Kuwait,Afghanistan,3,2,Friendly,Kuwait,False
2014-05-16,Kuwait,Kyrgyzstan,2,2,Friendly,Kuwait,False
2014-05-17,Malawi,Chad,2,0,African Nations Cup qualifier,Malawi,False
2014-05-17,Sao Tome and Principe,Benin,0,2,African Nations Cup qualifier,Sao Tome and Principe,False
2014-05-17,Namibia,Congo,1,0,African Nations Cup qualifier,Namibia,False
2014-05-17,Mauritania,Equatorial Guinea,1,0,African Nations Cup qualifier,Mauritania,False
2014-05-17,Netherlands,Ecuador,1,1,Friendly,Netherlands,False
2014-05-18,Belarus,Iran,0,0,Friendly,Austria,True
2014-05-18,Kenya,Comoros,1,0,African Nations Cup qualifier,Kenya,False
2014-05-18,Madagascar,Uganda,2,1,African Nations Cup qualifier,Madagascar,False
2014-05-18,Tanzania,Zimbabwe,1,0,African Nations Cup qualifier,Tanzania,False
2014-05-18,Swaziland,Sierra Leone,1,1,African Nations Cup qualifier,Swaziland,False
2014-05-18,Central African Republic,Guinea-Bissau,0,0,African Nations Cup qualifier,Congo,True
2014-05-18,Burundi,Botswana,0,0,African Nations Cup qualifier,Burundi,False
2014-05-18,Libya,Rwanda,0,0,African Nations Cup qualifier,Tunisia,True
2014-05-18,Liberia,Lesotho,1,0,African Nations Cup qualifier,Liberia,False
2014-05-18,Mozambique,South Sudan,5,0,African Nations Cup qualifier,Mozambique,False
2014-05-19,Maldives,Myanmar,2,3,Asian Cup q & Asian Chlg Cup,Maldives,False
2014-05-19,Palestine,Kyrgyzstan,1,0,Asian Cup q & Asian Chlg Cup,Maldives,True
2014-05-20,Afghanistan,Philippines,0,0,Asian Cup q & Asian Chlg Cup,Maldives,True
2014-05-20,Turkmenistan,Laos,5,1,Asian Cup q & Asian Chlg Cup,Maldives,True
2014-05-20,French Guiana,Suriname,0,0,Friendly,French Guiana,False
2014-05-21,Palestine,Myanmar,2,0,Asian Cup q & Asian Chlg Cup,Maldives,True
2014-05-21,Maldives,Kyrgyzstan,2,0,Asian Cup q & Asian Chlg Cup,Maldives,False
2014-05-21,Burkina Faso,Senegal,1,1,Friendly,Burkina Faso,False
2014-05-21,Finland,Czechia,2,2,Friendly,Finland,False
2014-05-21,Kosovo,Turkey,1,6,Friendly,Kosovo,False
2014-05-21,Liechtenstein,Belarus,1,5,Friendly,Liechtenstein,False
2014-05-22,Philippines,Laos,2,0,Asian Cup q & Asian Chlg Cup,Maldives,True
2014-05-22,Afghanistan,Turkmenistan,3,1,Asian Cup q & Asian Chlg Cup,Maldives,True
2014-05-22,Ukraine,Niger,2,1,Friendly,Ukraine,False
2014-05-22,Hungary,Denmark,2,2,Friendly,Hungary,False
2014-05-23,Kyrgyzstan,Myanmar,1,0,Asian Cup q & Asian Chlg Cup,Maldives,True
2014-05-23,Maldives,Palestine,0,0,Asian Cup q & Asian Chlg Cup,Maldives,False
2014-05-23,Morocco,Mozambique,4,0,Friendly,Portugal,True
2014-05-23,Bulgaria,Canada,1,1,Friendly,Austria,True
2014-05-23,Slovakia,Montenegro,2,0,Friendly,Slovakia,False
2014-05-24,Philippines,Turkmenistan,2,0,Asian Cup q & Asian Chlg Cup,Maldives,True
2014-05-24,Afghanistan,Laos,0,0,Asian Cup q & Asian Chlg Cup,Maldives,True
2014-05-24,Moldova,Saudi Arabia,4,0,Friendly,Spain,True
2014-05-25,Guinea,Mali,2,1,Friendly,France,True
2014-05-25,Senegal,Kosovo,3,1,Friendly,Switzerland,True
2014-05-25,Ireland,Turkey,1,2,Friendly,Ireland,False
2014-05-26,Australia,South Africa,1,1,Friendly,Australia,False
2014-05-26,Iran,Montenegro,0,0,Friendly,Austria,True
2014-05-26,Cameroon,Macedonia,2,0,Friendly,Austria,True
2014-05-26,Serbia,Jamaica,2,1,Friendly,United States,True
2014-05-26,Belgium,Luxembourg,5,1,Friendly,Belgium,False
2014-05-26,Russia,Slovakia,1,0,Friendly,Russia,False
2014-05-26,Estonia,Gibraltar,1,1,Friendly,Estonia,False
2014-05-27,Japan,Cyprus,1,0,Friendly,Japan,False
2014-05-27,Maldives,Philippines,2,3,Asian Cup q & Asian Chlg Cup,Maldives,False
2014-05-27,Palestine,Afghanistan,2,0,Asian Cup q & Asian Chlg Cup,Maldives,True
2014-05-27,Uzbekistan,Oman,0,1,Friendly,Uzbekistan,False
2014-05-27,Armenia,United Arab Emirates,4,3,Friendly,Switzerland,True
2014-05-27,Tanzania,Malawi,1,0,Friendly,Tanzania,False
2014-05-27,United States,Azerbaijan,2,0,Friendly,United States,False
2014-05-27,Canada,Moldova,1,1,Friendly,Austria,True
2014-05-27,Suriname,French Guiana,1,0,Friendly,Suriname,False
2014-05-27,France,Norway,4,0,Friendly,France,False
2014-05-28,South Korea,Tunisia,0,1,Friendly,South Korea,False
2014-05-28,Nigeria,Scotland,2,2,Friendly,England,True
2014-05-28,Angola,Morocco,2,0,Friendly,Portugal,True
2014-05-28,Mexico,Israel,3,0,Friendly,Mexico,False
2014-05-28,Denmark,Sweden,1,0,Friendly,Denmark,False
2014-05-29,Maldives,Afghanistan,1,1,Asian Cup q & Asian Chlg Cup,Maldives,False
2014-05-29,Georgia,Saudi Arabia,2,0,Friendly,Spain,True
2014-05-29,Uzbekistan,Oman,0,1,Friendly,Uzbekistan,False
2014-05-29,Paraguay,Cameroon,2,1,Friendly,Austria,True
2014-05-29,Turkey,Honduras,2,0,Friendly,United States,True
2014-05-29,Lithuania,Finland,1,0,Baltic Cup,Latvia,True
2014-05-29,Latvia,Estonia,0,0,Baltic Cup,Latvia,False
2014-05-30,Palestine,Philippines,1,0,Asian Cup q & Asian Chlg Cup,Maldives,True
2014-05-30,Angola,Iran,1,1,Friendly,Austria,True
2014-05-30,Macedonia,Qatar,0,0,Friendly,Italy,True
2014-05-30,Chile,Egypt,3,2,Friendly,Chile,False
2014-05-30,New Zealand,South Africa,0,0,Friendly,New Zealand,False
2014-05-30,Comoros,Kenya,1,1,African Nations Cup qualifier,Comoros,False
2014-05-30,Bosnia and Herzegovina,Ivory Coast,2,1,Friendly,United States,True
2014-05-30,Mozambique,South Sudan,0,0,African Nations Cup qualifier,Sudan,True
2014-05-30,Aruba,Turks and Caicos Islands,1,0,CONCACAF Ch & Car Ch q,Aruba,False
2014-05-30,Switzerland,Jamaica,1,0,Friendly,Switzerland,False
2014-05-30,French Guiana,British Virgin Islands,6,0,CONCACAF Ch & Car Ch q,Aruba,True
2014-05-30,Montserrat,US Virgin Islands,1,0,CONCACAF Ch & Car Ch q,Montserrat,False
2014-05-30,Uruguay,Northern Ireland,1,0,Friendly,Uruguay,False
2014-05-30,Spain,Bolivia,2,0,Friendly,Spain,False
2014-05-30,England,Peru,3,0,Friendly,England,False
2014-05-30,Austria,Iceland,1,1,Friendly,Austria,False
2014-05-31,Uganda,Madagascar,1,0,African Nations Cup qualifier,Uganda,False
2014-05-31,Sierra Leone,Swaziland,1,0,African Nations Cup qualifier,Sierra Leone,False
2014-05-31,Netherlands,Ghana,1,0,Friendly,Netherlands,False
2014-05-31,Guinea-Bissau,Central African Republic,3,1,African Nations Cup qualifier,Guinea-Bissau,False
2014-05-31,Rwanda,Libya,3,0,African Nations Cup qualifier,Rwanda,False
2014-05-31,Chad,Malawi,3,1,African Nations Cup qualifier,Chad,False
2014-05-31,Croatia,Mali,2,1,Friendly,Croatia,False
2014-05-31,Colombia,Senegal,2,2,Friendly,Argentina,True
2014-05-31,Algeria,Armenia,3,1,Friendly,Switzerland,True
2014-05-31,Mexico,Ecuador,3,1,Friendly,United States,True
2014-05-31,Panama,Serbia,1,1,Friendly,United States,True
2014-05-31,Norway,Russia,1,1,Friendly,Norway,False
2014-05-31,Ireland,Italy,0,0,Friendly,England,True
2014-05-31,Finland,Estonia,2,0,Baltic Cup,Latvia,True
2014-05-31,Portugal,Greece,0,0,Friendly,Portugal,False
2014-05-31,Romania,Albania,1,0,Friendly,Switzerland,True
2014-05-31,Latvia,Lithuania,1,0,Baltic Cup,Latvia,False
2014-06-01,Zimbabwe,Tanzania,2,2,African Nations Cup qualifier,Zimbabwe,False
2014-06-01,Botswana,Burundi,1,0,African Nations Cup qualifier,Botswana,False
2014-06-01,Benin,Sao Tome and Principe,2,0,African Nations Cup qualifier,Benin,False
2014-06-01,Germany,Cameroon,2,2,Friendly,Germany,False
2014-06-01,Congo,Namibia,3,0,African Nations Cup qualifier,Congo,False
2014-06-01,Lesotho,Liberia,2,0,African Nations Cup qualifier,Lesotho,False
2014-06-01,Equatorial Guinea,Mauritania,3,0,African Nations Cup qualifier,Equatorial Guinea,False
2014-06-01,United States,Turkey,2,1,Friendly,United States,False
2014-06-01,Aruba,British Virgin Islands,7,0,CONCACAF Ch & Car Ch q,Aruba,False
2014-06-01,Israel,Honduras,4,2,Friendly,United States,True
2014-06-01,French Guiana,Turks and Caicos Islands,6,0,CONCACAF Ch & Car Ch q,Aruba,True
2014-06-01,Bonaire,US Virgin Islands,2,1,CONCACAF Ch & Car Ch q,Montserrat,True
2014-06-01,France,Paraguay,1,1,Friendly,France,False
2014-06-01,Sweden,Belgium,0,2,Friendly,Sweden,False
2014-06-02,Japan,Costa Rica,3,1,Friendly,United States,True
2014-06-03,United Arab Emirates,Georgia,1,0,Friendly,Switzerland,True
2014-06-03,Greece,Nigeria,0,0,Friendly,United States,True
2014-06-03,Bosnia and Herzegovina,Mexico,1,0,Friendly,United States,True
2014-06-03,Aruba,French Guiana,0,2,CONCACAF Ch & Car Ch q,Aruba,False
2014-06-03,Brazil,Panama,4,0,Friendly,Brazil,False
2014-06-03,Turks and Caicos Islands,British Virgin Islands,2,0,CONCACAF Ch & Car Ch q,Aruba,True
2014-06-03,Montserrat,Bonaire,0,0,CONCACAF Ch & Car Ch q,Montserrat,False
2014-06-03,Switzerland,Peru,2,0,Friendly,Switzerland,False
2014-06-03,Czechia,Austria,1,2,Friendly,Czechia,False
2014-06-04,Egypt,Jamaica,2,2,Friendly,England,True
2014-06-04,Ivory Coast,El Salvador,2,1,Friendly,United States,True
2014-06-04,Algeria,Romania,2,1,Friendly,Switzerland,True
2014-06-04,Equatorial Guinea,Sao Tome and Principe,3,2,Friendly,Equatorial Guinea,False
2014-06-04,Argentina,Trinidad and Tobago,3,0,Friendly,Argentina,False
2014-06-04,Uruguay,Slovenia,2,0,Friendly,Uruguay,False
2014-06-04,Chile,Northern Ireland,2,0,Friendly,Chile,False
2014-06-04,Ecuador,England,2,2,Friendly,United States,True
2014-06-04,Netherlands,Wales,2,0,Friendly,Netherlands,False
2014-06-04,Hungary,Albania,1,0,Friendly,Hungary,False
2014-06-04,Italy,Luxembourg,1,1,Friendly,Italy,False
2014-06-04,Iceland,Estonia,1,0,Friendly,Iceland,False
2014-06-04,Gibraltar,Malta,1,0,Friendly,Portugal,True
2014-06-06,Japan,Zambia,4,3,Friendly,United States,True
2014-06-06,Croatia,Australia,1,0,Friendly,Brazil,True
2014-06-06,Colombia,Jordan,3,0,Friendly,Argentina,True
2014-06-06,Russia,Morocco,2,0,Friendly,Russia,False
2014-06-06,Costa Rica,Ireland,1,1,Friendly,United States,True
2014-06-06,Portugal,Mexico,1,0,Friendly,United States,True
2014-06-06,Brazil,Serbia,1,0,Friendly,Brazil,False
2014-06-06,Greece,Bolivia,2,1,Friendly,United States,True
2014-06-06,Germany,Armenia,6,1,Friendly,Germany,False
2014-06-06,Poland,Lithuania,2,1,Friendly,Poland,False
2014-06-07,Estonia,Tajikistan,2,1,Friendly,Estonia,False
2014-06-07,United States,Nigeria,2,1,Friendly,United States,False
2014-06-07,Belgium,Tunisia,1,0,Friendly,Belgium,False
2014-06-07,Cameroon,Moldova,1,0,Friendly,Cameroon,False
2014-06-07,Spain,El Salvador,2,0,Friendly,United States,True
2014-06-07,England,Honduras,0,0,Friendly,United States,True
2014-06-07,Argentina,Slovenia,2,0,Friendly,Argentina,False
2014-06-07,Hungary,Kazakhstan,3,0,Friendly,Hungary,False
2014-06-08,Iran,Trinidad and Tobago,2,0,Friendly,Brazil,True
2014-06-08,France,Jamaica,8,0,Friendly,France,False
2014-06-08,San Marino,Albania,0,3,Friendly,San Marino,False
2014-06-09,Ghana,South Korea,4,0,Friendly,United States,True
2014-06-10,Portugal,Ireland,5,1,Friendly,United States,True
2014-06-12,Brazil,Croatia,3,1,World Cup,Brazil,False
2014-06-13,Chile,Australia,3,1,World Cup,Brazil,True
2014-06-13,Mexico,Cameroon,1,0,World Cup,Brazil,True
2014-06-13,Netherlands,Spain,5,1,World Cup,Brazil,True
2014-06-14,Ivory Coast,Japan,2,1,World Cup,Brazil,True
2014-06-14,Costa Rica,Uruguay,3,1,World Cup,Brazil,True
2014-06-14,Colombia,Greece,3,0,World Cup,Brazil,True
2014-06-14,Italy,England,2,1,World Cup,Brazil,True
2014-06-15,France,Honduras,3,0,World Cup,Brazil,True
2014-06-15,Argentina,Bosnia and Herzegovina,2,1,World Cup,Brazil,True
2014-06-15,Switzerland,Ecuador,2,1,World Cup,Brazil,True
2014-06-16,Iran,Nigeria,0,0,World Cup,Brazil,True
2014-06-16,United States,Ghana,2,1,World Cup,Brazil,True
2014-06-16,Germany,Portugal,4,0,World Cup,Brazil,True
2014-06-17,Russia,South Korea,1,1,World Cup,Brazil,True
2014-06-17,Belgium,Algeria,2,1,World Cup,Brazil,True
2014-06-17,Brazil,Mexico,0,0,World Cup,Brazil,False
2014-06-18,Netherlands,Australia,3,2,World Cup,Brazil,True
2014-06-18,China,Macedonia,2,0,Friendly,China,False
2014-06-18,Croatia,Cameroon,4,0,World Cup,Brazil,True
2014-06-18,Chile,Spain,2,0,World Cup,Brazil,True
2014-06-19,Greece,Japan,0,0,World Cup,Brazil,True
2014-06-19,Colombia,Ivory Coast,2,1,World Cup,Brazil,True
2014-06-19,Uruguay,England,2,1,World Cup,Brazil,True
2014-06-20,Costa Rica,Italy,1,0,World Cup,Brazil,True
2014-06-20,Ecuador,Honduras,2,1,World Cup,Brazil,True
2014-06-20,France,Switzerland,5,2,World Cup,Brazil,True
2014-06-21,Indonesia,Pakistan,4,0,Friendly,Indonesia,False
2014-06-21,Argentina,Iran,1,0,World Cup,Brazil,True
2014-06-21,Nigeria,Bosnia and Herzegovina,1,0,World Cup,Brazil,True
2014-06-21,Germany,Ghana,2,2,World Cup,Brazil,True
2014-06-22,China,Macedonia,0,0,Friendly,China,False
2014-06-22,Algeria,South Korea,4,2,World Cup,Brazil,True
2014-06-22,Portugal,United States,2,2,World Cup,Brazil,True
2014-06-22,Belgium,Russia,1,0,World Cup,Brazil,True
2014-06-23,Spain,Australia,3,0,World Cup,Brazil,True
2014-06-23,Brazil,Cameroon,4,1,World Cup,Brazil,False
2014-06-23,Mexico,Croatia,3,1,World Cup,Brazil,True
2014-06-23,Netherlands,Chile,2,0,World Cup,Brazil,True
2014-06-24,Colombia,Japan,4,1,World Cup,Brazil,True
2014-06-24,Greece,Ivory Coast,2,1,World Cup,Brazil,True
2014-06-24,Costa Rica,England,0,0,World Cup,Brazil,True
2014-06-24,Uruguay,Italy,1,0,World Cup,Brazil,True
2014-06-25,Indonesia,Nepal,2,0,Friendly,Indonesia,False
2014-06-25,Bosnia and Herzegovina,Iran,3,1,World Cup,Brazil,True
2014-06-25,Argentina,Nigeria,3,2,World Cup,Brazil,True
2014-06-25,Switzerland,Honduras,3,0,World Cup,Brazil,True
2014-06-25,Ecuador,France,0,0,World Cup,Brazil,True
2014-06-26,Belgium,South Korea,1,0,World Cup,Brazil,True
2014-06-26,Portugal,Ghana,2,1,World Cup,Brazil,True
2014-06-26,Algeria,Russia,1,1,World Cup,Brazil,True
2014-06-26,Germany,United States,1,0,World Cup,Brazil,True
2014-06-28,Colombia,Uruguay,2,0,World Cup,Brazil,True
2014-06-28,Brazil,Chile,1,1,World Cup,Brazil,False
2014-06-29,China,Mali,1,3,Friendly,China,False
2014-06-29,Costa Rica,Greece,1,1,World Cup,Brazil,True
2014-06-29,Netherlands,Mexico,2,1,World Cup,Brazil,True
2014-06-30,France,Nigeria,2,0,World Cup,Brazil,True
2014-06-30,Germany,Algeria,2,1,World Cup,Brazil,True
2014-07-01,Botswana,Tanzania,4,2,Friendly,Botswana,False
2014-07-01,Belgium,United States,2,1,World Cup,Brazil,True
2014-07-01,Argentina,Switzerland,1,0,World Cup,Brazil,True
2014-07-02,Vietnam,Myanmar,6,0,Friendly,Vietnam,False
2014-07-04,Brazil,Colombia,2,1,World Cup,Brazil,False
2014-07-04,Germany,France,1,0,World Cup,Brazil,True
2014-07-05,Costa Rica,Netherlands,0,0,World Cup,Brazil,True
2014-07-05,Argentina,Belgium,1,0,World Cup,Brazil,True
2014-07-06,Malawi,Mozambique,1,1,Friendly,Malawi,False
2014-07-08,Brazil,Germany,1,7,World Cup,Brazil,False
2014-07-09,Argentina,Netherlands,0,0,World Cup,Brazil,True
2014-07-11,Uganda,Seychelles,1,0,Friendly,Uganda,False
2014-07-12,Rwanda,Gabon,1,0,Friendly,Rwanda,False
2014-07-12,Brazil,Netherlands,0,3,World Cup,Brazil,False
2014-07-13,Germany,Argentina,1,0,World Cup,Brazil,True
2014-07-14,Qatar,Indonesia,2,2,Friendly,Qatar,False
2014-07-14,Botswana,Lesotho,2,0,Friendly,Botswana,False
2014-07-15,Kenya,Burundi,0,0,Friendly,Kenya,False
2014-07-15,Uganda,Malawi,0,0,Friendly,Uganda,False
2014-07-19,Uganda,Mauritania,2,0,African Nations Cup qualifier,Uganda,False
2014-07-19,Sierra Leone,Seychelles,2,0,African Nations Cup qualifier,Sierra Leone,False
2014-07-19,Botswana,Guinea-Bissau,2,0,African Nations Cup qualifier,Botswana,False
2014-07-20,Lesotho,Kenya,1,0,African Nations Cup qualifier,Lesotho,False
2014-07-20,Tanzania,Mozambique,2,2,African Nations Cup qualifier,Tanzania,False
2014-07-20,Benin,Malawi,1,0,African Nations Cup qualifier,Benin,False
2014-07-20,Congo,Rwanda,2,0,African Nations Cup qualifier,Congo,False
2014-07-21,Mongolia,Northern Mariana Islands,4,0,East Asian Championship qual,Guam,True
2014-07-21,Guam,Macao,0,0,East Asian Championship qual,Guam,False
2014-07-23,Guam,Mongolia,2,0,East Asian Championship qual,Guam,False
2014-07-23,Northern Mariana Islands,Macao,2,1,East Asian Championship qual,Guam,True
2014-07-25,Macao,Mongolia,3,2,East Asian Championship qual,Guam,True
2014-07-25,Guam,Northern Mariana Islands,5,0,East Asian Championship qual,Guam,False
2014-07-27,Gabon,Rwanda,0,1,Friendly,Gabon,False
2014-08-02,Guinea-Bissau,Botswana,1,1,African Nations Cup qualifier,Guinea-Bissau,False
2014-08-02,Malawi,Benin,1,0,African Nations Cup qualifier,Malawi,False
2014-08-02,Rwanda,Congo,2,0,African Nations Cup qualifier,Rwanda,False
2014-08-03,Kenya,Lesotho,0,0,African Nations Cup qualifier,Kenya,False
2014-08-03,Mauritania,Uganda,0,1,African Nations Cup qualifier,Mauritania,False
2014-08-03,Mozambique,Tanzania,2,1,African Nations Cup qualifier,Mozambique,False
2014-08-03,Angola,Ethiopia,1,0,Friendly,Angola,False
2014-08-06,Peru,Panama,3,0,Friendly,Peru,False
2014-08-08,Tajikistan,Malaysia,4,1,Friendly,Tajikistan,False
2014-08-12,Kazakhstan,Tajikistan,2,1,Friendly,Kazakhstan,False
2014-08-13,Angola,Botswana,0,0,Friendly,Angola,False
2014-08-14,Guatemala,Nicaragua,3,0,Friendly,Guatemala,False
2014-08-16,British Virgin Islands,Saint Martin,2,4,Friendly,British Virgin Islands,False
2014-08-20,Azerbaijan,Uzbekistan,0,0,Friendly,Azerbaijan,False
2014-08-20,Panama,Cuba,4,0,Friendly,Panama,False
2014-08-23,Guatemala,Cuba,1,0,Friendly,Guatemala,False
2014-08-24,French Guiana,Suriname,0,1,Friendly,French Guiana,False
2014-08-26,Seychelles,Sri Lanka,1,2,Friendly,Seychelles,False
2014-08-27,Norway,United Arab Emirates,0,0,Friendly,Norway,False
2014-08-28,Seychelles,Sri Lanka,3,0,Friendly,Seychelles,False
2014-08-30,Egypt,Kenya,1,0,Friendly,Egypt,False
2014-08-30,El Salvador,Dominican Republic,2,0,Friendly,El Salvador,False
2014-08-31,Zambia,Sudan,3,1,Friendly,Zambia,False
2014-09-02,Niger,Uganda,2,0,Friendly,Niger,False
2014-09-03,Philippines,Taiwan,5,1,Friendly tournament,Philippines,False
2014-09-03,Myanmar,Palestine,4,1,Friendly tournament,Philippines,True
2014-09-03,Ireland,Oman,2,0,Friendly,Ireland,False
2014-09-03,Morocco,Qatar,0,0,Friendly,Morocco,False
2014-09-03,Lithuania,United Arab Emirates,1,1,Friendly,Austria,True
2014-09-03,Czechia,United States,0,1,Friendly,Czechia,False
2014-09-03,Costa Rica,Nicaragua,3,0,CONCACAF Ch q & C Am Cup,United States,True
2014-09-03,Guatemala,El Salvador,2,1,CONCACAF Ch q & C Am Cup,United States,True
2014-09-03,Puerto Rico,Curaçao,2,2,CONCACAF Ch & Car Ch q,Puerto Rico,False
2014-09-03,Honduras,Belize,2,0,CONCACAF Ch q & C Am Cup,United States,True
2014-09-03,Dominica,Guyana,0,0,CONCACAF Ch & Car Ch q,Saint Kitts and Nevis,True
2014-09-03,Barbados,Suriname,1,1,CONCACAF Ch & Car Ch q,Martinique,True
2014-09-03,Martinique,Bonaire,6,0,CONCACAF Ch & Car Ch q,Martinique,False
2014-09-03,French Guiana,Grenada,1,1,CONCACAF Ch & Car Ch q,Puerto Rico,True
2014-09-03,Saint Kitts and Nevis,Saint Lucia,0,0,CONCACAF Ch & Car Ch q,Saint Kitts and Nevis,False
2014-09-03,St Vincent & Grenadines,Dominican Republic,1,0,CONCACAF Ch & Car Ch q,Antigua and Barbuda,True
2014-09-03,Antigua and Barbuda,Anguilla,6,0,CONCACAF Ch & Car Ch q,Antigua and Barbuda,False
2014-09-03,Germany,Argentina,2,4,Friendly,Germany,False
2014-09-03,England,Norway,1,0,Friendly,England,False
2014-09-03,Russia,Azerbaijan,4,0,Friendly,Russia,False
2014-09-03,Denmark,Turkey,1,2,Friendly,Denmark,False
2014-09-03,Latvia,Armenia,2,0,Friendly,Latvia,False
2014-09-03,Ukraine,Moldova,1,0,Friendly,Ukraine,False
2014-09-04,Belgium,Australia,2,0,Friendly,Belgium,False
2014-09-04,China,Kuwait,3,1,Friendly,China,False
2014-09-04,Peru,Iraq,2,0,Friendly,United Arab Emirates,True
2014-09-04,Uzbekistan,Jordan,2,0,Friendly,Uzbekistan,False
2014-09-04,Belarus,Tajikistan,6,1,Friendly,Belarus,False
2014-09-04,France,Spain,1,0,Friendly,France,False
2014-09-04,Italy,Netherlands,2,0,Friendly,Italy,False
2014-09-04,Sweden,Estonia,2,0,Friendly,Sweden,False
2014-09-04,Slovakia,Malta,1,0,Friendly,Slovakia,False
2014-09-04,Croatia,Cyprus,2,0,Friendly,Croatia,False
2014-09-04,Bosnia and Herzegovina,Liechtenstein,3,0,Friendly,Bosnia and Herzegovina,False
2014-09-05,Japan,Uruguay,0,2,Friendly,Japan,False
2014-09-05,South Korea,Venezuela,3,1,Friendly,South Korea,False
2014-09-05,Kazakhstan,Kyrgyzstan,7,1,Friendly,Kazakhstan,False
2014-09-05,Senegal,Egypt,2,0,African Nations Cup qualifier,Senegal,False
2014-09-05,Sudan,South Africa,0,3,African Nations Cup qualifier,Sudan,False
2014-09-05,Guinea,Togo,2,1,African Nations Cup qualifier,Morocco,True
2014-09-05,Curaçao,Grenada,2,1,CONCACAF Ch & Car Ch q,Puerto Rico,True
2014-09-05,Saint Lucia,Guyana,2,0,CONCACAF Ch & Car Ch q,Saint Kitts and Nevis,True
2014-09-05,Martinique,Barbados,3,2,CONCACAF Ch & Car Ch q,Martinique,False
2014-09-05,Saint Kitts and Nevis,Dominica,5,0,CONCACAF Ch & Car Ch q,Saint Kitts and Nevis,False
2014-09-05,Bonaire,Suriname,3,2,CONCACAF Ch & Car Ch q,Martinique,True
2014-09-05,Puerto Rico,French Guiana,1,2,CONCACAF Ch & Car Ch q,Puerto Rico,False
2014-09-05,Antigua and Barbuda,Dominican Republic,2,1,CONCACAF Ch & Car Ch q,Antigua and Barbuda,False
2014-09-05,St Vincent & Grenadines,Anguilla,4,0,CONCACAF Ch & Car Ch q,Antigua and Barbuda,True
2014-09-05,Brazil,Colombia,1,0,Friendly,United States,True
2014-09-06,Philippines,Myanmar,2,3,Friendly tournament,Philippines,False
2014-09-06,Vietnam,Hong Kong,3,1,Friendly,Vietnam,False
2014-09-06,Palestine,Taiwan,7,3,Friendly tournament,Philippines,True
2014-09-06,Singapore,Papua New Guinea,2,1,Friendly,Singapore,False
2014-09-06,Ghana,Uganda,1,1,African Nations Cup qualifier,Ghana,False
2014-09-06,Zambia,Mozambique,0,0,African Nations Cup qualifier,Zambia,False
2014-09-06,Ethiopia,Algeria,1,2,African Nations Cup qualifier,Ethiopia,False
2014-09-06,DR Congo,Cameroon,0,2,African Nations Cup qualifier,DR Congo,False
2014-09-06,Ivory Coast,Sierra Leone,2,1,African Nations Cup qualifier,Ivory Coast,False
2014-09-06,Nigeria,Congo,2,3,African Nations Cup qualifier,Nigeria,False
2014-09-06,Tunisia,Botswana,2,1,African Nations Cup qualifier,Tunisia,False
2014-09-06,Niger,Cape Verde,1,3,African Nations Cup qualifier,Niger,False
2014-09-06,Gabon,Angola,1,0,African Nations Cup qualifier,Gabon,False
2014-09-06,Burkina Faso,Lesotho,2,0,African Nations Cup qualifier,Burkina Faso,False
2014-09-06,Chile,Mexico,0,0,Friendly,United States,True
2014-09-06,Trinidad and Tobago,Guadeloupe,1,1,Friendly,Trinidad and Tobago,False
2014-09-06,Ecuador,Bolivia,4,0,Friendly,United States,True
2014-09-07,Kosovo,Oman,1,0,Friendly,Kosovo,False
2014-09-07,Paraguay,United Arab Emirates,0,0,Friendly,Austria,True
2014-09-07,Burundi,Tanzania,2,0,Friendly,Burundi,False
2014-09-07,Morocco,Libya,3,0,Friendly,Morocco,False
2014-09-07,Mali,Malawi,2,0,African Nations Cup qualifier,Mali,False
2014-09-07,Costa Rica,Panama,2,2,CONCACAF Ch q & C Am Cup,United States,True
2014-09-07,El Salvador,Honduras,1,0,CONCACAF Ch q & C Am Cup,United States,True
2014-09-07,Guatemala,Belize,2,1,CONCACAF Ch q & C Am Cup,United States,True
2014-09-07,Curaçao,French Guiana,0,0,CONCACAF Ch & Car Ch q,Puerto Rico,True
2014-09-07,Saint Kitts and Nevis,Guyana,2,0,CONCACAF Ch & Car Ch q,Saint Kitts and Nevis,False
2014-09-07,Barbados,Bonaire,4,1,CONCACAF Ch & Car Ch q,Martinique,True
2014-09-07,Martinique,Suriname,0,0,CONCACAF Ch & Car Ch q,Martinique,False
2014-09-07,Saint Lucia,Dominica,2,1,CONCACAF Ch & Car Ch q,Saint Kitts and Nevis,True
2014-09-07,Puerto Rico,Grenada,2,2,CONCACAF Ch & Car Ch q,Puerto Rico,False
2014-09-07,Dominican Republic,Anguilla,10,0,CONCACAF Ch & Car Ch q,Antigua and Barbuda,True
2014-09-07,Antigua and Barbuda,St Vincent & Grenadines,2,1,CONCACAF Ch & Car Ch q,Antigua and Barbuda,False
2014-09-07,Germany,Scotland,2,1,European Championship qual,Germany,False
2014-09-07,Hungary,Northern Ireland,1,2,European Championship qual,Hungary,False
2014-09-07,Serbia,France,1,1,Friendly,Serbia,False
2014-09-07,Faroe Islands,Finland,1,3,European Championship qual,Faroe Islands,False
2014-09-07,Denmark,Armenia,2,1,European Championship qual,Denmark,False
2014-09-07,Poland,Gibraltar,7,0,European Championship qual,Portugal,True
2014-09-07,Portugal,Albania,0,1,European Championship qual,Portugal,False
2014-09-07,Greece,Romania,0,1,European Championship qual,Greece,False
2014-09-07,Georgia,Ireland,1,2,European Championship qual,Georgia,False
2014-09-08,Australia,Saudi Arabia,3,2,Friendly,England,True
2014-09-08,South Korea,Uruguay,0,1,Friendly,South Korea,False
2014-09-08,Uzbekistan,New Zealand,3,1,Friendly,Uzbekistan,False
2014-09-08,Switzerland,England,0,2,European Championship qual,Switzerland,False
2014-09-08,Austria,Sweden,1,1,European Championship qual,Austria,False
2014-09-08,Luxembourg,Belarus,1,1,European Championship qual,Luxembourg,False
2014-09-08,Russia,Liechtenstein,4,0,European Championship qual,Russia,False
2014-09-08,Estonia,Slovenia,1,0,European Championship qual,Estonia,False
2014-09-08,Spain,Macedonia,5,1,European Championship qual,Spain,False
2014-09-08,San Marino,Lithuania,0,2,European Championship qual,San Marino,False
2014-09-08,Ukraine,Slovakia,0,1,European Championship qual,Ukraine,False
2014-09-08,Montenegro,Moldova,2,0,European Championship qual,Montenegro,False
2014-09-09,Japan,Venezuela,2,2,Friendly,Japan,False
2014-09-09,China,Jordan,1,1,Friendly,China,False
2014-09-09,Indonesia,Yemen,0,0,Friendly,Indonesia,False
2014-09-09,Singapore,Hong Kong,0,0,Friendly,Singapore,False
2014-09-09,Kuwait,Bahrain,0,1,Friendly,Kuwait,False
2014-09-09,Qatar,Peru,0,2,Friendly,Qatar,False
2014-09-09,Canada,Jamaica,3,1,Friendly,Canada,False
2014-09-09,Mexico,Bolivia,1,0,Friendly,United States,True
2014-09-09,Chile,Haiti,1,0,Friendly,United States,True
2014-09-09,Brazil,Ecuador,1,0,Friendly,United States,True
2014-09-09,Andorra,Wales,1,2,European Championship qual,Andorra,False
2014-09-09,Czechia,Netherlands,2,1,European Championship qual,Czechia,False
2014-09-09,Norway,Italy,0,2,European Championship qual,Norway,False
2014-09-09,Kazakhstan,Latvia,0,0,European Championship qual,Kazakhstan,False
2014-09-09,Iceland,Turkey,3,0,European Championship qual,Iceland,False
2014-09-09,Azerbaijan,Bulgaria,1,2,European Championship qual,Azerbaijan,False
2014-09-09,Croatia,Malta,2,0,European Championship qual,Croatia,False
2014-09-09,Bosnia and Herzegovina,Cyprus,1,2,European Championship qual,Bosnia and Herzegovina,False
2014-09-10,Egypt,Tunisia,0,1,African Nations Cup qualifier,Egypt,False
2014-09-10,South Africa,Nigeria,0,0,African Nations Cup qualifier,South Africa,False
2014-09-10,Uganda,Guinea,2,0,African Nations Cup qualifier,Uganda,False
2014-09-10,Cape Verde,Zambia,2,1,African Nations Cup qualifier,Cape Verde,False
2014-09-10,Malawi,Ethiopia,3,2,African Nations Cup qualifier,Malawi,False
2014-09-10,DR Congo,Sierra Leone,2,0,African Nations Cup qualifier,DR Congo,False
2014-09-10,Togo,Ghana,2,3,African Nations Cup qualifier,Togo,False
2014-09-10,Congo,Sudan,2,0,African Nations Cup qualifier,Congo,False
2014-09-10,Cameroon,Ivory Coast,4,1,African Nations Cup qualifier,Cameroon,False
2014-09-10,Algeria,Mali,1,0,African Nations Cup qualifier,Algeria,False
2014-09-10,Lesotho,Gabon,1,1,African Nations Cup qualifier,Lesotho,False
2014-09-10,Angola,Burkina Faso,0,3,African Nations Cup qualifier,Angola,False
2014-09-10,Botswana,Senegal,0,2,African Nations Cup qualifier,Botswana,False
2014-09-10,Mozambique,Niger,1,1,African Nations Cup qualifier,Mozambique,False
2014-09-10,Namibia,Swaziland,1,1,Friendly,Namibia,False
2014-09-10,El Salvador,Belize,2,0,CONCACAF Ch q & C Am Cup,United States,True
2014-09-10,Guatemala,Honduras,2,0,CONCACAF Ch q & C Am Cup,United States,True
2014-09-10,Panama,Nicaragua,2,0,CONCACAF Ch q & C Am Cup,United States,True
2014-09-13,Costa Rica,Guatemala,2,1,Central American Cup,United States,True
2014-09-13,Panama,El Salvador,1,0,Central American Cup,United States,True
2014-09-13,Honduras,Nicaragua,1,0,CONCACAF Ch q & C Am Cup,United States,True
2014-09-14,Indonesia,Malaysia,2,0,Friendly,Indonesia,False
2014-09-20,Malaysia,Cambodia,4,1,Friendly,Malaysia,False
2014-09-21,British Virgin Islands,St Vincent & Grenadines,0,6,Friendly,British Virgin Islands,False
2014-09-25,Indonesia,Cambodia,1,0,Friendly,Indonesia,False
2014-10-06,India,Palestine,2,3,Friendly,India,False
2014-10-06,Qatar,Uzbekistan,3,0,Friendly,Qatar,False
2014-10-08,Taiwan,Cambodia,0,2,Friendly,Taiwan,False
2014-10-08,Curaçao,Martinique,1,1,CONCACAF Ch & Car Ch q,Guadeloupe,True
2014-10-08,Haiti,French Guiana,2,2,CONCACAF Ch & Car Ch q,Haiti,False
2014-10-08,Trinidad and Tobago,Dominican Republic,6,1,CONCACAF Ch & Car Ch q,Trinidad and Tobago,False
2014-10-08,Barbados,Saint Kitts and Nevis,3,2,CONCACAF Ch & Car Ch q,Haiti,True
2014-10-08,Guadeloupe,St Vincent & Grenadines,3,1,CONCACAF Ch & Car Ch q,Guadeloupe,False
2014-10-08,Antigua and Barbuda,Saint Lucia,2,1,CONCACAF Ch & Car Ch q,Trinidad and Tobago,True
2014-10-09,Qatar,Lebanon,5,0,Friendly,Qatar,False
2014-10-09,Morocco,Central African Republic,4,0,Friendly,Morocco,False
2014-10-09,Mexico,Honduras,2,0,Friendly,Mexico,False
2014-10-09,England,San Marino,5,0,European Championship qual,England,False
2014-10-09,Moldova,Austria,1,2,European Championship qual,Moldova,False
2014-10-09,Slovenia,Switzerland,1,0,European Championship qual,Slovenia,False
2014-10-09,Sweden,Russia,1,1,European Championship qual,Sweden,False
2014-10-09,Macedonia,Luxembourg,3,2,European Championship qual,Macedonia,False
2014-10-09,Lithuania,Estonia,1,0,European Championship qual,Lithuania,False
2014-10-09,Slovakia,Spain,2,1,European Championship qual,Slovakia,False
2014-10-09,Belarus,Ukraine,0,2,European Championship qual,Belarus,False
2014-10-09,Liechtenstein,Montenegro,0,0,European Championship qual,Liechtenstein,False
2014-10-10,Japan,Jamaica,1,0,Friendly,Japan,False
2014-10-10,United Arab Emirates,Australia,0,0,Friendly,United Arab Emirates,False
2014-10-10,China,Thailand,3,0,Friendly,China,False
2014-10-10,South Korea,Paraguay,2,0,Friendly,South Korea,False
2014-10-10,Hong Kong,Singapore,2,1,Friendly,Hong Kong,False
2014-10-10,Iraq,Yemen,1,1,Friendly,Bahrain,True
2014-10-10,Jordan,Kuwait,0,1,Friendly,Jordan,False
2014-10-10,Saudi Arabia,Uruguay,1,1,Friendly,Saudi Arabia,False
2014-10-10,Bahrain,Uzbekistan,0,0,Friendly,United Arab Emirates,True
2014-10-10,Oman,Costa Rica,3,4,Friendly,Oman,False
2014-10-10,Botswana,Egypt,0,2,African Nations Cup qualifier,Botswana,False
2014-10-10,Senegal,Tunisia,0,0,African Nations Cup qualifier,Senegal,False
2014-10-10,Lesotho,Angola,0,0,African Nations Cup qualifier,Lesotho,False
2014-10-10,United States,Ecuador,1,1,Friendly,United States,False
2014-10-10,Colombia,El Salvador,3,0,Friendly,United States,True
2014-10-10,St Vincent & Grenadines,Curaçao,1,0,CONCACAF Ch & Car Ch q,Guadeloupe,True
2014-10-10,Haiti,Barbados,4,2,CONCACAF Ch & Car Ch q,Haiti,False
2014-10-10,Trinidad and Tobago,Saint Lucia,2,0,CONCACAF Ch & Car Ch q,Trinidad and Tobago,False
2014-10-10,Guadeloupe,Martinique,1,2,CONCACAF Ch & Car Ch q,Guadeloupe,False
2014-10-10,Saint Kitts and Nevis,French Guiana,2,1,CONCACAF Ch & Car Ch q,Haiti,True
2014-10-10,Antigua and Barbuda,Dominican Republic,0,0,CONCACAF Ch & Car Ch q,Trinidad and Tobago,True
2014-10-10,Chile,Peru,3,0,Friendly,Chile,False
2014-10-10,Wales,Bosnia and Herzegovina,0,0,European Championship qual,Wales,False
2014-10-10,Belgium,Andorra,6,0,European Championship qual,Belgium,False
2014-10-10,Netherlands,Kazakhstan,3,1,European Championship qual,Netherlands,False
2014-10-10,Malta,Norway,0,3,European Championship qual,Malta,False
2014-10-10,Italy,Azerbaijan,2,1,European Championship qual,Italy,False
2014-10-10,Latvia,Iceland,0,3,European Championship qual,Latvia,False
2014-10-10,Turkey,Czechia,1,2,European Championship qual,Turkey,False
2014-10-10,Bulgaria,Croatia,0,1,European Championship qual,Bulgaria,False
2014-10-10,Cyprus,Israel,1,2,European Championship qual,Cyprus,False
2014-10-11,Congo,South Africa,0,2,African Nations Cup qualifier,Congo,False
2014-10-11,Uganda,Togo,0,1,African Nations Cup qualifier,Uganda,False
2014-10-11,Niger,Zambia,0,0,African Nations Cup qualifier,Niger,False
2014-10-11,Ethiopia,Mali,0,2,African Nations Cup qualifier,Ethiopia,False
2014-10-11,DR Congo,Ivory Coast,1,2,African Nations Cup qualifier,DR Congo,False
2014-10-11,Cameroon,Sierra Leone,0,0,African Nations Cup qualifier,Cameroon,False
2014-10-11,Sudan,Nigeria,1,0,African Nations Cup qualifier,Sudan,False
2014-10-11,Ghana,Guinea,1,1,African Nations Cup qualifier,Morocco,True
2014-10-11,Malawi,Algeria,0,2,African Nations Cup qualifier,Malawi,False
2014-10-11,Mozambique,Cape Verde,2,0,African Nations Cup qualifier,Mozambique,False
2014-10-11,Gabon,Burkina Faso,2,0,African Nations Cup qualifier,Gabon,False
2014-10-11,Brazil,Argentina,2,0,Friendly tournament,China,True
2014-10-11,Scotland,Georgia,1,0,European Championship qual,Scotland,False
2014-10-11,Northern Ireland,Faroe Islands,2,0,European Championship qual,Northern Ireland,False
2014-10-11,Romania,Hungary,1,1,European Championship qual,Romania,False
2014-10-11,France,Portugal,2,1,Friendly,France,False
2014-10-11,Poland,Germany,2,0,European Championship qual,Poland,False
2014-10-11,Finland,Greece,1,1,European Championship qual,Finland,False
2014-10-11,Albania,Denmark,1,1,European Championship qual,Albania,False
2014-10-11,Ireland,Gibraltar,7,0,European Championship qual,Ireland,False
2014-10-11,Armenia,Serbia,1,1,European Championship qual,Armenia,False
2014-10-12,Philippines,Papua New Guinea,5,0,Friendly,Philippines,False
2014-10-12,Pakistan,Palestine,0,2,Friendly,Pakistan,False
2014-10-12,Laos,Cambodia,3,2,Southeast Asian Champ qual,Laos,False
2014-10-12,East Timor,Brunei,4,2,Southeast Asian Champ qual,Laos,True
2014-10-12,Tanzania,Benin,4,1,Friendly,Tanzania,False
2014-10-12,Mexico,Panama,1,0,Friendly,Mexico,False
2014-10-12,Guadeloupe,Curaçao,0,1,CONCACAF Ch & Car Ch q,Guadeloupe,False
2014-10-12,Haiti,Saint Kitts and Nevis,0,0,CONCACAF Ch & Car Ch q,Haiti,False
2014-10-12,Trinidad and Tobago,Antigua and Barbuda,1,0,CONCACAF Ch & Car Ch q,Trinidad and Tobago,False
2014-10-12,French Guiana,Barbados,2,0,CONCACAF Ch & Car Ch q,Haiti,True
2014-10-12,Martinique,St Vincent & Grenadines,4,3,CONCACAF Ch & Car Ch q,Guadeloupe,True
2014-10-12,Dominican Republic,Saint Lucia,3,2,CONCACAF Ch & Car Ch q,Trinidad and Tobago,True
2014-10-12,Estonia,England,0,1,European Championship qual,Estonia,False
2014-10-12,Austria,Montenegro,1,0,European Championship qual,Austria,False
2014-10-12,Sweden,Liechtenstein,2,0,European Championship qual,Sweden,False
2014-10-12,Luxembourg,Spain,0,4,European Championship qual,Luxembourg,False
2014-10-12,Russia,Moldova,1,1,European Championship qual,Russia,False
2014-10-12,Lithuania,Slovenia,0,2,European Championship qual,Lithuania,False
2014-10-12,Belarus,Slovakia,1,3,European Championship qual,Belarus,False
2014-10-12,Ukraine,Macedonia,1,0,European Championship qual,Ukraine,False
2014-10-13,Jordan,Kuwait,1,1,Friendly,Jordan,False
2014-10-13,Oman,Uruguay,0,3,Friendly,Oman,False
2014-10-13,Morocco,Kenya,3,0,Friendly,Morocco,False
2014-10-13,Wales,Cyprus,2,1,European Championship qual,Wales,False
2014-10-13,Bosnia and Herzegovina,Belgium,1,1,European Championship qual,Bosnia and Herzegovina,False
2014-10-13,Iceland,Netherlands,2,0,European Championship qual,Iceland,False
2014-10-13,Norway,Bulgaria,2,1,European Championship qual,Norway,False
2014-10-13,Malta,Italy,0,1,European Championship qual,Malta,False
2014-10-13,Latvia,Turkey,1,1,European Championship qual,Latvia,False
2014-10-13,Andorra,Israel,1,4,European Championship qual,Andorra,False
2014-10-13,Croatia,Azerbaijan,6,0,European Championship qual,Croatia,False
2014-10-13,Kazakhstan,Czechia,2,4,European Championship qual,Kazakhstan,False
2014-10-14,Brazil,Japan,4,0,Friendly,Singapore,True
2014-10-14,Qatar,Australia,1,0,Friendly,Qatar,False
2014-10-14,China,Paraguay,2,1,Friendly,China,False
2014-10-14,Saudi Arabia,Lebanon,1,1,Friendly,Saudi Arabia,False
2014-10-14,South Korea,Costa Rica,1,3,Friendly,South Korea,False
2014-10-14,Macao,Singapore,2,2,Friendly,Macao,False
2014-10-14,East Timor,Myanmar,0,0,Southeast Asian Champ qual,Laos,True
2014-10-14,Hong Kong,Argentina,0,7,Friendly,Hong Kong,False
2014-10-14,Bahrain,Iraq,0,0,Friendly,Bahrain,False
2014-10-14,Laos,Brunei,4,2,Southeast Asian Champ qual,Laos,False
2014-10-14,United Arab Emirates,Uzbekistan,0,4,Friendly,United Arab Emirates,False
2014-10-14,United States,Honduras,1,1,Friendly,United States,False
2014-10-14,Colombia,Canada,1,0,Friendly,United States,True
2014-10-14,Ecuador,El Salvador,5,1,Friendly,United States,True
2014-10-14,Peru,Guatemala,1,0,Friendly,Peru,False
2014-10-14,Chile,Bolivia,2,2,Friendly,Chile,False
2014-10-14,Poland,Scotland,2,2,European Championship qual,Poland,False
2014-10-14,Greece,Northern Ireland,0,2,European Championship qual,Greece,False
2014-10-14,Faroe Islands,Hungary,0,1,European Championship qual,Faroe Islands,False
2014-10-14,Armenia,France,0,3,Friendly,Armenia,False
2014-10-14,San Marino,Switzerland,0,4,European Championship qual,San Marino,False
2014-10-14,Germany,Ireland,1,1,European Championship qual,Germany,False
2014-10-14,Finland,Romania,0,2,European Championship qual,Finland,False
2014-10-14,Denmark,Portugal,0,1,European Championship qual,Denmark,False
2014-10-14,Serbia,Albania,0,0,European Championship qual,Serbia,False
2014-10-14,Georgia,Gibraltar,3,0,European Championship qual,Portugal,True
2014-10-15,Egypt,Botswana,2,0,African Nations Cup qualifier,Egypt,False
2014-10-15,South Africa,Congo,0,0,African Nations Cup qualifier,South Africa,False
2014-10-15,Togo,Uganda,1,0,African Nations Cup qualifier,Togo,False
2014-10-15,Zambia,Niger,3,0,African Nations Cup qualifier,Zambia,False
2014-10-15,Mali,Ethiopia,2,3,African Nations Cup qualifier,Mali,False
2014-10-15,Ivory Coast,DR Congo,3,4,African Nations Cup qualifier,Ivory Coast,False
2014-10-15,Cameroon,Sierra Leone,2,0,African Nations Cup qualifier,Cameroon,False
2014-10-15,Nigeria,Sudan,3,1,African Nations Cup qualifier,Nigeria,False
2014-10-15,Ghana,Guinea,3,1,African Nations Cup qualifier,Ghana,False
2014-10-15,Tunisia,Senegal,1,0,African Nations Cup qualifier,Tunisia,False
2014-10-15,Algeria,Malawi,3,0,African Nations Cup qualifier,Algeria,False
2014-10-15,Cape Verde,Mozambique,1,0,African Nations Cup qualifier,Cape Verde,False
2014-10-15,Burkina Faso,Gabon,1,1,African Nations Cup qualifier,Burkina Faso,False
2014-10-15,Angola,Lesotho,4,0,African Nations Cup qualifier,Angola,False
2014-10-16,Myanmar,Brunei,3,1,Southeast Asian Champ qual,Laos,True
2014-10-16,Cambodia,East Timor,3,2,Southeast Asian Champ qual,Laos,True
2014-10-18,Myanmar,Cambodia,1,0,Southeast Asian Champ qual,Laos,True
2014-10-18,Laos,East Timor,2,0,Southeast Asian Champ qual,Laos,False
2014-10-20,Laos,Myanmar,1,2,Southeast Asian Champ qual,Laos,False
2014-10-20,Cambodia,Brunei,1,0,Southeast Asian Champ qual,Laos,True
2014-10-24,Bangladesh,Sri Lanka,1,1,Friendly,Bangladesh,False
2014-10-27,Bangladesh,Sri Lanka,1,0,Friendly,Bangladesh,False
2014-10-31,Philippines,Nepal,3,0,Friendly,Qatar,True
2014-10-31,Kuwait,North Korea,1,0,Friendly,United Arab Emirates,True
2014-11-02,Bahrain,North Korea,2,2,Friendly,Bahrain,False
2014-11-04,Kuwait,Yemen,1,1,Friendly,United Arab Emirates,True
2014-11-06,United Arab Emirates,Lebanon,3,2,Friendly,Saudi Arabia,True
2014-11-06,Qatar,North Korea,3,1,Friendly,Qatar,False
2014-11-06,Saudi Arabia,Palestine,2,0,Friendly,Saudi Arabia,False
2014-11-07,Bahrain,Singapore,2,0,Friendly,Bahrain,False
2014-11-07,Oman,Yemen,2,0,Friendly,Oman,False
2014-11-09,Thailand,Philippines,3,0,Friendly,Thailand,False
2014-11-09,Vietnam,Palestine,1,3,Friendly,Vietnam,False
2014-11-09,Uganda,Ethiopia,3,0,Friendly,Uganda,False
2014-11-11,Indonesia,East Timor,4,0,Friendly,Indonesia,False
2014-11-11,Trinidad and Tobago,Curaçao,3,2,CONCACAF Ch q & Car Ch,Jamaica,True
2014-11-11,Cuba,French Guiana,1,1,CONCACAF Ch q & Car Ch,Jamaica,True
2014-11-12,Malaysia,Syria,0,3,Friendly,Malaysia,False
2014-11-12,Netherlands,Mexico,2,3,Friendly,Netherlands,False
2014-11-12,Antigua and Barbuda,Haiti,2,2,CONCACAF Ch q & Car Ch,Jamaica,True
2014-11-12,Jamaica,Martinique,1,1,CONCACAF Ch q & Car Ch,Jamaica,False
2014-11-12,Argentina,Croatia,2,1,Friendly,England,True
2014-11-12,Turkey,Brazil,0,4,Friendly,Turkey,False
2014-11-12,Belgium,Iceland,3,1,Friendly,Belgium,False
2014-11-12,Norway,Estonia,0,1,Friendly,Norway,False
2014-11-13,Taiwan,Guam,1,2,East Asian Championship qual,Taiwan,False
2014-11-13,North Korea,Hong Kong,2,1,East Asian Championship qual,Taiwan,True
2014-11-13,Singapore,Laos,2,0,Friendly,Singapore,False
2014-11-13,Saudi Arabia,Qatar,1,1,Gulf Cup,Saudi Arabia,False
2014-11-13,Bahrain,Yemen,0,0,Gulf Cup,Saudi Arabia,True
2014-11-13,Morocco,Benin,6,1,Friendly,Morocco,False
2014-11-13,Uruguay,Costa Rica,3,3,Friendly tournament,Uruguay,False
2014-11-13,Cuba,Curaçao,3,2,CONCACAF Ch q & Car Ch,Jamaica,True
2014-11-13,Trinidad and Tobago,French Guiana,4,2,CONCACAF Ch q & Car Ch,Jamaica,True
2014-11-14,Japan,Honduras,6,0,Friendly,Japan,False
2014-11-14,Philippines,Cambodia,3,0,Friendly,Philippines,False
2014-11-14,China,New Zealand,1,1,Friendly,China,False
2014-11-14,Jordan,South Korea,0,1,Friendly,Jordan,False
2014-11-14,Kuwait,Iraq,1,0,Gulf Cup,Saudi Arabia,True
2014-11-14,Oman,United Arab Emirates,0,0,Gulf Cup,Saudi Arabia,True
2014-11-14,Ivory Coast,Sierra Leone,5,1,African Nations Cup qualifier,Ivory Coast,False
2014-11-14,Botswana,Tunisia,0,0,African Nations Cup qualifier,Botswana,False
2014-11-14,Colombia,United States,2,1,Friendly,England,True
2014-11-14,El Salvador,Panama,1,3,Friendly,El Salvador,False
2014-11-14,Haiti,Martinique,3,0,CONCACAF Ch q & Car Ch,Jamaica,True
2014-11-14,Jamaica,Antigua and Barbuda,3,0,CONCACAF Ch q & Car Ch,Jamaica,False
2014-11-14,Chile,Venezuela,5,0,Friendly,Chile,False
2014-11-14,Paraguay,Peru,2,1,Friendly,Paraguay,False
2014-11-14,Scotland,Ireland,1,0,European Championship qual,Scotland,False
2014-11-14,Romania,Northern Ireland,2,0,European Championship qual,Romania,False
2014-11-14,Hungary,Finland,1,0,European Championship qual,Hungary,False
2014-11-14,France,Albania,1,1,Friendly,France,False
2014-11-14,Germany,Gibraltar,4,0,European Championship qual,Germany,False
2014-11-14,Serbia,Denmark,1,3,European Championship qual,Serbia,False
2014-11-14,Georgia,Poland,0,4,European Championship qual,Georgia,False
2014-11-14,Portugal,Armenia,1,0,European Championship qual,Portugal,False
2014-11-14,Greece,Faroe Islands,0,1,European Championship qual,Greece,False
2014-11-15,Indonesia,Syria,0,2,Friendly,Indonesia,False
2014-11-15,Egypt,Senegal,0,1,African Nations Cup qualifier,Egypt,False
2014-11-15,South Africa,Sudan,2,1,African Nations Cup qualifier,South Africa,False
2014-11-15,Uganda,Ghana,1,0,African Nations Cup qualifier,Uganda,False
2014-11-15,Mozambique,Zambia,0,1,African Nations Cup qualifier,Mozambique,False
2014-11-15,Algeria,Ethiopia,3,1,African Nations Cup qualifier,Algeria,False
2014-11-15,Cameroon,DR Congo,1,0,African Nations Cup qualifier,Cameroon,False
2014-11-15,Congo,Nigeria,0,2,African Nations Cup qualifier,Congo,False
2014-11-15,Togo,Guinea,1,4,African Nations Cup qualifier,Togo,False
2014-11-15,Malawi,Mali,2,0,African Nations Cup qualifier,Malawi,False
2014-11-15,Cape Verde,Niger,3,1,African Nations Cup qualifier,Cape Verde,False
2014-11-15,Angola,Gabon,0,0,African Nations Cup qualifier,Angola,False
2014-11-15,Lesotho,Burkina Faso,0,1,African Nations Cup qualifier,Lesotho,False
2014-11-15,French Guiana,Curaçao,4,1,CONCACAF Ch q & Car Ch,Jamaica,True
2014-11-15,Cuba,Trinidad and Tobago,0,0,CONCACAF Ch q & Car Ch,Jamaica,True
2014-11-15,England,Slovenia,3,1,European Championship qual,England,False
2014-11-15,Austria,Russia,1,0,European Championship qual,Austria,False
2014-11-15,Switzerland,Lithuania,4,0,European Championship qual,Switzerland,False
2014-11-15,Montenegro,Sweden,1,1,European Championship qual,Montenegro,False
2014-11-15,Luxembourg,Ukraine,0,3,European Championship qual,Luxembourg,False
2014-11-15,San Marino,Estonia,0,0,European Championship qual,San Marino,False
2014-11-15,Spain,Belarus,3,0,European Championship qual,Spain,False
2014-11-15,Macedonia,Slovakia,0,2,European Championship qual,Macedonia,False
2014-11-15,Moldova,Liechtenstein,0,1,European Championship qual,Moldova,False
2014-11-16,Vietnam,Malaysia,3,1,Friendly,Vietnam,False
2014-11-16,Taiwan,Hong Kong,0,1,East Asian Championship qual,Taiwan,False
2014-11-16,North Korea,Guam,5,1,East Asian Championship qual,Taiwan,True
2014-11-16,Saudi Arabia,Bahrain,3,0,Gulf Cup,Saudi Arabia,False
2014-11-16,Qatar,Yemen,0,0,Gulf Cup,Saudi Arabia,True
2014-11-16,Swaziland,Tanzania,1,1,Friendly,Swaziland,False
2014-11-16,Jamaica,Haiti,2,0,CONCACAF Ch q & Car Ch,Jamaica,False
2014-11-16,Martinique,Antigua and Barbuda,2,0,CONCACAF Ch q & Car Ch,Jamaica,True
2014-11-16,Belgium,Wales,0,0,European Championship qual,Belgium,False
2014-11-16,Netherlands,Latvia,6,0,European Championship qual,Netherlands,False
2014-11-16,Azerbaijan,Norway,0,1,European Championship qual,Azerbaijan,False
2014-11-16,Italy,Croatia,1,1,European Championship qual,Italy,False
2014-11-16,Turkey,Kazakhstan,3,1,European Championship qual,Turkey,False
2014-11-16,Bulgaria,Malta,1,1,European Championship qual,Bulgaria,False
2014-11-16,Israel,Bosnia and Herzegovina,3,0,European Championship qual,Israel,False
2014-11-16,Czechia,Iceland,2,1,European Championship qual,Czechia,False
2014-11-16,Cyprus,Andorra,5,0,European Championship qual,Cyprus,False
2014-11-17,Singapore,Cambodia,4,2,Friendly,Singapore,False
2014-11-17,Iraq,Oman,1,1,Gulf Cup,Saudi Arabia,True
2014-11-17,Kuwait,United Arab Emirates,2,2,Gulf Cup,Saudi Arabia,True
2014-11-18,Japan,Australia,2,1,Friendly,Japan,False
2014-11-18,China,Honduras,0,0,Friendly,China,False
2014-11-18,Iran,South Korea,1,0,Friendly,Iran,False
2014-11-18,Thailand,New Zealand,2,0,Friendly,Thailand,False
2014-11-18,Estonia,Jordan,1,0,Friendly,Estonia,False
2014-11-18,Ireland,United States,4,1,Friendly,Ireland,False
2014-11-18,Panama,Canada,0,0,Friendly,Panama,False
2014-11-18,Nicaragua,El Salvador,0,2,Friendly,Nicaragua,False
2014-11-18,Belarus,Mexico,3,2,Friendly,Belarus,False
2014-11-18,Haiti,Cuba,2,1,Caribbean Championship,Jamaica,True
2014-11-18,Jamaica,Trinidad and Tobago,0,0,Caribbean Championship,Jamaica,False
2014-11-18,Chile,Uruguay,1,2,Friendly,Chile,False
2014-11-18,Portugal,Argentina,1,0,Friendly,England,True
2014-11-18,Austria,Brazil,1,2,Friendly,Austria,False
2014-11-18,Peru,Paraguay,2,1,Friendly,Peru,False
2014-11-18,Bolivia,Venezuela,3,2,Friendly,Bolivia,False
2014-11-18,Slovenia,Colombia,0,1,Friendly,Slovenia,False
2014-11-18,Scotland,England,1,3,Friendly,Scotland,False
2014-11-18,Hungary,Russia,1,2,Friendly,Hungary,False
2014-11-18,France,Sweden,1,0,Friendly,France,False
2014-11-18,Poland,Switzerland,2,2,Friendly,Poland,False
2014-11-18,Spain,Germany,0,1,Friendly,Spain,False
2014-11-18,Italy,Albania,1,0,Friendly,Italy,False
2014-11-18,Slovakia,Finland,2,1,Friendly,Slovakia,False
2014-11-18,Romania,Denmark,2,0,Friendly,Romania,False
2014-11-18,Ukraine,Lithuania,0,0,Friendly,Ukraine,False
2014-11-18,Greece,Serbia,0,2,Friendly,Greece,False
2014-11-19,Taiwan,North Korea,0,0,East Asian Championship qual,Taiwan,False
2014-11-19,Guam,Hong Kong,0,0,East Asian Championship qual,Taiwan,True
2014-11-19,Saudi Arabia,Yemen,1,0,Gulf Cup,Saudi Arabia,False
2014-11-19,Bahrain,Qatar,0,0,Gulf Cup,Saudi Arabia,True
2014-11-19,Tunisia,Egypt,2,1,African Nations Cup qualifier,Tunisia,False
2014-11-19,Nigeria,South Africa,2,2,African Nations Cup qualifier,Nigeria,False
2014-11-19,Guinea,Uganda,2,0,African Nations Cup qualifier,Morocco,True
2014-11-19,Zambia,Cape Verde,1,0,African Nations Cup qualifier,Zambia,False
2014-11-19,Ethiopia,Malawi,0,0,African Nations Cup qualifier,Ethiopia,False
2014-11-19,DR Congo,Sierra Leone,3,1,African Nations Cup qualifier,DR Congo,False
2014-11-19,Ghana,Togo,3,1,African Nations Cup qualifier,Ghana,False
2014-11-19,Sudan,Congo,0,1,African Nations Cup qualifier,Sudan,False
2014-11-19,Ivory Coast,Cameroon,0,0,African Nations Cup qualifier,Ivory Coast,False
2014-11-19,Mali,Algeria,2,0,African Nations Cup qualifier,Mali,False
2014-11-19,Gabon,Lesotho,4,2,African Nations Cup qualifier,Gabon,False
2014-11-19,Burkina Faso,Angola,1,1,African Nations Cup qualifier,Burkina Faso,False
2014-11-19,Senegal,Botswana,3,0,African Nations Cup qualifier,Senegal,False
2014-11-19,Niger,Mozambique,1,1,African Nations Cup qualifier,Niger,False
2014-11-20,United Arab Emirates,Iraq,2,0,Gulf Cup,Saudi Arabia,True
2014-11-20,Oman,Kuwait,5,0,Gulf Cup,Saudi Arabia,True
2014-11-22,Philippines,Laos,4,1,Southeast Asian Champ,Vietnam,True
2014-11-22,Vietnam,Indonesia,2,2,Southeast Asian Champ,Vietnam,False
2014-11-23,Malaysia,Myanmar,0,0,Southeast Asian Champ,Singapore,True
2014-11-23,Singapore,Thailand,1,2,Southeast Asian Champ,Singapore,False
2014-11-23,Saudi Arabia,United Arab Emirates,3,2,Gulf Cup,Saudi Arabia,False
2014-11-23,Qatar,Oman,3,1,Gulf Cup,Saudi Arabia,True
2014-11-25,Philippines,Indonesia,4,0,Southeast Asian Champ,Vietnam,True
2014-11-25,Vietnam,Laos,3,0,Southeast Asian Champ,Vietnam,False
2014-11-25,United Arab Emirates,Oman,1,0,Gulf Cup,Saudi Arabia,True
2014-11-26,Singapore,Myanmar,4,2,Southeast Asian Champ,Singapore,False
2014-11-26,Thailand,Malaysia,3,2,Southeast Asian Champ,Singapore,True
2014-11-26,Saudi Arabia,Qatar,1,2,Gulf Cup,Saudi Arabia,False
2014-11-28,Vietnam,Philippines,3,1,Southeast Asian Champ,Vietnam,False
2014-11-28,Indonesia,Laos,5,1,Southeast Asian Champ,Vietnam,True
2014-11-29,Thailand,Myanmar,2,0,Southeast Asian Champ,Singapore,True
2014-11-29,Singapore,Malaysia,1,3,Southeast Asian Champ,Singapore,False
2014-12-06,Philippines,Thailand,0,0,Southeast Asian Champ,Philippines,False
2014-12-07,Malaysia,Vietnam,1,2,Southeast Asian Champ,Malaysia,False
2014-12-10,Thailand,Philippines,3,0,Southeast Asian Champ,Thailand,False
2014-12-11,Vietnam,Malaysia,2,4,Southeast Asian Champ,Vietnam,False
2014-12-13,China,Kyrgyzstan,4,0,Friendly,China,False
2014-12-13,Uzbekistan,Palestine,1,0,Friendly,United Arab Emirates,True
2014-12-17,China,Kyrgyzstan,2,0,Friendly,China,False
2014-12-17,Thailand,Malaysia,2,0,Southeast Asian Champ,Thailand,False
2014-12-20,Malaysia,Thailand,3,2,Southeast Asian Champ,Malaysia,False
2014-12-21,China,Palestine,0,0,Friendly,China,False
2014-12-21,Uzbekistan,Jordan,2,1,Friendly,United Arab Emirates,True
2014-12-22,Iraq,Kuwait,1,1,Friendly,United Arab Emirates,True
2014-12-25,Uzbekistan,Iraq,1,0,Friendly,United Arab Emirates,True
2014-12-27,Qatar,Estonia,3,0,Friendly,Qatar,False
2014-12-28,Iraq,Uzbekistan,0,0,Friendly,United Arab Emirates,True
2014-12-30,United Arab Emirates,Jordan,1,0,Friendly,Australia,True
2014-12-30,Bahrain,Saudi Arabia,4,1,Friendly,Australia,True
2014-12-31,Oman,Qatar,2,2,Friendly,Australia,True
2015-01-03,China,Oman,4,1,Friendly,Australia,True
2015-01-04,Iran,Iraq,1,0,Friendly,Australia,True
2015-01-04,South Korea,Saudi Arabia,2,0,Friendly,Australia,True
2015-01-04,Bahrain,Jordan,1,0,Friendly,Australia,True
2015-01-04,South Africa,Zambia,1,0,Friendly,South Africa,False
2015-01-07,Cameroon,DR Congo,1,1,Friendly,Cameroon,False
2015-01-07,Cape Verde,Equatorial Guinea,1,1,Friendly,Portugal,True
2015-01-09,Australia,Kuwait,4,1,Asian Cup,Australia,False
2015-01-09,Senegal,Gabon,1,0,Friendly,Morocco,True
2015-01-10,China,Saudi Arabia,1,0,Asian Cup,Australia,True
2015-01-10,South Korea,Oman,1,0,Asian Cup,Australia,True
2015-01-10,Uzbekistan,North Korea,1,0,Asian Cup,Australia,True
2015-01-10,Cameroon,South Africa,1,1,Friendly,Gabon,True
2015-01-10,Cape Verde,Congo,3,2,Friendly,Senegal,True
2015-01-10,Burkina Faso,Swaziland,5,1,Friendly,South Africa,True
2015-01-11,Iran,Bahrain,2,0,Asian Cup,Australia,True
2015-01-11,United Arab Emirates,Qatar,4,1,Asian Cup,Australia,True
2015-01-11,Tunisia,Algeria,1,1,Friendly,Tunisia,False
2015-01-12,Japan,Palestine,4,0,Asian Cup,Australia,True
2015-01-12,Iraq,Jordan,1,0,Asian Cup,Australia,True
2015-01-13,Australia,Oman,4,0,Asian Cup,Australia,False
2015-01-13,South Korea,Kuwait,1,0,Asian Cup,Australia,True
2015-01-13,Senegal,Guinea,5,2,Friendly,Morocco,True
2015-01-14,China,Uzbekistan,2,1,Asian Cup,Australia,True
2015-01-14,Saudi Arabia,North Korea,4,1,Asian Cup,Australia,True
2015-01-14,South Africa,Mali,3,0,Friendly,Gabon,True
2015-01-15,Iran,Qatar,1,0,Asian Cup,Australia,True
2015-01-15,United Arab Emirates,Bahrain,2,1,Asian Cup,Australia,True
2015-01-15,Sweden,Ivory Coast,2,0,Friendly,United Arab Emirates,True
2015-01-16,Japan,Iraq,1,0,Asian Cup,Australia,True
2015-01-16,Jordan,Palestine,5,1,Asian Cup,Australia,True
2015-01-16,Iceland,Canada,2,1,Friendly,United States,True
2015-01-17,Australia,South Korea,0,1,Asian Cup,Australia,False
2015-01-17,Oman,Kuwait,1,0,Asian Cup,Australia,True
2015-01-17,Gabon,Burkina Faso,2,0,African Nations Cup,Equatorial Guinea,True
2015-01-17,Equatorial Guinea,Congo,1,1,African Nations Cup,Equatorial Guinea,False
2015-01-18,China,North Korea,2,1,Asian Cup,Australia,True
2015-01-18,Uzbekistan,Saudi Arabia,3,1,Asian Cup,Australia,True
2015-01-18,DR Congo,Zambia,1,1,African Nations Cup,Equatorial Guinea,True
2015-01-18,Cape Verde,Tunisia,1,1,African Nations Cup,Equatorial Guinea,True
2015-01-19,Iran,United Arab Emirates,1,0,Asian Cup,Australia,True
2015-01-19,Bahrain,Qatar,2,1,Asian Cup,Australia,True
2015-01-19,Algeria,South Africa,3,1,African Nations Cup,Equatorial Guinea,True
2015-01-19,Senegal,Ghana,2,1,African Nations Cup,Equatorial Guinea,True
2015-01-19,Canada,Iceland,1,1,Friendly,United States,True
2015-01-19,Finland,Sweden,1,0,Friendly,United Arab Emirates,True
2015-01-20,Japan,Jordan,2,0,Asian Cup,Australia,True
2015-01-20,Iraq,Palestine,2,0,Asian Cup,Australia,True
2015-01-20,Cameroon,Mali,1,1,African Nations Cup,Equatorial Guinea,True
2015-01-20,Guinea,Ivory Coast,1,1,African Nations Cup,Equatorial Guinea,True
2015-01-21,Congo,Gabon,1,0,African Nations Cup,Equatorial Guinea,True
2015-01-21,Equatorial Guinea,Burkina Faso,0,0,African Nations Cup,Equatorial Guinea,False
2015-01-22,Australia,China,2,0,Asian Cup,Australia,False
2015-01-22,South Korea,Uzbekistan,2,0,Asian Cup,Australia,True
2015-01-22,Finland,Yemen,0,0,Friendly,United Arab Emirates,True
2015-01-22,Tunisia,Zambia,2,1,African Nations Cup,Equatorial Guinea,True
2015-01-22,Cape Verde,DR Congo,0,0,African Nations Cup,Equatorial Guinea,True
2015-01-23,Japan,United Arab Emirates,1,1,Asian Cup,Australia,True
2015-01-23,Iran,Iraq,3,3,Asian Cup,Australia,True
2015-01-23,Senegal,South Africa,1,1,African Nations Cup,Equatorial Guinea,True
2015-01-23,Ghana,Algeria,1,0,African Nations Cup,Equatorial Guinea,True
2015-01-24,Cameroon,Guinea,1,1,African Nations Cup,Equatorial Guinea,True
2015-01-24,Ivory Coast,Mali,1,1,African Nations Cup,Equatorial Guinea,True
2015-01-25,Equatorial Guinea,Gabon,2,0,African Nations Cup,Equatorial Guinea,False
2015-01-25,Congo,Burkina Faso,2,1,African Nations Cup,Equatorial Guinea,True
2015-01-26,South Korea,Iraq,2,0,Asian Cup,Australia,True
2015-01-26,Cape Verde,Zambia,0,0,African Nations Cup,Equatorial Guinea,True
2015-01-26,DR Congo,Tunisia,1,1,African Nations Cup,Equatorial Guinea,True
2015-01-27,Australia,United Arab Emirates,2,0,Asian Cup,Australia,False
2015-01-27,Ghana,South Africa,2,1,African Nations Cup,Equatorial Guinea,True
2015-01-27,Algeria,Senegal,2,0,African Nations Cup,Equatorial Guinea,True
2015-01-28,Ivory Coast,Cameroon,1,0,African Nations Cup,Equatorial Guinea,True
2015-01-28,Guinea,Mali,1,1,African Nations Cup,Equatorial Guinea,True
2015-01-28,Chile,United States,3,2,Friendly,Chile,False
2015-01-30,United Arab Emirates,Iraq,3,2,Asian Cup,Australia,True
2015-01-30,Aruba,Curaçao,0,0,Friendly tournament,Suriname,True
2015-01-30,Suriname,Bonaire,3,0,Friendly tournament,Suriname,False
2015-01-31,Australia,South Korea,2,1,Asian Cup,Australia,False
2015-01-31,DR Congo,Congo,4,2,African Nations Cup,Equatorial Guinea,True
2015-01-31,Equatorial Guinea,Tunisia,2,1,African Nations Cup,Equatorial Guinea,False
2015-02-01,Ghana,Guinea,3,0,African Nations Cup,Equatorial Guinea,True
2015-02-01,Ivory Coast,Algeria,3,1,African Nations Cup,Equatorial Guinea,True
2015-02-01,Suriname,Aruba,1,0,Friendly tournament,Suriname,False
2015-02-01,Curaçao,Bonaire,4,1,Friendly tournament,Suriname,True
2015-02-01,Barbados,Guyana,2,2,Friendly,Barbados,False
2015-02-02,Bangladesh,Sri Lanka,1,0,Bangabandhu Gold Cup,Bangladesh,False
2015-02-04,Ivory Coast,DR Congo,3,1,African Nations Cup,Equatorial Guinea,True
2015-02-04,Honduras,Venezuela,2,3,Friendly,Honduras,False
2015-02-05,Equatorial Guinea,Ghana,0,3,African Nations Cup,Equatorial Guinea,False
2015-02-06,Pakistan,Afghanistan,2,1,Friendly,Pakistan,False
2015-02-07,Equatorial Guinea,DR Congo,0,0,African Nations Cup,Equatorial Guinea,False
2015-02-08,Ghana,Ivory Coast,0,0,African Nations Cup,Equatorial Guinea,True
2015-02-08,United States,Panama,2,0,Friendly,United States,False
2015-02-11,Venezuela,Honduras,2,1,Friendly,Venezuela,False
2015-02-18,Kazakhstan,Moldova,1,1,Friendly,Turkey,True
2015-02-28,Anguilla,British Virgin Islands,1,0,Friendly,Anguilla,False
2015-03-01,Anguilla,British Virgin Islands,3,1,Friendly,Anguilla,False
2015-03-06,Barbados,St Vincent & Grenadines,3,1,Friendly,Barbados,False
2015-03-06,Bermuda,Grenada,2,2,Friendly,Bermuda,False
2015-03-08,Barbados,St Vincent & Grenadines,2,2,Friendly,Barbados,False
2015-03-08,Bermuda,Grenada,2,0,Friendly,Bermuda,False
2015-03-08,Antigua and Barbuda,US Virgin Islands,2,0,Friendly,Antigua and Barbuda,False
2015-03-12,India,Nepal,2,0,World Cup and Asian Cup qual,India,False
2015-03-12,East Timor,Mongolia,4,1,World Cup and Asian Cup qual,East Timor,False
2015-03-12,Cambodia,Macao,3,0,World Cup and Asian Cup qual,Cambodia,False
2015-03-12,Taiwan,Brunei,0,1,World Cup and Asian Cup qual,Taiwan,False
2015-03-12,Yemen,Pakistan,3,1,World Cup and Asian Cup qual,Qatar,True
2015-03-12,Sri Lanka,Bhutan,0,1,World Cup and Asian Cup qual,Sri Lanka,False
2015-03-15,Antigua and Barbuda,Dominica,1,0,Friendly,Antigua and Barbuda,False
2015-03-17,Nepal,India,0,0,World Cup and Asian Cup qual,Nepal,False
2015-03-17,Mongolia,East Timor,0,1,World Cup and Asian Cup qual,Mongolia,False
2015-03-17,Macao,Cambodia,1,1,World Cup and Asian Cup qual,Macao,False
2015-03-17,Brunei,Taiwan,0,2,World Cup and Asian Cup qual,Brunei,False
2015-03-17,Bhutan,Sri Lanka,2,1,World Cup and Asian Cup qual,Bhutan,False
2015-03-22,Guyana,Saint Lucia,2,0,Friendly,Guyana,False
2015-03-22,Barbados,US Virgin Islands,0,1,World Cup qualifier,Barbados,False
2015-03-22,Antigua and Barbuda,British Virgin Islands,1,0,Friendly,Antigua and Barbuda,False
2015-03-23,Pakistan,Yemen,0,0,World Cup and Asian Cup qual,Bahrain,True
2015-03-23,Nicaragua,Anguilla,5,0,World Cup qualifier,Nicaragua,False
2015-03-23,Saint Kitts and Nevis,Turks and Caicos Islands,6,2,World Cup qualifier,Saint Kitts and Nevis,False
2015-03-25,Germany,Australia,2,2,Friendly,Germany,False
2015-03-25,Indonesia,Cameroon,0,1,Friendly,Indonesia,False
2015-03-25,Swaziland,South Africa,1,3,Friendly,Swaziland,False
2015-03-25,Nigeria,Uganda,0,1,Friendly,Nigeria,False
2015-03-25,Mauritius,Burundi,2,2,Friendly,Mauritius,False
2015-03-25,Gabon,Mali,4,3,Friendly,France,True
2015-03-25,Denmark,United States,3,2,Friendly,Denmark,False
2015-03-25,French Guiana,Honduras,3,1,CONCACAF Champ qual,French Guiana,False
2015-03-25,Dominican Republic,Cuba,0,3,Friendly,Dominican Republic,False
2015-03-25,Bahamas,Bermuda,0,5,World Cup qualifier,Bahamas,False
2015-03-25,Belize,Cayman Islands,0,0,World Cup qualifier,Belize,False
2015-03-25,Scotland,Northern Ireland,1,0,Friendly,Scotland,False
2015-03-25,Georgia,Malta,2,0,Friendly,Georgia,False
2015-03-26,Iran,Chile,2,0,Friendly,Austria,True
2015-03-26,Jordan,Syria,0,1,Friendly,Jordan,False
2015-03-26,Thailand,Singapore,2,0,Friendly,Thailand,False
2015-03-26,Oman,Malaysia,6,0,Friendly,Oman,False
2015-03-26,Bahrain,Colombia,0,6,Friendly,Bahrain,False
2015-03-26,Qatar,Algeria,1,0,Friendly,Qatar,False
2015-03-26,Maldives,Tajikistan,0,2,Friendly,Maldives,False
2015-03-26,Egypt,Equatorial Guinea,2,0,Friendly,Egypt,False
2015-03-26,Ivory Coast,Angola,2,0,Friendly,Ivory Coast,False
2015-03-26,Costa Rica,Paraguay,0,0,Friendly,Costa Rica,False
2015-03-26,US Virgin Islands,Barbados,0,4,World Cup qualifier,US Virgin Islands,False
2015-03-26,Dominica,British Virgin Islands,3,2,World Cup qualifier,Dominica,False
2015-03-26,Turks and Caicos Islands,Saint Kitts and Nevis,2,6,World Cup qualifier,Turks and Caicos Islands,False
2015-03-26,France,Brazil,1,3,Friendly,France,False
2015-03-27,Japan,Tunisia,2,0,Friendly,Japan,False
2015-03-27,China,Haiti,2,2,Friendly,China,False
2015-03-27,South Korea,Uzbekistan,1,1,Friendly,South Korea,False
2015-03-27,Gambia,Mauritania,1,0,Friendly,The Gambia,True
2015-03-27,Canada,Guatemala,1,0,Friendly,United States,True
2015-03-27,Curaçao,Montserrat,2,1,World Cup qualifier,Curaçao,False
2015-03-27,Jamaica,Venezuela,2,1,Friendly,Jamaica,False
2015-03-27,Trinidad and Tobago,Panama,0,1,Friendly,Trinidad and Tobago,False
2015-03-27,England,Lithuania,4,0,European Championship qual,England,False
2015-03-27,Liechtenstein,Austria,0,5,European Championship qual,Liechtenstein,False
2015-03-27,Switzerland,Estonia,3,0,European Championship qual,Switzerland,False
2015-03-27,Moldova,Sweden,0,2,European Championship qual,Moldova,False
2015-03-27,Slovakia,Luxembourg,3,0,European Championship qual,Slovakia,False
2015-03-27,Montenegro,Russia,0,0,European Championship qual,Montenegro,False
2015-03-27,Spain,Ukraine,1,0,European Championship qual,Spain,False
2015-03-27,Macedonia,Belarus,1,2,European Championship qual,Macedonia,False
2015-03-27,Slovenia,San Marino,6,0,European Championship qual,Slovenia,False
2015-03-28,Hong Kong,Guam,1,0,Friendly,Hong Kong,False
2015-03-28,Iraq,DR Congo,2,1,Friendly,United Arab Emirates,True
2015-03-28,Mauritius,Togo,1,1,Friendly,Mauritius,False
2015-03-28,Senegal,Ghana,2,1,Friendly,France,True
2015-03-28,Morocco,Uruguay,0,1,Friendly,Morocco,False
2015-03-28,Argentina,El Salvador,2,0,Friendly,United States,True
2015-03-28,Mexico,Ecuador,1,0,Friendly,United States,True
2015-03-28,Israel,Wales,0,3,European Championship qual,Israel,False
2015-03-28,Belgium,Cyprus,5,0,European Championship qual,Belgium,False
2015-03-28,Netherlands,Turkey,1,1,European Championship qual,Netherlands,False
2015-03-28,Croatia,Norway,5,1,European Championship qual,Croatia,False
2015-03-28,Bulgaria,Italy,2,2,European Championship qual,Bulgaria,False
2015-03-28,Czechia,Latvia,1,1,European Championship qual,Czechia,False
2015-03-28,Kazakhstan,Iceland,0,3,European Championship qual,Kazakhstan,False
2015-03-28,Azerbaijan,Malta,2,0,European Championship qual,Azerbaijan,False
2015-03-28,Andorra,Bosnia and Herzegovina,0,3,European Championship qual,Andorra,False
2015-03-29,South Africa,Nigeria,1,1,Friendly,South Africa,False
2015-03-29,Tanzania,Malawi,1,1,Friendly,Tanzania,False
2015-03-29,Zambia,Rwanda,2,0,Friendly,Zambia,False
2015-03-29,Ivory Coast,Equatorial Guinea,1,1,Friendly,Ivory Coast,False
2015-03-29,Botswana,Mozambique,1,2,Friendly,Botswana,False
2015-03-29,Honduras,French Guiana,3,0,CONCACAF Champ qual,Honduras,False
2015-03-29,Guyana,Grenada,2,0,Friendly,Guyana,False
2015-03-29,Anguilla,Nicaragua,0,3,World Cup qualifier,Anguilla,False
2015-03-29,Dominica,British Virgin Islands,0,0,World Cup qualifier,Dominica,False
2015-03-29,Bermuda,Bahamas,3,0,World Cup qualifier,Bermuda,False
2015-03-29,Cayman Islands,Belize,1,1,World Cup qualifier,Cayman Islands,False
2015-03-29,Brazil,Chile,1,0,Friendly,England,True
2015-03-29,Scotland,Gibraltar,6,1,European Championship qual,Scotland,False
2015-03-29,Northern Ireland,Finland,2,1,European Championship qual,Northern Ireland,False
2015-03-29,Hungary,Greece,0,0,European Championship qual,Hungary,False
2015-03-29,France,Denmark,2,0,Friendly,France,False
2015-03-29,Georgia,Germany,0,2,European Championship qual,Georgia,False
2015-03-29,Ireland,Poland,1,1,European Championship qual,Ireland,False
2015-03-29,Portugal,Serbia,2,1,European Championship qual,Portugal,False
2015-03-29,Romania,Faroe Islands,1,0,European Championship qual,Romania,False
2015-03-29,Albania,Armenia,2,1,European Championship qual,Albania,False
2015-03-30,Bahrain,Philippines,2,1,Friendly,Bahrain,False
2015-03-30,Macedonia,Australia,0,0,Friendly,Macedonia,False
2015-03-30,Indonesia,Myanmar,2,1,Friendly,Indonesia,False
2015-03-30,Thailand,Cameroon,2,3,Friendly,Thailand,False
2015-03-30,Colombia,Kuwait,3,1,Friendly,United Arab Emirates,True
2015-03-30,Saudi Arabia,Jordan,2,1,Friendly,Saudi Arabia,False
2015-03-30,Algeria,Oman,4,1,Friendly,Qatar,True
2015-03-30,Qatar,Slovenia,1,0,Friendly,Qatar,False
2015-03-30,Belarus,Gabon,0,0,Friendly,Turkey,True
2015-03-30,Puerto Rico,Canada,0,3,Friendly,Puerto Rico,False
2015-03-30,Jamaica,Cuba,3,0,Friendly,Jamaica,False
2015-03-31,Japan,Uzbekistan,5,1,Friendly,Japan,False
2015-03-31,China,Tunisia,1,1,Friendly,China,False
2015-03-31,Sweden,Iran,3,1,Friendly,Sweden,False
2015-03-31,South Korea,New Zealand,1,0,Friendly,South Korea,False
2015-03-31,Tajikistan,Syria,2,3,Friendly,Tajikistan,False
2015-03-31,Singapore,Guam,2,2,Friendly,Singapore,False
2015-03-31,Iraq,DR Congo,1,0,Friendly,United Arab Emirates,True
2015-03-31,Ghana,Mali,1,1,Friendly,France,True
2015-03-31,Portugal,Cape Verde,0,2,Friendly,Portugal,False
2015-03-31,Mauritania,Niger,2,0,Friendly,Mauritania,False
2015-03-31,Switzerland,United States,1,1,Friendly,Switzerland,False
2015-03-31,Panama,Costa Rica,2,1,Friendly,Panama,False
2015-03-31,El Salvador,Guatemala,0,0,Friendly,United States,True
2015-03-31,Mexico,Paraguay,1,0,Friendly,United States,True
2015-03-31,Montserrat,Curaçao,2,2,World Cup qualifier,Montserrat,False
2015-03-31,Argentina,Ecuador,2,1,Friendly,United States,True
2015-03-31,Venezuela,Peru,1,0,Friendly,United States,True
2015-03-31,Italy,England,1,1,Friendly,Italy,False
2015-03-31,Austria,Bosnia and Herzegovina,1,1,Friendly,Austria,False
2015-03-31,Israel,Belgium,0,1,European Championship qual,Israel,False
2015-03-31,Netherlands,Spain,2,0,Friendly,Netherlands,False
2015-03-31,Luxembourg,Turkey,1,2,Friendly,Luxembourg,False
2015-03-31,Russia,Kazakhstan,0,0,Friendly,Russia,False
2015-03-31,Estonia,Iceland,1,1,Friendly,Estonia,False
2015-03-31,Ukraine,Latvia,1,1,Friendly,Ukraine,False
2015-03-31,Slovakia,Czechia,1,0,Friendly,Slovakia,False
2015-03-31,Liechtenstein,San Marino,1,0,Friendly,Liechtenstein,False
2015-04-15,United States,Mexico,2,0,Friendly,United States,False
2015-04-30,Suriname,Guyana,1,0,Friendly,Suriname,False
2015-05-10,Zambia,Malawi,2,0,Friendly,Zambia,False
2015-05-10,Barbados,Saint Kitts and Nevis,1,3,Friendly,Barbados,False
2015-05-12,Kazakhstan,Burkina Faso,0,0,Friendly,Kazakhstan,False
2015-05-12,Saint Lucia,Dominica,1,1,Windward Islands Champ,Saint Lucia,False
2015-05-12,St Vincent & Grenadines,Grenada,3,2,Windward Islands Champ,Saint Lucia,True
2015-05-13,Dominican Republic,Cayman Islands,6,0,Friendly,Dominican Republic,False
2015-05-14,Lesotho,South Africa,0,0,Friendly,Lesotho,False
2015-05-14,Dominica,Grenada,2,1,Windward Islands Champ,Saint Lucia,True
2015-05-14,Saint Lucia,St Vincent & Grenadines,1,2,Windward Islands Champ,Saint Lucia,False
2015-05-16,Lesotho,South Africa,1,1,Friendly,Lesotho,False
2015-05-16,St Vincent & Grenadines,Dominica,1,0,Windward Islands Champ,Saint Lucia,True
2015-05-16,Saint Lucia,Grenada,0,2,Windward Islands Champ,Saint Lucia,False
2015-05-17,Vietnam,North Korea,1,1,Friendly,Vietnam,False
2015-05-17,Zimbabwe,Mauritius,2,0,COSAFA Cup,South Africa,True
2015-05-17,Namibia,Seychelles,0,0,COSAFA Cup,South Africa,True
2015-05-18,Swaziland,Tanzania,1,0,COSAFA Cup,South Africa,True
2015-05-18,Madagascar,Lesotho,2,1,COSAFA Cup,South Africa,True
2015-05-19,Zimbabwe,Seychelles,1,0,COSAFA Cup,South Africa,True
2015-05-19,Namibia,Mauritius,2,0,COSAFA Cup,South Africa,True
2015-05-20,Thailand,North Korea,0,1,Friendly,Thailand,False
2015-05-20,Madagascar,Tanzania,2,0,COSAFA Cup,South Africa,True
2015-05-20,Swaziland,Lesotho,2,0,COSAFA Cup,South Africa,True
2015-05-20,Curaçao,Suriname,3,2,Friendly,Netherlands,True
2015-05-21,Namibia,Zimbabwe,4,1,COSAFA Cup,South Africa,True
2015-05-21,Mauritius,Seychelles,1,0,COSAFA Cup,South Africa,True
2015-05-22,South Africa,Malawi,2,1,Friendly,South Africa,False
2015-05-22,Lesotho,Tanzania,1,0,COSAFA Cup,South Africa,True
2015-05-22,Madagascar,Swaziland,1,1,COSAFA Cup,South Africa,True
2015-05-24,Lebanon,Syria,2,2,Friendly,Lebanon,False
2015-05-24,Thailand,Vietnam,1,0,World Cup and Asian Cup qual,Thailand,False
2015-05-24,South Africa,Botswana,0,0,COSAFA Cup,South Africa,False
2015-05-24,Namibia,Zambia,0,0,COSAFA Cup,South Africa,True
2015-05-25,Madagascar,Ghana,2,1,COSAFA Cup,South Africa,True
2015-05-25,Malawi,Mozambique,2,2,COSAFA Cup,South Africa,True
2015-05-27,South Africa,Malawi,0,0,COSAFA Cup,South Africa,False
2015-05-27,Zambia,Ghana,3,0,COSAFA Cup,South Africa,True
2015-05-28,Namibia,Madagascar,3,2,COSAFA Cup,South Africa,True
2015-05-28,Mozambique,Botswana,2,1,COSAFA Cup,South Africa,True
2015-05-29,Laos,Afghanistan,0,2,Friendly,Laos,False
2015-05-29,Malawi,Zambia,1,0,COSAFA Cup,South Africa,True
2015-05-30,Jordan,Lebanon,0,0,Friendly,Jordan,False
2015-05-30,Bangladesh,Singapore,1,2,Friendly,Bangladesh,False
2015-05-30,Bahrain,Oman,0,0,Friendly,Bahrain,False
2015-05-30,Madagascar,Botswana,2,1,COSAFA Cup,South Africa,True
2015-05-30,Namibia,Mozambique,2,0,COSAFA Cup,South Africa,True
2015-05-30,Mexico,Guatemala,3,0,Friendly,Mexico,False
2015-05-31,Northern Ireland,Qatar,1,1,Friendly,England,True
2015-05-31,Honduras,El Salvador,2,0,Friendly,United States,True
2015-06-02,Bangladesh,Afghanistan,1,1,Friendly,Bangladesh,False
2015-06-02,Cambodia,Laos,1,1,Friendly,Cambodia,False
2015-06-03,Peru,Mexico,1,1,Friendly,Peru,False
2015-06-03,Panama,Ecuador,1,1,Friendly,Panama,False
2015-06-04,Ireland,Northern Ireland,0,0,Friendly,Ireland,False
2015-06-05,Oman,Syria,1,2,Friendly,Oman,False
2015-06-05,Cambodia,Myanmar,1,0,Friendly,Thailand,True
2015-06-05,Thailand,Bahrain,1,1,Friendly,Thailand,False
2015-06-05,Jordan,Kuwait,2,2,Friendly,Turkey,True
2015-06-05,Scotland,Qatar,1,0,Friendly,Scotland,False
2015-06-05,Netherlands,United States,3,4,Friendly,Netherlands,False
2015-06-05,Chile,El Salvador,1,0,Friendly,Chile,False
2015-06-05,Curaçao,Trinidad and Tobago,1,0,Friendly,Curaçao,False
2015-06-05,Bermuda,Puerto Rico,1,1,Friendly,Bermuda,False
2015-06-05,Hungary,Lithuania,4,0,Friendly,Hungary,False
2015-06-06,Malaysia,Hong Kong,0,0,Friendly,Malaysia,False
2015-06-06,Singapore,Brunei,5,1,Friendly,Singapore,False
2015-06-06,Rwanda,Kenya,0,0,Friendly tournament,Rwanda,False
2015-06-06,Libya,Mali,2,2,Friendly,Morocco,True
2015-06-06,Cameroon,Burkina Faso,3,2,Friendly,France,True
2015-06-06,Niger,Gabon,2,1,Friendly,Niger,False
2015-06-06,Chad,Guinea,2,1,Friendly,France,True
2015-06-06,Andorra,Equatorial Guinea,0,1,Friendly,Andorra,False
2015-06-06,Colombia,Costa Rica,1,0,Friendly,Argentina,True
2015-06-06,Uruguay,Guatemala,5,1,Friendly,Uruguay,False
2015-06-06,Paraguay,Honduras,2,2,Friendly,Paraguay,False
2015-06-06,Ecuador,Panama,4,0,Friendly,Ecuador,False
2015-06-06,Argentina,Bolivia,5,0,Friendly tournament,Argentina,False
2015-06-07,Kenya,South Sudan,2,0,Friendly tournament,Rwanda,True
2015-06-07,Ethiopia,Zambia,0,1,Friendly,Ethiopia,False
2015-06-07,Brazil,Mexico,2,0,Friendly,Brazil,False
2015-06-07,Nicaragua,Suriname,1,0,World Cup qualifier,Nicaragua,False
2015-06-07,Ireland,England,0,0,Friendly,Ireland,False
2015-06-07,France,Belgium,3,4,Friendly,France,False
2015-06-07,Russia,Belarus,4,2,Friendly,Russia,False
2015-06-07,Croatia,Gibraltar,4,0,Friendly,Croatia,False
2015-06-07,Serbia,Azerbaijan,4,1,Friendly,Austria,True
2015-06-08,Egypt,Malawi,2,1,Friendly,Egypt,False
2015-06-08,Ghana,Togo,1,0,Friendly,Ghana,False
2015-06-08,Norway,Sweden,0,0,Friendly,Norway,False
2015-06-08,Denmark,Montenegro,2,1,Friendly,Denmark,False
2015-06-08,Malta,Lithuania,2,0,Friendly,Malta,False
2015-06-08,Turkey,Bulgaria,4,0,Friendly,Turkey,False
2015-06-09,Uganda,Gambia,1,1,Friendly,Uganda,False
2015-06-09,Cameroon,DR Congo,1,1,Friendly,Belgium,True
2015-06-09,Finland,Estonia,0,2,Friendly,Finland,False
2015-06-09,Luxembourg,Moldova,0,0,Friendly,Luxembourg,False
2015-06-09,Ukraine,Georgia,2,1,Friendly,Austria,True
2015-06-10,Germany,United States,1,2,Friendly,Germany,False
2015-06-10,Aruba,Barbados,0,2,World Cup qualifier,Aruba,False
2015-06-10,Curaçao,Cuba,0,0,World Cup qualifier,Curaçao,False
2015-06-10,Brazil,Honduras,1,0,Friendly,Brazil,False
2015-06-10,St Vincent & Grenadines,Guyana,2,2,World Cup qualifier,St Vincent & Grenadines,False
2015-06-10,Antigua and Barbuda,Saint Lucia,1,3,World Cup qualifier,Antigua and Barbuda,False
2015-06-10,Switzerland,Liechtenstein,3,0,Friendly,Switzerland,False
2015-06-11,Japan,Iraq,4,0,Friendly,Japan,False
2015-06-11,Philippines,Bahrain,2,1,World Cup and Asian Cup qual,Philippines,False
2015-06-11,India,Oman,1,2,World Cup and Asian Cup qual,India,False
2015-06-11,Lebanon,Kuwait,0,1,World Cup and Asian Cup qual,Lebanon,False
2015-06-11,Syria,Afghanistan,6,0,World Cup and Asian Cup qual,Iran,True
2015-06-11,Uzbekistan,Iran,0,1,Friendly,Uzbekistan,False
2015-06-11,South Korea,United Arab Emirates,3,0,Friendly,Malaysia,True
2015-06-11,Laos,Myanmar,2,2,World Cup and Asian Cup qual,Laos,False
2015-06-11,Hong Kong,Bhutan,7,0,World Cup and Asian Cup qual,Hong Kong,False
2015-06-11,Cambodia,Singapore,0,4,World Cup and Asian Cup qual,Cambodia,False
2015-06-11,Malaysia,East Timor,1,1,World Cup and Asian Cup qual,Malaysia,False
2015-06-11,Bangladesh,Kyrgyzstan,1,3,World Cup and Asian Cup qual,Bangladesh,False
2015-06-11,North Korea,Yemen,1,0,World Cup and Asian Cup qual,Qatar,True
2015-06-11,Tajikistan,Jordan,1,3,World Cup and Asian Cup qual,Tajikistan,False
2015-06-11,Saudi Arabia,Palestine,3,2,World Cup and Asian Cup qual,Saudi Arabia,False
2015-06-11,Maldives,Qatar,0,1,World Cup and Asian Cup qual,Maldives,False
2015-06-11,Guam,Turkmenistan,1,0,World Cup and Asian Cup qual,Guam,False
2015-06-11,Dominica,Canada,0,2,World Cup qualifier,Dominica,False
2015-06-11,Spain,Costa Rica,2,1,Friendly,Spain,False
2015-06-11,Saint Kitts and Nevis,El Salvador,2,2,World Cup qualifier,Saint Kitts and Nevis,False
2015-06-11,Dominican Republic,Belize,1,2,World Cup qualifier,Dominican Republic,False
2015-06-11,Chile,Ecuador,2,0,Copa America,Chile,False
2015-06-12,Tunisia,Djibouti,8,1,African Nations Cup qualifier,Tunisia,False
2015-06-12,Morocco,Libya,1,0,African Nations Cup qualifier,Morocco,False
2015-06-12,Swaziland,Guinea,2,1,African Nations Cup qualifier,Morocco,True
2015-06-12,Guatemala,Bermuda,0,0,World Cup qualifier,Guatemala,False
2015-06-12,Bolivia,Mexico,0,0,Copa America,Chile,True
2015-06-12,Puerto Rico,Grenada,1,0,World Cup qualifier,Puerto Rico,False
2015-06-12,Wales,Belgium,1,0,European Championship qual,Wales,False
2015-06-12,Latvia,Netherlands,0,2,European Championship qual,Latvia,False
2015-06-12,Norway,Azerbaijan,0,0,European Championship qual,Norway,False
2015-06-12,Croatia,Italy,1,1,European Championship qual,Croatia,False
2015-06-12,Kazakhstan,Turkey,0,1,European Championship qual,Kazakhstan,False
2015-06-12,Malta,Bulgaria,0,1,European Championship qual,Malta,False
2015-06-12,Bosnia and Herzegovina,Israel,3,1,European Championship qual,Bosnia and Herzegovina,False
2015-06-12,Iceland,Czechia,2,1,European Championship qual,Iceland,False
2015-06-12,Andorra,Cyprus,1,3,European Championship qual,Andorra,False
2015-06-13,South Africa,Gambia,0,0,African Nations Cup qualifier,South Africa,False
2015-06-13,Uganda,Botswana,2,0,African Nations Cup qualifier,Uganda,False
2015-06-13,Malawi,Zimbabwe,1,2,African Nations Cup qualifier,Malawi,False
2015-06-13,Zambia,Guinea-Bissau,0,0,African Nations Cup qualifier,Zambia,False
2015-06-13,Nigeria,Chad,2,0,African Nations Cup qualifier,Nigeria,False
2015-06-13,Senegal,Burundi,3,1,African Nations Cup qualifier,Senegal,False
2015-06-13,Cape Verde,Sao Tome and Principe,7,1,African Nations Cup qualifier,Cape Verde,False
2015-06-13,Angola,Central African Republic,4,0,African Nations Cup qualifier,Angola,False
2015-06-13,Mali,South Sudan,2,0,African Nations Cup qualifier,Mali,False
2015-06-13,Burkina Faso,Comoros,2,0,African Nations Cup qualifier,Burkina Faso,False
2015-06-13,Algeria,Seychelles,4,0,African Nations Cup qualifier,Algeria,False
2015-06-13,Uruguay,Jamaica,1,0,Copa America,Chile,True
2015-06-13,Argentina,Paraguay,2,2,Copa America,Chile,True
2015-06-13,Ireland,Scotland,1,1,European Championship qual,Ireland,False
2015-06-13,Northern Ireland,Romania,0,0,European Championship qual,Northern Ireland,False
2015-06-13,Finland,Hungary,0,1,European Championship qual,Finland,False
2015-06-13,Albania,France,1,0,Friendly,Albania,False
2015-06-13,Germany,Gibraltar,7,0,European Championship qual,Portugal,True
2015-06-13,Denmark,Serbia,2,0,European Championship qual,Denmark,False
2015-06-13,Poland,Georgia,4,0,European Championship qual,Poland,False
2015-06-13,Armenia,Portugal,2,3,European Championship qual,Armenia,False
2015-06-13,Faroe Islands,Greece,2,1,European Championship qual,Faroe Islands,False
2015-06-14,Egypt,Tanzania,3,0,African Nations Cup qualifier,Egypt,False
2015-06-14,Congo,Kenya,1,1,African Nations Cup qualifier,Congo,False
2015-06-14,DR Congo,Madagascar,2,1,African Nations Cup qualifier,DR Congo,False
2015-06-14,Ghana,Mauritius,7,1,African Nations Cup qualifier,Ghana,False
2015-06-14,Ethiopia,Lesotho,2,1,African Nations Cup qualifier,Ethiopia,False
2015-06-14,Sudan,Sierra Leone,1,0,African Nations Cup qualifier,Sudan,False
2015-06-14,Togo,Liberia,2,1,African Nations Cup qualifier,Togo,False
2015-06-14,Equatorial Guinea,Benin,1,1,African Nations Cup qualifier,Equatorial Guinea,False
2015-06-14,Cameroon,Mauritania,1,0,African Nations Cup qualifier,Cameroon,False
2015-06-14,Gabon,Ivory Coast,0,0,Friendly,Gabon,False
2015-06-14,Niger,Namibia,1,0,African Nations Cup qualifier,Niger,False
2015-06-14,Mozambique,Rwanda,0,1,African Nations Cup qualifier,Mozambique,False
2015-06-14,Barbados,Aruba,1,0,World Cup qualifier,Barbados,False
2015-06-14,Cuba,Curaçao,1,1,World Cup qualifier,Cuba,False
2015-06-14,Guyana,St Vincent & Grenadines,4,4,World Cup qualifier,Guyana,False
2015-06-14,Antigua and Barbuda,Saint Lucia,4,1,World Cup qualifier,Antigua and Barbuda,False
2015-06-14,Belize,Dominican Republic,3,0,World Cup qualifier,Belize,False
2015-06-14,Brazil,Peru,2,1,Copa America,Chile,True
2015-06-14,Venezuela,Colombia,1,0,Copa America,Chile,True
2015-06-14,Slovenia,England,2,3,European Championship qual,Slovenia,False
2015-06-14,Russia,Austria,0,1,European Championship qual,Russia,False
2015-06-14,Lithuania,Switzerland,1,2,European Championship qual,Lithuania,False
2015-06-14,Sweden,Montenegro,3,1,European Championship qual,Sweden,False
2015-06-14,Ukraine,Luxembourg,3,0,European Championship qual,Ukraine,False
2015-06-14,Estonia,San Marino,2,0,European Championship qual,Estonia,False
2015-06-14,Belarus,Spain,0,1,European Championship qual,Belarus,False
2015-06-14,Slovakia,Macedonia,2,1,European Championship qual,Slovakia,False
2015-06-14,Liechtenstein,Moldova,1,1,European Championship qual,Liechtenstein,False
2015-06-15,Bermuda,Guatemala,0,1,World Cup qualifier,Bermuda,False
2015-06-15,Chile,Mexico,3,3,Copa America,Chile,False
2015-06-15,Bolivia,Ecuador,3,2,Copa America,Chile,True
2015-06-16,Japan,Singapore,0,0,World Cup and Asian Cup qual,Japan,False
2015-06-16,Philippines,Yemen,2,0,World Cup and Asian Cup qual,Qatar,True
2015-06-16,Kyrgyzstan,Australia,1,2,World Cup and Asian Cup qual,Kyrgyzstan,False
2015-06-16,Bhutan,China,0,6,World Cup and Asian Cup qual,Bhutan,False
2015-06-16,Guam,India,2,1,World Cup and Asian Cup qual,Guam,False
2015-06-16,Laos,Lebanon,0,2,World Cup and Asian Cup qual,Laos,False
2015-06-16,Cambodia,Afghanistan,0,1,World Cup and Asian Cup qual,Cambodia,False
2015-06-16,Turkmenistan,Iran,1,1,World Cup and Asian Cup qual,Turkmenistan,False
2015-06-16,South Korea,Myanmar,2,0,World Cup and Asian Cup qual,Thailand,True
2015-06-16,Taiwan,Thailand,0,2,World Cup and Asian Cup qual,Taiwan,False
2015-06-16,Hong Kong,Maldives,2,0,World Cup and Asian Cup qual,Hong Kong,False
2015-06-16,Malaysia,Palestine,0,6,World Cup and Asian Cup qual,Malaysia,False
2015-06-16,North Korea,Uzbekistan,4,2,World Cup and Asian Cup qual,North Korea,False
2015-06-16,Jordan,Trinidad and Tobago,3,0,Friendly,Jordan,False
2015-06-16,East Timor,United Arab Emirates,0,1,World Cup and Asian Cup qual,East Timor,False
2015-06-16,Bangladesh,Tajikistan,1,1,World Cup and Asian Cup qual,Bangladesh,False
2015-06-16,South Africa,Angola,2,1,Friendly,South Africa,False
2015-06-16,Canada,Dominica,4,0,World Cup qualifier,Canada,False
2015-06-16,El Salvador,Saint Kitts and Nevis,4,1,World Cup qualifier,El Salvador,False
2015-06-16,Paraguay,Jamaica,1,0,Copa America,Chile,True
2015-06-16,Suriname,Nicaragua,1,3,World Cup qualifier,Suriname,False
2015-06-16,Grenada,Puerto Rico,2,0,World Cup qualifier,Grenada,False
2015-06-16,Argentina,Uruguay,1,0,Copa America,Chile,True
2015-06-16,Portugal,Italy,1,0,Friendly,Switzerland,True
2015-06-16,Poland,Greece,0,0,Friendly,Poland,False
2015-06-17,Colombia,Brazil,1,0,Copa America,Chile,True
2015-06-18,Peru,Venezuela,1,0,Copa America,Chile,True
2015-06-19,Ecuador,Mexico,2,1,Copa America,Chile,True
2015-06-19,Chile,Bolivia,5,0,Copa America,Chile,False
2015-06-20,Argentina,Jamaica,1,0,Copa America,Chile,True
2015-06-20,Paraguay,Uruguay,1,1,Copa America,Chile,True
2015-06-21,Brazil,Venezuela,2,1,Copa America,Chile,True
2015-06-21,Colombia,Peru,0,0,Copa America,Chile,True
2015-06-24,Chile,Uruguay,1,0,Copa America,Chile,False
2015-06-25,Peru,Bolivia,3,1,Copa America,Chile,True
2015-06-26,Argentina,Colombia,0,0,Copa America,Chile,True
2015-06-27,Costa Rica,Mexico,2,2,Friendly,United States,True
2015-06-27,Brazil,Paraguay,1,1,Copa America,Chile,True
2015-06-29,Chile,Peru,2,1,Copa America,Chile,False
2015-06-30,Argentina,Paraguay,6,1,Copa America,Chile,True
2015-07-01,Honduras,Mexico,0,0,Friendly,United States,True
2015-07-03,United States,Guatemala,4,0,Friendly,United States,False
2015-07-03,Trinidad and Tobago,Haiti,1,0,Friendly,United States,True
2015-07-03,Peru,Paraguay,2,0,Copa America,Chile,True
2015-07-04,Chile,Argentina,0,0,Copa America,Chile,False
2015-07-06,Malawi,Uganda,1,0,Friendly,Malawi,False
2015-07-07,United States,Honduras,2,1,CONCACAF Championship,United States,False
2015-07-07,Haiti,Panama,1,1,CONCACAF Championship,United States,True
2015-07-08,Canada,El Salvador,0,0,CONCACAF Championship,United States,True
2015-07-08,Costa Rica,Jamaica,2,2,CONCACAF Championship,United States,True
2015-07-09,Trinidad and Tobago,Guatemala,3,1,CONCACAF Championship,United States,True
2015-07-09,Mexico,Cuba,6,0,CONCACAF Championship,United States,True
2015-07-10,United States,Haiti,1,0,CONCACAF Championship,United States,False
2015-07-10,Honduras,Panama,1,1,CONCACAF Championship,United States,True
2015-07-11,Jamaica,Canada,1,0,CONCACAF Championship,United States,True
2015-07-11,Costa Rica,El Salvador,1,1,CONCACAF Championship,United States,True
2015-07-12,Guatemala,Mexico,0,0,CONCACAF Championship,United States,True
2015-07-12,Trinidad and Tobago,Cuba,2,0,CONCACAF Championship,United States,True
2015-07-13,United States,Panama,1,1,CONCACAF Championship,United States,False
2015-07-13,Haiti,Honduras,1,0,CONCACAF Championship,United States,True
2015-07-14,Canada,Costa Rica,0,0,CONCACAF Championship,Canada,False
2015-07-14,Jamaica,El Salvador,1,0,CONCACAF Championship,Canada,True
2015-07-15,Cuba,Guatemala,1,0,CONCACAF Championship,United States,True
2015-07-15,Mexico,Trinidad and Tobago,4,4,CONCACAF Championship,United States,True
2015-07-18,United States,Cuba,6,0,CONCACAF Championship,United States,False
2015-07-18,Jamaica,Haiti,1,0,CONCACAF Championship,United States,True
2015-07-19,Mexico,Costa Rica,1,0,CONCACAF Championship,United States,True
2015-07-19,Panama,Trinidad and Tobago,1,1,CONCACAF Championship,United States,True
2015-07-22,United States,Jamaica,1,2,CONCACAF Championship,United States,False
2015-07-22,Mexico,Panama,2,1,CONCACAF Championship,United States,True
2015-07-25,United States,Panama,1,1,CONCACAF Championship,United States,False
2015-07-26,Mexico,Jamaica,3,1,CONCACAF Championship,United States,True
2015-07-31,Mayotte,Maldives,3,1,Indian Ocean Games,Reunion,True
2015-07-31,Reunion,Mauritius,1,0,Indian Ocean Games,Reunion,False
2015-08-02,North Korea,Japan,2,1,East Asian Championship,China,True
2015-08-02,China,South Korea,0,2,East Asian Championship,China,False
2015-08-02,Maldives,Seychelles,2,1,Indian Ocean Games,Reunion,True
2015-08-02,Madagascar,Mayotte,1,1,Indian Ocean Games,Reunion,True
2015-08-04,Madagascar,Maldives,4,0,Indian Ocean Games,Reunion,True
2015-08-04,Mayotte,Seychelles,1,0,Indian Ocean Games,Reunion,True
2015-08-05,Japan,South Korea,1,1,East Asian Championship,China,True
2015-08-05,China,North Korea,2,0,East Asian Championship,China,False
2015-08-06,Reunion,Madagascar,1,0,Indian Ocean Games,Reunion,False
2015-08-06,Mayotte,Mauritius,2,1,Indian Ocean Games,Reunion,True
2015-08-07,Mauritius,Madagascar,3,1,Indian Ocean Games,Reunion,True
2015-08-08,Reunion,Mayotte,3,1,Indian Ocean Games,Reunion,False
2015-08-09,China,Japan,1,1,East Asian Championship,China,False
2015-08-09,North Korea,South Korea,0,0,East Asian Championship,China,True
2015-08-19,Fiji,Tonga,5,0,Friendly,Fiji,False
2015-08-20,Cambodia,Bhutan,2,0,Friendly,Cambodia,False
2015-08-26,Lebanon,Iraq,2,3,Friendly,Lebanon,False
2015-08-27,Fiji,Eastern Samoa,6,0,Friendly,Fiji,False
2015-08-28,United Arab Emirates,Myanmar,1,0,Friendly,United Arab Emirates,False
2015-08-28,Qatar,Singapore,4,0,Friendly,Qatar,False
2015-08-28,Oman,Yemen,1,0,Friendly,Oman,False
2015-08-28,Libya,Tanzania,2,1,Friendly,Turkey,True
2015-08-28,Rwanda,Ethiopia,3,1,Friendly,Rwanda,False
2015-08-28,St Vincent & Grenadines,Barbados,2,2,Friendly,St Vincent & Grenadines,False
2015-08-29,Malaysia,Bangladesh,0,0,Friendly,Malaysia,False
2015-08-29,Laos,Cambodia,2,1,Friendly,Thailand,True
2015-08-31,India,Nepal,0,0,Friendly,India,False
2015-08-31,Lebanon,Palestine,0,0,Friendly,Lebanon,False
2015-08-31,Tonga,Cook Islands,0,3,WC and Oce Cup q,Tonga,False
2015-08-31,Samoa,Eastern Samoa,3,2,WC and Oce Cup q,Tonga,True
2015-09-01,Congo,Ghana,2,3,Friendly,Congo,False
2015-09-02,Cook Islands,Samoa,1,0,WC and Oce Cup q,Tonga,True
2015-09-02,Tonga,Eastern Samoa,1,2,WC and Oce Cup q,Tonga,False
2015-09-03,Japan,Cambodia,3,0,World Cup and Asian Cup qual,Japan,False
2015-09-03,Philippines,Maldives,2,0,Friendly,Philippines,False
2015-09-03,Australia,Bangladesh,5,0,World Cup and Asian Cup qual,Australia,False
2015-09-03,China,Hong Kong,0,0,World Cup and Asian Cup qual,China,False
2015-09-03,Thailand,Afghanistan,2,0,Friendly,Thailand,False
2015-09-03,Iran,Guam,6,0,World Cup and Asian Cup qual,Iran,False
2015-09-03,South Korea,Laos,8,0,World Cup and Asian Cup qual,South Korea,False
2015-09-03,Syria,Singapore,1,0,World Cup and Asian Cup qual,Oman,True
2015-09-03,Iraq,Taiwan,5,1,World Cup and Asian Cup qual,Iran,True
2015-09-03,Kuwait,Myanmar,9,0,World Cup and Asian Cup qual,Qatar,True
2015-09-03,United Arab Emirates,Malaysia,10,0,World Cup and Asian Cup qual,United Arab Emirates,False
2015-09-03,Jordan,Kyrgyzstan,0,0,World Cup and Asian Cup qual,Jordan,False
2015-09-03,Bahrain,North Korea,0,1,World Cup and Asian Cup qual,Bahrain,False
2015-09-03,Saudi Arabia,East Timor,7,0,World Cup and Asian Cup qual,Saudi Arabia,False
2015-09-03,Uzbekistan,Yemen,1,0,World Cup and Asian Cup qual,Uzbekistan,False
2015-09-03,Oman,Turkmenistan,3,1,World Cup and Asian Cup qual,Oman,False
2015-09-03,Qatar,Bhutan,15,0,World Cup and Asian Cup qual,Qatar,False
2015-09-03,Cyprus,Wales,0,1,European Championship qual,Cyprus,False
2015-09-03,Belgium,Bosnia and Herzegovina,3,1,European Championship qual,Belgium,False
2015-09-03,Netherlands,Iceland,0,1,European Championship qual,Netherlands,False
2015-09-03,Bulgaria,Norway,0,1,European Championship qual,Bulgaria,False
2015-09-03,Italy,Malta,1,0,European Championship qual,Italy,False
2015-09-03,Turkey,Latvia,1,1,European Championship qual,Turkey,False
2015-09-03,Israel,Andorra,4,0,European Championship qual,Israel,False
2015-09-03,Azerbaijan,Croatia,0,0,European Championship qual,Azerbaijan,False
2015-09-03,Czechia,Kazakhstan,2,1,European Championship qual,Czechia,False
2015-09-04,Djibouti,Togo,0,2,African Nations Cup qualifier,Djibouti,False
2015-09-04,United States,Peru,2,1,Friendly,United States,False
2015-09-04,Canada,Belize,3,0,World Cup qualifier,Canada,False
2015-09-04,Curaçao,El Salvador,0,1,World Cup qualifier,Curaçao,False
2015-09-04,Antigua and Barbuda,Guatemala,1,0,World Cup qualifier,Antigua and Barbuda,False
2015-09-04,Mexico,Trinidad and Tobago,3,3,Friendly,United States,True
2015-09-04,St Vincent & Grenadines,Aruba,2,0,World Cup qualifier,St Vincent & Grenadines,False
2015-09-04,Grenada,Haiti,1,3,World Cup qualifier,Grenada,False
2015-09-04,Jamaica,Nicaragua,2,3,World Cup qualifier,Jamaica,False
2015-09-04,Venezuela,Honduras,0,3,Friendly,Venezuela,False
2015-09-04,Panama,Uruguay,0,1,Friendly,Panama,False
2015-09-04,Argentina,Bolivia,7,0,Friendly,United States,True
2015-09-04,Eastern Samoa,Cook Islands,2,0,WC and Oce Cup q,Tonga,True
2015-09-04,Tonga,Samoa,0,3,WC and Oce Cup q,Tonga,False
2015-09-04,Georgia,Scotland,1,0,European Championship qual,Georgia,False
2015-09-04,Faroe Islands,Northern Ireland,1,3,European Championship qual,Faroe Islands,False
2015-09-04,Hungary,Romania,0,0,European Championship qual,Hungary,False
2015-09-04,Portugal,France,0,1,Friendly,Portugal,False
2015-09-04,Germany,Poland,3,1,European Championship qual,Germany,False
2015-09-04,Greece,Finland,0,1,European Championship qual,Greece,False
2015-09-04,Denmark,Albania,0,0,European Championship qual,Denmark,False
2015-09-04,Ireland,Gibraltar,4,0,European Championship qual,Portugal,True
2015-09-04,Serbia,Armenia,2,0,European Championship qual,Serbia,False
2015-09-05,Mauritania,South Africa,3,1,African Nations Cup qualifier,Mauritania,False
2015-09-05,Comoros,Uganda,0,1,African Nations Cup qualifier,Comoros,False
2015-09-05,Tanzania,Nigeria,0,0,African Nations Cup qualifier,Tanzania,False
2015-09-05,Seychelles,Ethiopia,1,1,African Nations Cup qualifier,Seychelles,False
2015-09-05,Rwanda,Ghana,0,1,African Nations Cup qualifier,Rwanda,False
2015-09-05,Guinea-Bissau,Congo,2,4,African Nations Cup qualifier,Guinea-Bissau,False
2015-09-05,Burundi,Niger,2,0,African Nations Cup qualifier,Burundi,False
2015-09-05,Gabon,Sudan,4,0,Friendly,Gabon,False
2015-09-05,Liberia,Tunisia,1,0,African Nations Cup qualifier,Liberia,False
2015-09-05,Sao Tome and Principe,Morocco,0,3,African Nations Cup qualifier,Sao Tome and Principe,False
2015-09-05,Botswana,Burkina Faso,1,0,African Nations Cup qualifier,Botswana,False
2015-09-05,Namibia,Senegal,0,2,African Nations Cup qualifier,Namibia,False
2015-09-05,South Sudan,Equatorial Guinea,1,0,African Nations Cup qualifier,South Sudan,False
2015-09-05,Brazil,Costa Rica,1,0,Friendly,United States,True
2015-09-05,Chile,Paraguay,3,2,Friendly,Chile,False
2015-09-05,San Marino,England,0,6,European Championship qual,San Marino,False
2015-09-05,Austria,Moldova,1,0,European Championship qual,Austria,False
2015-09-05,Switzerland,Slovenia,3,2,European Championship qual,Switzerland,False
2015-09-05,Russia,Sweden,1,0,European Championship qual,Russia,False
2015-09-05,Luxembourg,Macedonia,1,0,European Championship qual,Luxembourg,False
2015-09-05,Estonia,Lithuania,1,0,European Championship qual,Estonia,False
2015-09-05,Spain,Slovakia,2,0,European Championship qual,Spain,False
2015-09-05,Ukraine,Belarus,3,1,European Championship qual,Ukraine,False
2015-09-05,Montenegro,Liechtenstein,2,0,European Championship qual,Montenegro,False
2015-09-06,Chad,Egypt,1,5,African Nations Cup qualifier,Chad,False
2015-09-06,Kenya,Zambia,1,2,African Nations Cup qualifier,Kenya,False
2015-09-06,Zimbabwe,Guinea,1,1,African Nations Cup qualifier,Zimbabwe,False
2015-09-06,Madagascar,Angola,0,0,African Nations Cup qualifier,Madagascar,False
2015-09-06,Mauritius,Mozambique,1,0,African Nations Cup qualifier,Mauritius,False
2015-09-06,Central African Republic,DR Congo,2,0,African Nations Cup qualifier,Central African Republic,False
2015-09-06,Ivory Coast,Sierra Leone,0,0,African Nations Cup qualifier,Nigeria,True
2015-09-06,Gambia,Cameroon,0,1,African Nations Cup qualifier,The Gambia,True
2015-09-06,Cape Verde,Libya,2,1,African Nations Cup qualifier,Egypt,True
2015-09-06,Swaziland,Malawi,2,2,African Nations Cup qualifier,Swaziland,False
2015-09-06,Benin,Mali,1,1,African Nations Cup qualifier,Benin,False
2015-09-06,Lesotho,Algeria,1,3,African Nations Cup qualifier,Lesotho,False
2015-09-06,Wales,Israel,0,0,European Championship qual,Wales,False
2015-09-06,Cyprus,Belgium,0,1,European Championship qual,Cyprus,False
2015-09-06,Turkey,Netherlands,3,0,European Championship qual,Turkey,False
2015-09-06,Norway,Croatia,2,0,European Championship qual,Norway,False
2015-09-06,Italy,Bulgaria,1,0,European Championship qual,Italy,False
2015-09-06,Latvia,Czechia,1,2,European Championship qual,Latvia,False
2015-09-06,Iceland,Kazakhstan,0,0,European Championship qual,Iceland,False
2015-09-06,Malta,Azerbaijan,2,2,European Championship qual,Malta,False
2015-09-06,Bosnia and Herzegovina,Andorra,3,0,European Championship qual,Bosnia and Herzegovina,False
2015-09-07,Myanmar,New Zealand,1,1,Friendly,Myanmar,False
2015-09-07,Scotland,Germany,2,3,European Championship qual,Scotland,False
2015-09-07,Northern Ireland,Hungary,1,1,European Championship qual,Northern Ireland,False
2015-09-07,France,Serbia,2,1,Friendly,France,False
2015-09-07,Finland,Faroe Islands,1,0,European Championship qual,Finland,False
2015-09-07,Armenia,Denmark,0,0,European Championship qual,Armenia,False
2015-09-07,Poland,Gibraltar,8,1,European Championship qual,Poland,False
2015-09-07,Albania,Portugal,0,1,European Championship qual,Albania,False
2015-09-07,Romania,Greece,0,0,European Championship qual,Romania,False
2015-09-07,Ireland,Georgia,1,0,European Championship qual,Ireland,False
2015-09-08,Japan,Afghanistan,6,0,World Cup and Asian Cup qual,Iran,True
2015-09-08,Philippines,Uzbekistan,1,5,World Cup and Asian Cup qual,Philippines,False
2015-09-08,Tajikistan,Australia,0,3,World Cup and Asian Cup qual,Tajikistan,False
2015-09-08,China,Maldives,3,0,World Cup and Asian Cup qual,China,False
2015-09-08,India,Iran,0,3,World Cup and Asian Cup qual,India,False
2015-09-08,Lebanon,South Korea,0,3,World Cup and Asian Cup qual,Lebanon,False
2015-09-08,Taiwan,Vietnam,1,2,World Cup and Asian Cup qual,Taiwan,False
2015-09-08,Cambodia,Syria,0,6,World Cup and Asian Cup qual,Cambodia,False
2015-09-08,Hong Kong,Qatar,2,3,World Cup and Asian Cup qual,Hong Kong,False
2015-09-08,Malaysia,Saudi Arabia,1,2,World Cup and Asian Cup qual,Malaysia,False
2015-09-08,Thailand,Iraq,2,2,World Cup and Asian Cup qual,Thailand,False
2015-09-08,Laos,Kuwait,0,2,World Cup and Asian Cup qual,Laos,False
2015-09-08,Bangladesh,Jordan,0,4,World Cup and Asian Cup qual,Bangladesh,False
2015-09-08,Palestine,United Arab Emirates,0,0,World Cup and Asian Cup qual,Palestine,False
2015-09-08,Bahrain,Yemen,4,0,World Cup and Asian Cup qual,Qatar,True
2015-09-08,Guam,Oman,0,0,World Cup and Asian Cup qual,Guam,False
2015-09-08,South Africa,Senegal,1,0,Friendly tournament,South Africa,False
2015-09-08,Zambia,Gabon,1,1,Friendly,Zambia,False
2015-09-08,Nigeria,Niger,2,0,Friendly,Nigeria,False
2015-09-08,United States,Brazil,1,4,Friendly,United States,False
2015-09-08,Belize,Canada,1,1,World Cup qualifier,Belize,False
2015-09-08,Costa Rica,Uruguay,1,0,Friendly,Costa Rica,False
2015-09-08,El Salvador,Curaçao,1,0,World Cup qualifier,El Salvador,False
2015-09-08,Guatemala,Antigua and Barbuda,2,0,World Cup qualifier,Guatemala,False
2015-09-08,Argentina,Mexico,2,2,Friendly,United States,True
2015-09-08,Aruba,St Vincent & Grenadines,2,1,World Cup qualifier,Aruba,False
2015-09-08,Haiti,Grenada,3,0,World Cup qualifier,Haiti,False
2015-09-08,Nicaragua,Jamaica,0,2,World Cup qualifier,Nicaragua,False
2015-09-08,Ecuador,Honduras,2,0,Friendly,Ecuador,False
2015-09-08,Venezuela,Panama,1,1,Friendly,Venezuela,False
2015-09-08,Colombia,Peru,1,1,Friendly,United States,True
2015-09-08,England,Switzerland,2,0,European Championship qual,England,False
2015-09-08,Sweden,Austria,1,4,European Championship qual,Sweden,False
2015-09-08,Belarus,Luxembourg,2,0,European Championship qual,Belarus,False
2015-09-08,Liechtenstein,Russia,0,7,European Championship qual,Liechtenstein,False
2015-09-08,Slovenia,Estonia,1,0,European Championship qual,Slovenia,False
2015-09-08,Macedonia,Spain,0,1,European Championship qual,Macedonia,False
2015-09-08,Lithuania,San Marino,2,1,European Championship qual,Lithuania,False
2015-09-08,Slovakia,Ukraine,0,0,European Championship qual,Slovakia,False
2015-09-08,Moldova,Montenegro,0,2,European Championship qual,Moldova,False
2015-09-12,Rwanda,Gabon,0,1,Friendly,Rwanda,False
2015-09-30,Botswana,Ethiopia,2,3,Friendly,Botswana,False
2015-10-02,Oman,Syria,2,1,Friendly,Oman,False
2015-10-03,Jordan,Iraq,3,0,Friendly,Jordan,False
2015-10-07,Mauritius,Kenya,2,5,World Cup qualifier,Mauritius,False
2015-10-07,Tanzania,Malawi,2,0,World Cup qualifier,Tanzania,False
2015-10-07,Seychelles,Burundi,0,1,World Cup qualifier,Seychelles,False
2015-10-07,Comoros,Lesotho,0,0,World Cup qualifier,Comoros,False
2015-10-08,Japan,Syria,3,0,World Cup and Asian Cup qual,Oman,True
2015-10-08,North Korea,Philippines,0,0,World Cup and Asian Cup qual,North Korea,False
2015-10-08,Jordan,Australia,2,0,World Cup and Asian Cup qual,Jordan,False
2015-10-08,Qatar,China,1,0,World Cup and Asian Cup qual,Qatar,False
2015-10-08,Turkmenistan,India,2,1,World Cup and Asian Cup qual,Turkmenistan,False
2015-10-08,Lebanon,Myanmar,2,0,World Cup and Asian Cup qual,Thailand,True
2015-10-08,Singapore,Afghanistan,1,0,World Cup and Asian Cup qual,Singapore,False
2015-10-08,Oman,Iran,1,1,World Cup and Asian Cup qual,Oman,False
2015-10-08,Kuwait,South Korea,0,1,World Cup and Asian Cup qual,Kuwait,False
2015-10-08,Vietnam,Iraq,1,1,World Cup and Asian Cup qual,Vietnam,False
2015-10-08,Malaysia,Laos,3,1,Friendly,Thailand,True
2015-10-08,Kyrgyzstan,Tajikistan,2,2,World Cup and Asian Cup qual,Kyrgyzstan,False
2015-10-08,Saudi Arabia,United Arab Emirates,2,1,World Cup and Asian Cup qual,Saudi Arabia,False
2015-10-08,East Timor,Palestine,1,1,World Cup and Asian Cup qual,East Timor,False
2015-10-08,Bahrain,Uzbekistan,0,4,World Cup and Asian Cup qual,Bahrain,False
2015-10-08,Bhutan,Maldives,3,4,World Cup and Asian Cup qual,Bhutan,False
2015-10-08,Costa Rica,South Africa,0,1,Friendly,Costa Rica,False
2015-10-08,Sao Tome and Principe,Ethiopia,1,0,World Cup qualifier,Sao Tome and Principe,False
2015-10-08,DR Congo,Nigeria,2,0,Friendly,Belgium,True
2015-10-08,Liberia,Guinea-Bissau,1,1,World Cup qualifier,Liberia,False
2015-10-08,South Sudan,Mauritania,1,1,World Cup qualifier,South Sudan,False
2015-10-08,Honduras,Guatemala,1,1,Friendly,Honduras,False
2015-10-08,Panama,Trinidad and Tobago,1,2,Friendly,Panama,False
2015-10-08,Bolivia,Uruguay,0,2,World Cup qualifier,Bolivia,False
2015-10-08,Argentina,Ecuador,0,2,World Cup qualifier,Argentina,False
2015-10-08,Chile,Brazil,2,0,World Cup qualifier,Chile,False
2015-10-08,Venezuela,Paraguay,0,1,World Cup qualifier,Venezuela,False
2015-10-08,Colombia,Peru,2,0,World Cup qualifier,Colombia,False
2015-10-08,Scotland,Poland,2,2,European Championship qual,Scotland,False
2015-10-08,Northern Ireland,Greece,3,1,European Championship qual,Northern Ireland,False
2015-10-08,Hungary,Faroe Islands,2,1,European Championship qual,Hungary,False
2015-10-08,France,Armenia,4,0,Friendly,France,False
2015-10-08,Ireland,Germany,1,0,European Championship qual,Ireland,False
2015-10-08,Romania,Finland,1,1,European Championship qual,Romania,False
2015-10-08,Portugal,Denmark,1,0,European Championship qual,Portugal,False
2015-10-08,Albania,Serbia,0,2,European Championship qual,Albania,False
2015-10-08,Georgia,Gibraltar,4,0,European Championship qual,Georgia,False
2015-10-09,Taiwan,Macao,5,1,Friendly,Taiwan,False
2015-10-09,Thailand,Hong Kong,1,0,Friendly,Thailand,False
2015-10-09,Djibouti,Swaziland,0,6,World Cup qualifier,Djibouti,False
2015-10-09,Gambia,Namibia,1,1,World Cup qualifier,The Gambia,True
2015-10-09,Tunisia,Gabon,3,3,Friendly,Tunisia,False
2015-10-09,Morocco,Ivory Coast,0,1,Friendly,Morocco,False
2015-10-09,Mali,Burkina Faso,4,1,Friendly,France,True
2015-10-09,Algeria,Guinea,1,2,Friendly,Algeria,False
2015-10-09,Niger,Somalia,2,0,World Cup qualifier,Ethiopia,True
2015-10-09,Haiti,El Salvador,3,1,Friendly,United States,True
2015-10-09,England,Estonia,2,0,European Championship qual,England,False
2015-10-09,Montenegro,Austria,2,3,European Championship qual,Montenegro,False
2015-10-09,Switzerland,San Marino,7,0,European Championship qual,Switzerland,False
2015-10-09,Liechtenstein,Sweden,0,2,European Championship qual,Liechtenstein,False
2015-10-09,Spain,Luxembourg,4,0,European Championship qual,Spain,False
2015-10-09,Moldova,Russia,1,2,European Championship qual,Moldova,False
2015-10-09,Slovenia,Lithuania,1,1,European Championship qual,Slovenia,False
2015-10-09,Slovakia,Belarus,0,1,European Championship qual,Slovakia,False
2015-10-09,Macedonia,Ukraine,0,2,European Championship qual,Macedonia,False
2015-10-10,Madagascar,Central African Republic,3,0,World Cup qualifier,Madagascar,False
2015-10-10,Chad,Sierra Leone,1,0,World Cup qualifier,Chad,False
2015-10-10,Eritrea,Botswana,0,2,World Cup qualifier,Eritrea,False
2015-10-10,Kosovo,Equatorial Guinea,2,0,Friendly,Kosovo,False
2015-10-10,United States,Mexico,2,3,CONCACAF Cup,United States,False
2015-10-10,Bosnia and Herzegovina,Wales,2,0,European Championship qual,Bosnia and Herzegovina,False
2015-10-10,Andorra,Belgium,1,4,European Championship qual,Andorra,False
2015-10-10,Kazakhstan,Netherlands,1,2,European Championship qual,Kazakhstan,False
2015-10-10,Norway,Malta,2,0,European Championship qual,Norway,False
2015-10-10,Azerbaijan,Italy,1,3,European Championship qual,Azerbaijan,False
2015-10-10,Iceland,Latvia,2,2,European Championship qual,Iceland,False
2015-10-10,Czechia,Turkey,0,2,European Championship qual,Czechia,False
2015-10-10,Croatia,Bulgaria,3,0,European Championship qual,Croatia,False
2015-10-10,Israel,Cyprus,1,2,European Championship qual,Israel,False
2015-10-11,Egypt,Zambia,3,0,Friendly,United Arab Emirates,True
2015-10-11,Kenya,Mauritius,0,0,World Cup qualifier,Kenya,False
2015-10-11,Malawi,Tanzania,1,0,World Cup qualifier,Malawi,False
2015-10-11,Ethiopia,Sao Tome and Principe,3,0,World Cup qualifier,Ethiopia,False
2015-10-11,Nigeria,Cameroon,3,0,Friendly,Belgium,True
2015-10-11,Scotland,Gibraltar,6,0,European Championship qual,Portugal,True
2015-10-11,Finland,Northern Ireland,1,1,European Championship qual,Finland,False
2015-10-11,Greece,Hungary,4,3,European Championship qual,Greece,False
2015-10-11,Denmark,France,1,2,Friendly,Denmark,False
2015-10-11,Germany,Georgia,2,1,European Championship qual,Germany,False
2015-10-11,Poland,Ireland,2,1,European Championship qual,Poland,False
2015-10-11,Serbia,Portugal,1,2,European Championship qual,Serbia,False
2015-10-11,Faroe Islands,Romania,0,3,European Championship qual,Faroe Islands,False
2015-10-11,Armenia,Albania,0,3,European Championship qual,Armenia,False
2015-10-12,DR Congo,Gabon,2,1,Friendly,Belgium,True
2015-10-12,Morocco,Guinea,1,1,Friendly,Morocco,False
2015-10-12,Lithuania,England,0,3,European Championship qual,Lithuania,False
2015-10-12,Austria,Liechtenstein,3,0,European Championship qual,Austria,False
2015-10-12,Estonia,Switzerland,0,1,European Championship qual,Estonia,False
2015-10-12,Sweden,Moldova,2,0,European Championship qual,Sweden,False
2015-10-12,Luxembourg,Slovakia,2,4,European Championship qual,Luxembourg,False
2015-10-12,Russia,Montenegro,2,0,European Championship qual,Russia,False
2015-10-12,Ukraine,Spain,0,1,European Championship qual,Ukraine,False
2015-10-12,Belarus,Macedonia,0,0,European Championship qual,Belarus,False
2015-10-12,San Marino,Slovenia,0,2,European Championship qual,San Marino,False
2015-10-13,Iran,Japan,1,1,Friendly,Iran,False
2015-10-13,Bahrain,Philippines,2,0,World Cup and Asian Cup qual,Bahrain,False
2015-10-13,Oman,India,3,0,World Cup and Asian Cup qual,Oman,False
2015-10-13,Kuwait,Lebanon,0,0,World Cup and Asian Cup qual,Kuwait,False
2015-10-13,Syria,Afghanistan,5,2,World Cup and Asian Cup qual,Oman,True
2015-10-13,South Korea,Jamaica,3,0,Friendly,South Korea,False
2015-10-13,Vietnam,Thailand,0,3,World Cup and Asian Cup qual,Vietnam,False
2015-10-13,Myanmar,Laos,3,1,World Cup and Asian Cup qual,Thailand,True
2015-10-13,Bhutan,Hong Kong,0,1,World Cup and Asian Cup qual,Bhutan,False
2015-10-13,Singapore,Cambodia,2,1,World Cup and Asian Cup qual,Singapore,False
2015-10-13,East Timor,Malaysia,0,1,World Cup and Asian Cup qual,East Timor,False
2015-10-13,Kyrgyzstan,Bangladesh,2,0,World Cup and Asian Cup qual,Kyrgyzstan,False
2015-10-13,North Korea,Yemen,1,0,World Cup and Asian Cup qual,North Korea,False
2015-10-13,Jordan,Tajikistan,3,0,World Cup and Asian Cup qual,Jordan,False
2015-10-13,Qatar,Maldives,4,0,World Cup and Asian Cup qual,Qatar,False
2015-10-13,Turkmenistan,Guam,1,0,World Cup and Asian Cup qual,Turkmenistan,False
2015-10-13,Honduras,South Africa,1,1,Friendly,Honduras,False
2015-10-13,Madagascar,Central African Republic,2,2,World Cup qualifier,Madagascar,False
2015-10-13,Sierra Leone,Chad,2,1,World Cup qualifier,Nigeria,True
2015-10-13,Canada,Ghana,1,1,Friendly,United States,True
2015-10-13,Namibia,Gambia,2,1,World Cup qualifier,Namibia,False
2015-10-13,Guinea-Bissau,Liberia,1,3,World Cup qualifier,Guinea-Bissau,False
2015-10-13,Burundi,Seychelles,2,0,World Cup qualifier,Burundi,False
2015-10-13,Congo,Benin,2,1,Friendly,Congo,False
2015-10-13,Algeria,Senegal,1,0,Friendly,Algeria,False
2015-10-13,Niger,Somalia,4,0,World Cup qualifier,Niger,False
2015-10-13,Mauritania,South Sudan,4,0,World Cup qualifier,Mauritania,False
2015-10-13,Botswana,Eritrea,3,1,World Cup qualifier,Botswana,False
2015-10-13,Lesotho,Comoros,1,1,World Cup qualifier,Lesotho,False
2015-10-13,United States,Costa Rica,0,1,Friendly,United States,False
2015-10-13,El Salvador,Guatemala,1,1,Friendly,United States,True
2015-10-13,Mexico,Panama,1,0,Friendly,Mexico,False
2015-10-13,Trinidad and Tobago,Nicaragua,0,0,Friendly,Trinidad and Tobago,False
2015-10-13,Uruguay,Colombia,3,0,World Cup qualifier,Uruguay,False
2015-10-13,Paraguay,Argentina,0,0,World Cup qualifier,Paraguay,False
2015-10-13,Peru,Chile,3,4,World Cup qualifier,Peru,False
2015-10-13,Brazil,Venezuela,3,1,World Cup qualifier,Brazil,False
2015-10-13,Ecuador,Bolivia,2,0,World Cup qualifier,Ecuador,False
2015-10-13,Wales,Andorra,2,0,European Championship qual,Wales,False
2015-10-13,Belgium,Israel,3,1,European Championship qual,Belgium,False
2015-10-13,Netherlands,Czechia,2,3,European Championship qual,Netherlands,False
2015-10-13,Italy,Norway,2,1,European Championship qual,Italy,False
2015-10-13,Latvia,Kazakhstan,0,1,European Championship qual,Latvia,False
2015-10-13,Turkey,Iceland,1,0,European Championship qual,Turkey,False
2015-10-13,Bulgaria,Azerbaijan,2,0,European Championship qual,Bulgaria,False
2015-10-13,Malta,Croatia,0,1,European Championship qual,Malta,False
2015-10-13,Cyprus,Bosnia and Herzegovina,2,3,European Championship qual,Cyprus,False
2015-10-17,Swaziland,Djibouti,2,1,World Cup qualifier,Swaziland,False
2015-11-03,Cambodia,Brunei,6,1,Friendly,Cambodia,False
2015-11-04,St Vincent & Grenadines,Antigua and Barbuda,2,1,Friendly,St Vincent & Grenadines,False
2015-11-05,United Arab Emirates,Turkmenistan,5,1,Friendly,United Arab Emirates,False
2015-11-06,DR Congo,Zambia,3,0,Friendly tournament,Angola,True
2015-11-06,Angola,Namibia,1,0,Friendly tournament,Angola,False
2015-11-07,Hong Kong,Myanmar,5,0,Friendly,Hong Kong,False
2015-11-07,Namibia,Zambia,0,0,Friendly tournament,Angola,True
2015-11-07,Angola,DR Congo,1,0,Friendly tournament,Angola,False
2015-11-07,Vanuatu,Fiji,1,1,Friendly,Vanuatu,False
2015-11-09,Palestine,Saudi Arabia,0,0,World Cup and Asian Cup qual,Jordan,True
2015-11-10,Vanuatu,Fiji,2,1,Friendly,Vanuatu,False
2015-11-11,Jordan,Malta,2,0,Friendly,Turkey,True
2015-11-11,Sudan,Zambia,0,1,World Cup qualifier,Sudan,False
2015-11-11,Mozambique,Gabon,1,0,World Cup qualifier,Mozambique,False
2015-11-11,Estonia,Georgia,3,0,Friendly,Estonia,False
2015-11-12,Singapore,Japan,0,3,World Cup and Asian Cup qual,Singapore,False
2015-11-12,Philippines,Yemen,0,1,World Cup and Asian Cup qual,Philippines,False
2015-11-12,Australia,Kyrgyzstan,3,0,World Cup and Asian Cup qual,Australia,False
2015-11-12,China,Bhutan,12,0,World Cup and Asian Cup qual,China,False
2015-11-12,India,Guam,1,0,World Cup and Asian Cup qual,India,False
2015-11-12,Lebanon,Laos,7,0,World Cup and Asian Cup qual,Lebanon,False
2015-11-12,Afghanistan,Cambodia,3,0,World Cup and Asian Cup qual,Iran,True
2015-11-12,Iran,Turkmenistan,3,1,World Cup and Asian Cup qual,Iran,False
2015-11-12,South Korea,Myanmar,4,0,World Cup and Asian Cup qual,South Korea,False
2015-11-12,Thailand,Taiwan,4,2,World Cup and Asian Cup qual,Thailand,False
2015-11-12,Maldives,Hong Kong,0,1,World Cup and Asian Cup qual,Maldives,False
2015-11-12,Palestine,Malaysia,6,0,World Cup and Asian Cup qual,Jordan,True
2015-11-12,Uzbekistan,North Korea,3,1,World Cup and Asian Cup qual,Uzbekistan,False
2015-11-12,Oman,New Zealand,0,1,Friendly,Oman,False
2015-11-12,United Arab Emirates,East Timor,8,0,World Cup and Asian Cup qual,United Arab Emirates,False
2015-11-12,Tajikistan,Bangladesh,5,0,World Cup and Asian Cup qual,Tajikistan,False
2015-11-12,Togo,Uganda,0,1,World Cup qualifier,Togo,False
2015-11-12,Burundi,DR Congo,2,3,World Cup qualifier,Burundi,False
2015-11-12,Morocco,Equatorial Guinea,2,0,World Cup qualifier,Morocco,False
2015-11-12,Benin,Burkina Faso,2,1,World Cup qualifier,Benin,False
2015-11-12,Namibia,Guinea,0,1,World Cup qualifier,Namibia,False
2015-11-12,Andorra,Saint Kitts and Nevis,0,1,Friendly,Andorra,False
2015-11-12,Ecuador,Uruguay,2,1,World Cup qualifier,Ecuador,False
2015-11-12,Chile,Colombia,1,1,World Cup qualifier,Chile,False
2015-11-12,Bolivia,Venezuela,4,2,World Cup qualifier,Bolivia,False
2015-11-12,Norway,Hungary,0,1,European Championship qual,Norway,False
2015-11-12,Macedonia,Montenegro,4,1,Friendly,Macedonia,False
2015-11-13,Qatar,Turkey,1,2,Friendly,Qatar,False
2015-11-13,Angola,South Africa,1,3,World Cup qualifier,Angola,False
2015-11-13,Kenya,Cape Verde,1,0,World Cup qualifier,Kenya,False
2015-11-13,Madagascar,Senegal,2,2,World Cup qualifier,Madagascar,False
2015-11-13,Swaziland,Nigeria,0,0,World Cup qualifier,Swaziland,False
2015-11-13,Comoros,Ghana,0,0,World Cup qualifier,Comoros,False
2015-11-13,Mauritania,Tunisia,1,2,World Cup qualifier,Mauritania,False
2015-11-13,Libya,Rwanda,1,0,World Cup qualifier,Tunisia,True
2015-11-13,Niger,Cameroon,0,3,World Cup qualifier,Niger,False
2015-11-13,Liberia,Ivory Coast,0,1,World Cup qualifier,Liberia,False
2015-11-13,United States,St Vincent & Grenadines,6,1,World Cup qualifier,United States,False
2015-11-13,Canada,Honduras,1,0,World Cup qualifier,Canada,False
2015-11-13,Costa Rica,Haiti,1,0,World Cup qualifier,Costa Rica,False
2015-11-13,Mexico,El Salvador,3,0,World Cup qualifier,Mexico,False
2015-11-13,Guatemala,Trinidad and Tobago,1,2,World Cup qualifier,Guatemala,False
2015-11-13,Jamaica,Panama,0,2,World Cup qualifier,Jamaica,False
2015-11-13,Argentina,Brazil,1,1,World Cup qualifier,Argentina,False
2015-11-13,Peru,Paraguay,1,0,World Cup qualifier,Peru,False
2015-11-13,Spain,England,2,0,Friendly,Spain,False
2015-11-13,Wales,Netherlands,2,3,Friendly,Wales,False
2015-11-13,Northern Ireland,Latvia,1,0,Friendly,Northern Ireland,False
2015-11-13,Belgium,Italy,3,1,Friendly,Belgium,False
2015-11-13,France,Germany,2,0,Friendly,France,False
2015-11-13,Slovakia,Switzerland,3,2,Friendly,Slovakia,False
2015-11-13,Luxembourg,Greece,1,0,Friendly,Luxembourg,False
2015-11-13,Poland,Iceland,4,2,Friendly,Poland,False
2015-11-13,Bosnia and Herzegovina,Ireland,1,1,European Championship qual,Bosnia and Herzegovina,False
2015-11-13,Kosovo,Albania,2,2,Friendly,Kosovo,False
2015-11-13,Czechia,Serbia,4,1,Friendly,Czechia,False
2015-11-14,Chad,Egypt,1,0,World Cup qualifier,Chad,False
2015-11-14,Tanzania,Algeria,2,2,World Cup qualifier,Tanzania,False
2015-11-14,Ethiopia,Congo,3,4,World Cup qualifier,Ethiopia,False
2015-11-14,Botswana,Mali,2,1,World Cup qualifier,Botswana,False
2015-11-14,Gabon,Mozambique,1,0,World Cup qualifier,Gabon,False
2015-11-14,Sweden,Denmark,2,1,European Championship qual,Sweden,False
2015-11-14,Russia,Portugal,1,0,Friendly,Russia,False
2015-11-14,Ukraine,Slovenia,2,0,European Championship qual,Ukraine,False
2015-11-15,Uganda,Togo,3,0,World Cup qualifier,Uganda,False
2015-11-15,Zambia,Sudan,2,0,World Cup qualifier,Zambia,False
2015-11-15,DR Congo,Burundi,2,2,World Cup qualifier,DR Congo,False
2015-11-15,Equatorial Guinea,Morocco,1,0,World Cup qualifier,Equatorial Guinea,False
2015-11-15,Guinea,Namibia,2,0,World Cup qualifier,Morocco,True
2015-11-15,Hungary,Norway,2,1,European Championship qual,Hungary,False
2015-11-16,Ireland,Bosnia and Herzegovina,2,0,European Championship qual,Ireland,False
2015-11-16,Albania,Georgia,2,2,Friendly,Albania,False
2015-11-17,Cambodia,Japan,0,2,World Cup and Asian Cup qual,Cambodia,False
2015-11-17,Bangladesh,Australia,0,4,World Cup and Asian Cup qual,Bangladesh,False
2015-11-17,Hong Kong,China,0,0,World Cup and Asian Cup qual,Hong Kong,False
2015-11-17,Macedonia,Lebanon,0,1,Friendly,Macedonia,False
2015-11-17,Guam,Iran,0,6,World Cup and Asian Cup qual,Guam,False
2015-11-17,Laos,South Korea,0,5,World Cup and Asian Cup qual,Laos,False
2015-11-17,Singapore,Syria,1,2,World Cup and Asian Cup qual,Singapore,False
2015-11-17,Taiwan,Iraq,0,2,World Cup and Asian Cup qual,Taiwan,False
2015-11-17,Malaysia,United Arab Emirates,1,2,World Cup and Asian Cup qual,Malaysia,False
2015-11-17,Kyrgyzstan,Jordan,1,0,World Cup and Asian Cup qual,Kyrgyzstan,False
2015-11-17,North Korea,Bahrain,2,0,World Cup and Asian Cup qual,North Korea,False
2015-11-17,East Timor,Saudi Arabia,0,10,World Cup and Asian Cup qual,East Timor,False
2015-11-17,Uzbekistan,Yemen,3,1,World Cup and Asian Cup qual,Qatar,True
2015-11-17,Turkmenistan,Oman,2,1,World Cup and Asian Cup qual,Turkmenistan,False
2015-11-17,Bhutan,Qatar,0,3,World Cup and Asian Cup qual,Bhutan,False
2015-11-17,Egypt,Chad,4,0,World Cup qualifier,Egypt,False
2015-11-17,South Africa,Angola,1,0,World Cup qualifier,South Africa,False
2015-11-17,Cape Verde,Kenya,2,0,World Cup qualifier,Cape Verde,False
2015-11-17,Algeria,Tanzania,7,0,World Cup qualifier,Algeria,False
2015-11-17,Senegal,Madagascar,3,0,World Cup qualifier,Senegal,False
2015-11-17,Congo,Ethiopia,2,1,World Cup qualifier,Congo,False
2015-11-17,Nigeria,Swaziland,2,0,World Cup qualifier,Nigeria,False
2015-11-17,Ghana,Comoros,2,0,World Cup qualifier,Ghana,False
2015-11-17,Tunisia,Mauritania,2,1,World Cup qualifier,Tunisia,False
2015-11-17,Rwanda,Libya,1,3,World Cup qualifier,Rwanda,False
2015-11-17,Burkina Faso,Benin,2,0,World Cup qualifier,Burkina Faso,False
2015-11-17,Cameroon,Niger,0,0,World Cup qualifier,Cameroon,False
2015-11-17,Mali,Botswana,2,0,World Cup qualifier,Mali,False
2015-11-17,Ivory Coast,Liberia,3,0,World Cup qualifier,Ivory Coast,False
2015-11-17,Trinidad and Tobago,United States,0,0,World Cup qualifier,Trinidad and Tobago,False
2015-11-17,El Salvador,Canada,0,0,World Cup qualifier,El Salvador,False
2015-11-17,Panama,Costa Rica,1,2,World Cup qualifier,Panama,False
2015-11-17,St Vincent & Grenadines,Guatemala,0,4,World Cup qualifier,St Vincent & Grenadines,False
2015-11-17,Honduras,Mexico,0,2,World Cup qualifier,Honduras,False
2015-11-17,Haiti,Jamaica,0,1,World Cup qualifier,Haiti,False
2015-11-17,Estonia,Saint Kitts and Nevis,3,0,Friendly,Estonia,False
2015-11-17,Uruguay,Chile,3,0,World Cup qualifier,Uruguay,False
2015-11-17,Colombia,Argentina,0,1,World Cup qualifier,Colombia,False
2015-11-17,Brazil,Peru,3,0,World Cup qualifier,Brazil,False
2015-11-17,Paraguay,Bolivia,2,1,World Cup qualifier,Paraguay,False
2015-11-17,Venezuela,Ecuador,1,3,World Cup qualifier,Venezuela,False
2015-11-17,England,France,2,0,Friendly,England,False
2015-11-17,Austria,Switzerland,1,2,Friendly,Austria,False
2015-11-17,Denmark,Sweden,2,2,European Championship qual,Denmark,False
2015-11-17,Italy,Romania,2,2,Friendly,Italy,False
2015-11-17,Luxembourg,Portugal,0,2,Friendly,Luxembourg,False
2015-11-17,Russia,Croatia,1,3,Friendly,Russia,False
2015-11-17,Poland,Czechia,3,1,Friendly,Poland,False
2015-11-17,Turkey,Greece,0,0,Friendly,Turkey,False
2015-11-17,Slovenia,Ukraine,1,1,European Championship qual,Slovenia,False
2015-11-17,Slovakia,Iceland,3,1,Friendly,Slovakia,False
2015-11-17,Azerbaijan,Moldova,2,1,Friendly,Azerbaijan,False
2015-11-21,Burundi,Zanzibar,1,0,CECAFA Cup,Ethiopia,True
2015-11-21,Ethiopia,Rwanda,0,1,CECAFA Cup,Ethiopia,False
2015-11-22,Kenya,Uganda,2,0,CECAFA Cup,Ethiopia,True
2015-11-22,Tanzania,Somalia,4,0,CECAFA Cup,Ethiopia,True
2015-11-23,South Sudan,Djibouti,2,0,CECAFA Cup,Ethiopia,True
2015-11-23,Malawi,Sudan,2,1,CECAFA Cup,Ethiopia,True
2015-11-24,Uganda,Zanzibar,4,0,CECAFA Cup,Ethiopia,True
2015-11-24,Tanzania,Rwanda,2,1,CECAFA Cup,Ethiopia,True
2015-11-25,Burundi,Kenya,1,1,CECAFA Cup,Ethiopia,True
2015-11-25,Malawi,Djibouti,3,0,CECAFA Cup,Ethiopia,True
2015-11-25,Ethiopia,Somalia,2,0,CECAFA Cup,Ethiopia,False
2015-11-25,South Sudan,Sudan,0,0,CECAFA Cup,Ethiopia,True
2015-11-27,Zanzibar,Kenya,3,1,CECAFA Cup,Ethiopia,True
2015-11-27,Sudan,Djibouti,4,0,CECAFA Cup,Ethiopia,True
2015-11-27,South Sudan,Malawi,2,0,CECAFA Cup,Ethiopia,True
2015-11-27,Rwanda,Somalia,3,0,CECAFA Cup,Ethiopia,True
2015-11-28,Uganda,Burundi,1,0,CECAFA Cup,Ethiopia,True
2015-11-28,Ethiopia,Tanzania,1,1,CECAFA Cup,Ethiopia,False
2015-11-30,Uganda,Malawi,2,0,CECAFA Cup,Ethiopia,True
2015-11-30,Ethiopia,Tanzania,1,1,CECAFA Cup,Ethiopia,False
2015-12-01,Kenya,Rwanda,0,0,CECAFA Cup,Ethiopia,True
2015-12-01,South Sudan,Sudan,0,0,CECAFA Cup,Ethiopia,True
2015-12-03,Ethiopia,Uganda,0,0,CECAFA Cup,Ethiopia,False
2015-12-03,Rwanda,Sudan,1,1,CECAFA Cup,Ethiopia,True
2015-12-05,Uganda,Rwanda,1,0,CECAFA Cup,Ethiopia,True
2015-12-05,Ethiopia,Sudan,1,1,CECAFA Cup,Ethiopia,False
2015-12-08,Nicaragua,Cuba,5,0,Friendly,Nicaragua,False
2015-12-11,Nicaragua,Cuba,1,0,Friendly,Nicaragua,False
2015-12-15,Costa Rica,Nicaragua,1,0,Friendly,Costa Rica,False
2015-12-16,Honduras,Cuba,2,0,Friendly,Honduras,False
2015-12-17,Bangladesh,Nepal,1,0,Friendly,Bangladesh,False
2015-12-23,Sri Lanka,Nepal,1,0,South Asian Championship,India,True
2015-12-24,Afghanistan,Bangladesh,4,0,South Asian Championship,India,True
2015-12-24,Maldives,Bhutan,3,1,South Asian Championship,India,True
2015-12-25,India,Sri Lanka,2,0,South Asian Championship,India,False
2015-12-26,Afghanistan,Bhutan,3,0,South Asian Championship,India,True
2015-12-26,Maldives,Bangladesh,3,1,South Asian Championship,India,True
2015-12-26,Martinique,Guadeloupe,2,0,Friendly,Martinique,False
2015-12-27,India,Nepal,4,1,South Asian Championship,India,False
2015-12-28,Afghanistan,Maldives,4,1,South Asian Championship,India,True
2015-12-28,Bangladesh,Bhutan,3,0,South Asian Championship,India,True
2015-12-31,India,Maldives,3,2,South Asian Championship,India,False
2015-12-31,Afghanistan,Sri Lanka,5,0,South Asian Championship,India,True
2016-01-03,India,Afghanistan,2,1,South Asian Championship,India,False
2016-01-06,Estonia,Sweden,1,1,Friendly,United Arab Emirates,True
2016-01-08,Bangladesh,Sri Lanka,4,2,Bangabandhu Gold Cup,Bangladesh,False
2016-01-08,Haiti,Trinidad and Tobago,1,0,Copa America qualifier,Panama,True
2016-01-08,Panama,Cuba,4,0,Copa America qualifier,Panama,False
2016-01-10,Sweden,Finland,3,0,Friendly,United Arab Emirates,True
2016-01-11,Maldives,Cambodia,3,2,Bangabandhu Gold Cup,Bangladesh,True
2016-01-13,Nepal,Sri Lanka,1,0,Bangabandhu Gold Cup,Bangladesh,True
2016-01-13,Iceland,Finland,1,0,Friendly,United Arab Emirates,True
2016-01-15,Bangladesh,Nepal,0,0,Bangabandhu Gold Cup,Bangladesh,False
2016-01-16,United Arab Emirates,Iceland,2,1,Friendly,United Arab Emirates,False
2016-01-19,Nepal,Maldives,4,1,Bangabandhu Gold Cup,Bangladesh,True
2016-01-27,Egypt,Jordan,0,1,Friendly,Egypt,False
2016-01-27,Nicaragua,Honduras,1,3,Friendly,Nicaragua,False
2016-01-29,Egypt,Libya,2,0,Friendly,Egypt,False
2016-01-31,United States,Iceland,3,2,Friendly,United States,False
2016-02-02,Venezuela,Costa Rica,1,0,Friendly,Venezuela,False
2016-02-05,Bahrain,Lebanon,2,0,Friendly,Bahrain,False
2016-02-05,United States,Canada,1,0,Friendly,United States,False
2016-02-06,Guadeloupe,Martinique,1,1,Friendly,Guadeloupe,False
2016-02-10,Guatemala,Honduras,3,1,Friendly,Guatemala,False
2016-02-14,Uzbekistan,Lebanon,2,0,Friendly,United Arab Emirates,True
2016-02-17,Panama,El Salvador,1,0,Friendly,Panama,False
2016-02-21,Guyana,Suriname,2,0,Friendly,Guyana,False
2016-02-21,Saint Kitts and Nevis,Bermuda,3,0,Friendly,Saint Kitts and Nevis,False
2016-02-25,French Guiana,Suriname,2,3,Friendly,French Guiana,False
2016-03-02,Guatemala,El Salvador,1,0,Friendly,Guatemala,False
2016-03-09,Nicaragua,El Salvador,1,1,Friendly,Nicaragua,False
2016-03-13,St Vincent & Grenadines,Martinique,0,4,Friendly,St Vincent & Grenadines,False
2016-03-13,Sint Maarten,Anguilla,2,0,Friendly,Sint Maarten,False
2016-03-15,Nicaragua,Panama,1,0,Friendly,Nicaragua,False
2016-03-18,Syria,Iraq,1,0,Friendly,Iran,True
2016-03-18,United Arab Emirates,Bangladesh,6,1,Friendly,United Arab Emirates,False
2016-03-19,Taiwan,Guam,3,2,Friendly,Taiwan,False
2016-03-19,Grenada,Trinidad and Tobago,2,2,Friendly,Grenada,False
2016-03-22,Sierra Leone,Malawi,1,1,Friendly,Sierra Leone,False
2016-03-22,Guyana,Anguilla,7,0,CONCACAF Ch & Car Ch q,Guyana,False
2016-03-22,Cuba,Bermuda,2,1,CONCACAF Ch & Car Ch q,Cuba,False
2016-03-22,Grenada,Sint Maarten,5,0,CONCACAF Ch & Car Ch q,Grenada,False
2016-03-23,Guinea-Bissau,Kenya,1,0,African Nations Cup qualifier,Guinea-Bissau,False
2016-03-23,Chad,Tanzania,0,1,African Nations Cup qualifier,Chad,False
2016-03-23,Zambia,Congo,1,1,African Nations Cup qualifier,Zambia,False
2016-03-23,Sao Tome and Principe,Libya,2,1,African Nations Cup qualifier,Sao Tome and Principe,False
2016-03-23,South Sudan,Benin,1,2,African Nations Cup qualifier,South Sudan,False
2016-03-23,Antigua and Barbuda,Aruba,2,1,CONCACAF Ch & Car Ch q,Antigua and Barbuda,False
2016-03-23,Barbados,Curaçao,1,0,CONCACAF Ch & Car Ch q,Barbados,False
2016-03-23,Martinique,British Virgin Islands,3,0,CONCACAF Ch & Car Ch q,Martinique,False
2016-03-23,Guadeloupe,Suriname,0,0,CONCACAF Ch & Car Ch q,Guadeloupe,False
2016-03-23,Poland,Serbia,1,0,Friendly,Poland,False
2016-03-23,Romania,Lithuania,1,0,Friendly,Romania,False
2016-03-23,Croatia,Israel,2,0,Friendly,Croatia,False
2016-03-23,Gibraltar,Liechtenstein,0,0,Friendly,Gibraltar,False
2016-03-23,Slovenia,Macedonia,1,0,Friendly,Slovenia,False
2016-03-24,Japan,Afghanistan,5,0,World Cup and Asian Cup qual,Japan,False
2016-03-24,Uzbekistan,Philippines,1,0,World Cup and Asian Cup qual,Uzbekistan,False
2016-03-24,Australia,Tajikistan,7,0,World Cup and Asian Cup qual,Australia,False
2016-03-24,China,Maldives,4,0,World Cup and Asian Cup qual,China,False
2016-03-24,Iran,India,4,0,World Cup and Asian Cup qual,Iran,False
2016-03-24,South Korea,Lebanon,1,0,World Cup and Asian Cup qual,South Korea,False
2016-03-24,Vietnam,Taiwan,4,1,World Cup and Asian Cup qual,Vietnam,False
2016-03-24,Syria,Cambodia,6,0,World Cup and Asian Cup qual,Oman,True
2016-03-24,Singapore,Myanmar,2,1,Friendly,Singapore,False
2016-03-24,Qatar,Hong Kong,2,0,World Cup and Asian Cup qual,Qatar,False
2016-03-24,Saudi Arabia,Malaysia,2,0,World Cup and Asian Cup qual,Saudi Arabia,False
2016-03-24,Iraq,Thailand,2,2,World Cup and Asian Cup qual,Iran,True
2016-03-24,Jordan,Bangladesh,8,0,World Cup and Asian Cup qual,Jordan,False
2016-03-24,United Arab Emirates,Palestine,2,0,World Cup and Asian Cup qual,United Arab Emirates,False
2016-03-24,Bahrain,Yemen,3,0,World Cup and Asian Cup qual,Bahrain,False
2016-03-24,Oman,Guam,1,0,World Cup and Asian Cup qual,Oman,False
2016-03-24,Madagascar,Central African Republic,1,1,African Nations Cup qualifier,Madagascar,False
2016-03-24,Djibouti,Liberia,0,1,African Nations Cup qualifier,Djibouti,False
2016-03-24,Ghana,Mozambique,3,1,African Nations Cup qualifier,Ghana,False
2016-03-24,Comoros,Botswana,1,0,African Nations Cup qualifier,Comoros,False
2016-03-24,Chile,Argentina,1,2,World Cup qualifier,Chile,False
2016-03-24,Ecuador,Paraguay,2,2,World Cup qualifier,Ecuador,False
2016-03-24,Bolivia,Colombia,2,3,World Cup qualifier,Bolivia,False
2016-03-24,Peru,Venezuela,2,2,World Cup qualifier,Peru,False
2016-03-24,Solomon Islands,Papua New Guinea,2,0,Friendly,Solomon Islands,False
2016-03-24,Czechia,Scotland,0,1,Friendly,Czechia,False
2016-03-24,Wales,Northern Ireland,1,1,Friendly,Wales,False
2016-03-24,Turkey,Sweden,2,1,Friendly,Turkey,False
2016-03-24,Estonia,Norway,0,0,Friendly,Estonia,False
2016-03-24,Italy,Spain,1,1,Friendly,Italy,False
2016-03-24,Denmark,Iceland,2,1,Friendly,Denmark,False
2016-03-24,Ukraine,Cyprus,1,0,Friendly,Ukraine,False
2016-03-24,Greece,Montenegro,2,1,Friendly,Greece,False
2016-03-24,Malta,Moldova,0,0,Friendly,Malta,False
2016-03-25,Nigeria,Egypt,1,1,African Nations Cup qualifier,Nigeria,False
2016-03-25,Swaziland,Zimbabwe,1,1,African Nations Cup qualifier,Swaziland,False
2016-03-25,Algeria,Ethiopia,7,1,African Nations Cup qualifier,Algeria,False
2016-03-25,Gabon,Sierra Leone,2,1,Friendly,Gabon,False
2016-03-25,Mauritania,Gambia,2,1,African Nations Cup qualifier,Mauritania,False
2016-03-25,Tunisia,Togo,1,0,African Nations Cup qualifier,Tunisia,False
2016-03-25,Ivory Coast,Sudan,1,0,African Nations Cup qualifier,Ivory Coast,False
2016-03-25,Guinea,Malawi,0,0,African Nations Cup qualifier,Guinea,False
2016-03-25,Mali,Equatorial Guinea,1,0,African Nations Cup qualifier,Mali,False
2016-03-25,Guatemala,United States,2,0,World Cup qualifier,Guatemala,False
2016-03-25,Canada,Mexico,0,3,World Cup qualifier,Canada,False
2016-03-25,Jamaica,Costa Rica,1,1,World Cup qualifier,Jamaica,False
2016-03-25,El Salvador,Honduras,2,2,World Cup qualifier,El Salvador,False
2016-03-25,Haiti,Panama,0,0,World Cup qualifier,Haiti,False
2016-03-25,St Vincent & Grenadines,Trinidad and Tobago,2,3,World Cup qualifier,St Vincent & Grenadines,False
2016-03-25,Brazil,Uruguay,2,2,World Cup qualifier,Brazil,False
2016-03-25,Netherlands,France,2,3,Friendly,Netherlands,False
2016-03-25,Ireland,Switzerland,1,0,Friendly,Ireland,False
2016-03-25,Luxembourg,Bosnia and Herzegovina,0,3,Friendly,Luxembourg,False
2016-03-25,Portugal,Bulgaria,0,1,Friendly,Portugal,False
2016-03-25,Slovakia,Latvia,0,0,Friendly,Slovakia,False
2016-03-25,Armenia,Belarus,0,0,Friendly,Armenia,False
2016-03-26,Cameroon,South Africa,2,2,African Nations Cup qualifier,Cameroon,False
2016-03-26,Burkina Faso,Uganda,1,0,African Nations Cup qualifier,Burkina Faso,False
2016-03-26,Mauritius,Rwanda,1,0,African Nations Cup qualifier,Mauritius,False
2016-03-26,DR Congo,Angola,2,1,African Nations Cup qualifier,DR Congo,False
2016-03-26,Burundi,Namibia,1,3,African Nations Cup qualifier,Burundi,False
2016-03-26,Cape Verde,Morocco,0,1,African Nations Cup qualifier,Cape Verde,False
2016-03-26,Senegal,Niger,2,0,African Nations Cup qualifier,Senegal,False
2016-03-26,Seychelles,Lesotho,2,0,African Nations Cup qualifier,Seychelles,False
2016-03-26,Aruba,Saint Kitts and Nevis,0,2,CONCACAF Ch & Car Ch q,Aruba,False
2016-03-26,Curaçao,Dominican Republic,2,1,CONCACAF Ch & Car Ch q,Curaçao,False
2016-03-26,British Virgin Islands,Dominica,0,7,CONCACAF Ch & Car Ch q,British Virgin Islands,False
2016-03-26,Bermuda,French Guiana,2,1,CONCACAF Ch & Car Ch q,Bermuda,False
2016-03-26,Anguilla,Puerto Rico,0,4,CONCACAF Ch & Car Ch q,Anguilla,False
2016-03-26,Sint Maarten,US Virgin Islands,1,2,CONCACAF Ch & Car Ch q,Sint Maarten,False
2016-03-26,Vanuatu,New Caledonia,2,1,Friendly,Vanuatu,False
2016-03-26,Germany,England,2,3,Friendly,Germany,False
2016-03-26,Austria,Albania,2,1,Friendly,Austria,False
2016-03-26,Hungary,Croatia,1,1,Friendly,Hungary,False
2016-03-26,Poland,Finland,5,0,Friendly,Poland,False
2016-03-26,Russia,Lithuania,3,0,Friendly,Russia,False
2016-03-26,Kazakhstan,Azerbaijan,1,0,Friendly,Turkey,True
2016-03-27,Thailand,South Korea,0,1,Friendly,Thailand,False
2016-03-27,Kenya,Guinea-Bissau,0,1,African Nations Cup qualifier,Kenya,False
2016-03-27,Congo,Zambia,1,1,African Nations Cup qualifier,Congo,False
2016-03-27,Mozambique,Ghana,0,0,African Nations Cup qualifier,Mozambique,False
2016-03-27,Benin,South Sudan,4,1,African Nations Cup qualifier,Benin,False
2016-03-27,Botswana,Comoros,2,1,African Nations Cup qualifier,Botswana,False
2016-03-27,Solomon Islands,Papua New Guinea,1,2,Friendly,Solomon Islands,False
2016-03-27,Romania,Spain,0,0,Friendly,Romania,False
2016-03-28,Zimbabwe,Swaziland,4,0,African Nations Cup qualifier,Zimbabwe,False
2016-03-28,Central African Republic,Madagascar,2,1,African Nations Cup qualifier,Central African Republic,False
2016-03-28,Sierra Leone,Gabon,1,0,Friendly,Sierra Leone,False
2016-03-28,Libya,Sao Tome and Principe,4,0,African Nations Cup qualifier,Algeria,True
2016-03-28,Equatorial Guinea,Mali,0,1,African Nations Cup qualifier,Equatorial Guinea,False
2016-03-28,Ukraine,Wales,1,0,Friendly,Ukraine,False
2016-03-28,Northern Ireland,Slovenia,1,0,Friendly,Northern Ireland,False
2016-03-28,Moldova,Andorra,1,0,Friendly,Malta,True
2016-03-28,Faroe Islands,Liechtenstein,3,2,Friendly,Spain,True
2016-03-29,Japan,Syria,5,0,World Cup and Asian Cup qual,Japan,False
2016-03-29,Philippines,North Korea,3,2,World Cup and Asian Cup qual,Philippines,False
2016-03-29,Australia,Jordan,5,1,World Cup and Asian Cup qual,Australia,False
2016-03-29,China,Qatar,2,0,World Cup and Asian Cup qual,China,False
2016-03-29,India,Turkmenistan,1,2,World Cup and Asian Cup qual,India,False
2016-03-29,Lebanon,Myanmar,1,1,World Cup and Asian Cup qual,Lebanon,False
2016-03-29,Afghanistan,Singapore,2,1,World Cup and Asian Cup qual,Iran,True
2016-03-29,Iran,Oman,2,0,World Cup and Asian Cup qual,Iran,False
2016-03-29,Iraq,Vietnam,1,0,World Cup and Asian Cup qual,Iran,True
2016-03-29,Malaysia,Macao,0,0,Friendly,Malaysia,False
2016-03-29,Tajikistan,Kyrgyzstan,0,1,World Cup and Asian Cup qual,Tajikistan,False
2016-03-29,United Arab Emirates,Saudi Arabia,1,1,World Cup and Asian Cup qual,United Arab Emirates,False
2016-03-29,Palestine,East Timor,7,0,World Cup and Asian Cup qual,Palestine,False
2016-03-29,Uzbekistan,Bahrain,1,0,World Cup and Asian Cup qual,Uzbekistan,False
2016-03-29,Maldives,Bhutan,4,2,World Cup and Asian Cup qual,Maldives,False
2016-03-29,Egypt,Nigeria,1,0,African Nations Cup qualifier,Egypt,False
2016-03-29,South Africa,Cameroon,0,0,African Nations Cup qualifier,South Africa,False
2016-03-29,Uganda,Burkina Faso,0,0,African Nations Cup qualifier,Uganda,False
2016-03-29,Rwanda,Mauritius,5,0,African Nations Cup qualifier,Rwanda,False
2016-03-29,Liberia,Djibouti,5,0,African Nations Cup qualifier,Liberia,False
2016-03-29,Ethiopia,Algeria,3,3,African Nations Cup qualifier,Ethiopia,False
2016-03-29,Angola,DR Congo,0,2,African Nations Cup qualifier,Angola,False
2016-03-29,Gambia,Mauritania,0,0,African Nations Cup qualifier,The Gambia,True
2016-03-29,Namibia,Burundi,1,3,African Nations Cup qualifier,Namibia,False
2016-03-29,Togo,Tunisia,0,0,African Nations Cup qualifier,Togo,False
2016-03-29,Sudan,Ivory Coast,1,1,African Nations Cup qualifier,Sudan,False
2016-03-29,Malawi,Guinea,1,2,African Nations Cup qualifier,Malawi,False
2016-03-29,Morocco,Cape Verde,2,0,African Nations Cup qualifier,Morocco,False
2016-03-29,Niger,Senegal,1,2,African Nations Cup qualifier,Niger,False
2016-03-29,Lesotho,Seychelles,2,1,African Nations Cup qualifier,Lesotho,False
2016-03-29,United States,Guatemala,4,0,World Cup qualifier,United States,False
2016-03-29,Mexico,Canada,2,0,World Cup qualifier,Mexico,False
2016-03-29,Costa Rica,Jamaica,3,0,World Cup qualifier,Costa Rica,False
2016-03-29,Honduras,El Salvador,2,0,World Cup qualifier,Honduras,False
2016-03-29,Panama,Haiti,1,0,World Cup qualifier,Panama,False
2016-03-29,Puerto Rico,Guyana,0,1,CONCACAF Ch & Car Ch q,Puerto Rico,False
2016-03-29,Trinidad and Tobago,St Vincent & Grenadines,6,0,World Cup qualifier,Trinidad and Tobago,False
2016-03-29,Dominican Republic,Barbados,2,0,CONCACAF Ch & Car Ch q,Dominican Republic,False
2016-03-29,Dominica,Martinique,1,4,CONCACAF Ch & Car Ch q,Dominica,False
2016-03-29,French Guiana,Cuba,3,0,CONCACAF Ch & Car Ch q,French Guiana,False
2016-03-29,Suriname,Guadeloupe,3,2,CONCACAF Ch & Car Ch q,Suriname,False
2016-03-29,Saint Kitts and Nevis,Antigua and Barbuda,1,0,CONCACAF Ch & Car Ch q,Saint Kitts and Nevis,False
2016-03-29,US Virgin Islands,Grenada,1,2,CONCACAF Ch & Car Ch q,US Virgin Islands,False
2016-03-29,Uruguay,Peru,1,0,World Cup qualifier,Uruguay,False
2016-03-29,Argentina,Bolivia,2,0,World Cup qualifier,Argentina,False
2016-03-29,Venezuela,Chile,1,4,World Cup qualifier,Venezuela,False
2016-03-29,Paraguay,Brazil,2,2,World Cup qualifier,Paraguay,False
2016-03-29,Colombia,Ecuador,3,1,World Cup qualifier,Colombia,False
2016-03-29,Scotland,Denmark,1,0,Friendly,Scotland,False
2016-03-29,England,Netherlands,1,2,Friendly,England,False
2016-03-29,Austria,Turkey,1,2,Friendly,Austria,False
2016-03-29,Portugal,Belgium,2,1,Friendly,Portugal,False
2016-03-29,France,Russia,4,2,Friendly,France,False
2016-03-29,Switzerland,Bosnia and Herzegovina,0,2,Friendly,Switzerland,False
2016-03-29,Germany,Italy,4,1,Friendly,Germany,False
2016-03-29,Sweden,Czechia,1,1,Friendly,Sweden,False
2016-03-29,Norway,Finland,2,0,Friendly,Norway,False
2016-03-29,Luxembourg,Albania,0,2,Friendly,Luxembourg,False
2016-03-29,Estonia,Serbia,0,1,Friendly,Estonia,False
2016-03-29,Gibraltar,Latvia,0,5,Friendly,Gibraltar,False
2016-03-29,Macedonia,Bulgaria,0,2,Friendly,Macedonia,False
2016-03-29,Ireland,Slovakia,2,2,Friendly,Ireland,False
2016-03-29,Montenegro,Belarus,0,0,Friendly,Montenegro,False
2016-03-29,Greece,Iceland,2,3,Friendly,Greece,False
2016-03-29,Georgia,Kazakhstan,1,1,Friendly,Georgia,False
2016-04-27,Martinique,Panama,0,2,Friendly,Martinique,False
2016-05-20,Hungary,Ivory Coast,0,0,Friendly,Hungary,False
2016-05-21,Botswana,Lesotho,2,1,Friendly,Botswana,False
2016-05-22,Puerto Rico,United States,1,3,Friendly,Puerto Rico,False
2016-05-22,England,Turkey,2,1,Friendly,England,False
2016-05-23,Peru,Trinidad and Tobago,4,0,Friendly,Peru,False
2016-05-24,Panama,Venezuela,0,0,Friendly,Panama,False
2016-05-25,DR Congo,Romania,1,1,Friendly,Italy,True
2016-05-25,United States,Ecuador,1,0,Friendly,United States,False
2016-05-25,Serbia,Cyprus,2,1,Friendly,Serbia,False
2016-05-26,Andorra,Azerbaijan,0,0,Friendly,Austria,True
2016-05-27,England,Australia,2,1,Friendly,England,False
2016-05-27,Togo,Zambia,1,0,Friendly,Togo,False
2016-05-27,Nigeria,Mali,1,0,Friendly,France,True
2016-05-27,Morocco,Congo,2,0,Friendly,Morocco,False
2016-05-27,Lesotho,Swaziland,0,2,Friendly,Lesotho,False
2016-05-27,Costa Rica,Venezuela,2,1,Friendly,Costa Rica,False
2016-05-27,Chile,Jamaica,1,2,Friendly,Chile,False
2016-05-27,Argentina,Honduras,1,0,Friendly,Argentina,False
2016-05-27,Uruguay,Trinidad and Tobago,3,1,Friendly,Uruguay,False
2016-05-27,Northern Ireland,Belarus,3,0,Friendly,Northern Ireland,False
2016-05-27,Ireland,Netherlands,1,1,Friendly,Ireland,False
2016-05-27,Slovakia,Georgia,3,1,Friendly,Austria,True
2016-05-27,Croatia,Moldova,1,0,Friendly,Croatia,False
2016-05-27,Czechia,Malta,6,0,Friendly,Austria,True
2016-05-28,Myanmar,Malaysia,0,0,Friendly,Myanmar,False
2016-05-28,Mauritania,Gabon,2,0,Friendly,Spain,True
2016-05-28,Rwanda,Senegal,0,2,Friendly,Rwanda,False
2016-05-28,United States,Bolivia,4,0,Friendly,United States,False
2016-05-28,Peru,El Salvador,3,1,Friendly,United States,True
2016-05-28,Armenia,Guatemala,7,1,Friendly,United States,True
2016-05-28,Mexico,Paraguay,1,0,Friendly,United States,True
2016-05-28,New Zealand,Fiji,3,1,WC q and Oce Cup,Papua New Guinea,True
2016-05-28,Solomon Islands,Vanuatu,1,0,WC q and Oce Cup,Papua New Guinea,True
2016-05-28,Switzerland,Belgium,1,2,Friendly,Switzerland,False
2016-05-29,Cambodia,East Timor,2,0,Friendly,Cambodia,False
2016-05-29,Laos,Nepal,1,1,Friendly,Laos,False
2016-05-29,Albania,Qatar,3,1,Friendly,Austria,True
2016-05-29,Kenya,Tanzania,1,1,Friendly,Kenya,False
2016-05-29,Colombia,Haiti,3,1,Friendly,United States,True
2016-05-29,Brazil,Panama,2,0,Friendly,United States,True
2016-05-29,Papua New Guinea,New Caledonia,1,1,WC q and Oce Cup,Papua New Guinea,False
2016-05-29,Tahiti,Samoa,4,0,WC q and Oce Cup,Papua New Guinea,True
2016-05-29,Italy,Scotland,1,0,Friendly,Malta,True
2016-05-29,Germany,Slovakia,1,3,Friendly,Germany,False
2016-05-29,Portugal,Norway,3,0,Friendly,Portugal,False
2016-05-29,Lithuania,Estonia,2,0,Baltic Cup,Lithuania,False
2016-05-29,Spain,Bosnia and Herzegovina,3,1,Friendly,Switzerland,True
2016-05-29,Ukraine,Romania,4,3,Friendly,Italy,True
2016-05-29,Turkey,Montenegro,1,0,Friendly,Turkey,False
2016-05-29,Macedonia,Azerbaijan,3,1,Friendly,Austria,True
2016-05-30,Gambia,Zambia,0,0,Friendly,The Gambia,True
2016-05-30,France,Cameroon,3,2,Friendly,France,False
2016-05-30,Sweden,Slovenia,0,0,Friendly,Sweden,False
2016-05-31,Vietnam,Syria,2,0,Friendly,Vietnam,False
2016-05-31,Kenya,Sudan,1,1,Friendly,Kenya,False
2016-05-31,Zimbabwe,Uganda,2,0,Friendly,Zimbabwe,False
2016-05-31,Luxembourg,Nigeria,1,3,Friendly,Luxembourg,False
2016-05-31,New Zealand,Vanuatu,5,0,WC q and Oce Cup,Papua New Guinea,True
2016-05-31,Fiji,Solomon Islands,1,0,WC q and Oce Cup,Papua New Guinea,True
2016-05-31,Austria,Malta,2,1,Friendly,Austria,False
2016-05-31,Ireland,Belarus,1,2,Friendly,Ireland,False
2016-05-31,Serbia,Israel,3,1,Friendly,Serbia,False
2016-06-01,Spain,South Korea,6,1,Friendly,Austria,True
2016-06-01,Armenia,El Salvador,4,0,Friendly,United States,True
2016-06-01,Guatemala,Venezuela,1,1,Friendly,United States,True
2016-06-01,Mexico,Chile,1,0,Friendly,United States,True
2016-06-01,Curaçao,Guyana,5,2,CONCACAF Ch & Car Ch q,Curaçao,False
2016-06-01,Martinique,Guadeloupe,2,0,CONCACAF Ch & Car Ch q,Martinique,False
2016-06-01,Saint Kitts and Nevis,Suriname,1,0,CONCACAF Ch & Car Ch q,Saint Kitts and Nevis,False
2016-06-01,French Guiana,Bermuda,0,1,CONCACAF Ch & Car Ch q,French Guiana,False
2016-06-01,Grenada,Puerto Rico,3,3,CONCACAF Ch & Car Ch q,Grenada,False
2016-06-01,New Caledonia,Samoa,7,0,WC q and Oce Cup,Papua New Guinea,True
2016-06-01,Papua New Guinea,Tahiti,2,2,WC q and Oce Cup,Papua New Guinea,False
2016-06-01,Belgium,Finland,1,1,Friendly,Belgium,False
2016-06-01,Poland,Netherlands,1,2,Friendly,Poland,False
2016-06-01,Norway,Iceland,3,2,Friendly,Norway,False
2016-06-01,Czechia,Russia,2,1,Friendly,Austria,True
2016-06-01,Estonia,Andorra,2,0,Friendly,Estonia,False
2016-06-01,Latvia,Lithuania,2,1,Baltic Cup,Latvia,False
2016-06-02,Laos,India,0,1,Asian Cup qualifier,Laos,False
2016-06-02,Macedonia,Iran,1,3,Friendly,Macedonia,False
2016-06-02,Taiwan,Cambodia,2,2,Asian Cup qualifier,Taiwan,False
2016-06-02,Malaysia,East Timor,3,0,Asian Cup qualifier,Malaysia,False
2016-06-02,Maldives,Yemen,0,2,Asian Cup qualifier,Maldives,False
2016-06-02,Tajikistan,Bangladesh,5,0,Asian Cup qualifier,Tajikistan,False
2016-06-02,Seychelles,Algeria,0,2,African Nations Cup qualifier,Seychelles,False
2016-06-02,England,Portugal,1,0,Friendly,England,False
2016-06-03,Japan,Bulgaria,7,2,Friendly tournament,Japan,False
2016-06-03,China,Trinidad and Tobago,4,2,Friendly,China,False
2016-06-03,Hong Kong,Vietnam,2,2,Friendly tournament,Myanmar,True
2016-06-03,Thailand,Syria,2,2,King's Cup,Thailand,False
2016-06-03,Myanmar,Singapore,0,1,Friendly tournament,Myanmar,False
2016-06-03,Jordan,United Arab Emirates,3,1,King's Cup,Thailand,True
2016-06-03,Djibouti,Tunisia,0,3,African Nations Cup qualifier,Djibouti,False
2016-06-03,Libya,Morocco,1,1,African Nations Cup qualifier,Tunisia,True
2016-06-03,Mauritania,Cameroon,0,1,African Nations Cup qualifier,Mauritania,False
2016-06-03,United States,Colombia,0,2,Copa America,United States,False
2016-06-03,Azerbaijan,Canada,1,1,Friendly,Austria,True
2016-06-03,Switzerland,Moldova,2,1,Friendly,Switzerland,False
2016-06-03,Bosnia and Herzegovina,Denmark,2,2,Friendly tournament,Japan,True
2016-06-03,Romania,Georgia,5,1,Friendly,Romania,False
2016-06-03,Ukraine,Albania,3,1,Friendly,Italy,True
2016-06-03,Kosovo,Faroe Islands,2,0,Friendly,Germany,True
2016-06-04,Australia,Greece,1,0,Friendly,Australia,False
2016-06-04,Tanzania,Egypt,0,2,African Nations Cup qualifier,Tanzania,False
2016-06-04,Gambia,South Africa,0,4,African Nations Cup qualifier,The Gambia,True
2016-06-04,Botswana,Uganda,1,2,African Nations Cup qualifier,Botswana,False
2016-06-04,Guinea-Bissau,Zambia,3,2,African Nations Cup qualifier,Guinea-Bissau,False
2016-06-04,Sierra Leone,Sudan,1,0,African Nations Cup qualifier,Sierra Leone,False
2016-06-04,Burundi,Senegal,0,2,African Nations Cup qualifier,Burundi,False
2016-06-04,Sao Tome and Principe,Cape Verde,1,2,African Nations Cup qualifier,Sao Tome and Principe,False
2016-06-04,South Sudan,Mali,0,3,African Nations Cup qualifier,South Sudan,False
2016-06-04,Ivory Coast,Gabon,2,1,Friendly,Ivory Coast,False
2016-06-04,Namibia,Niger,1,0,African Nations Cup qualifier,Namibia,False
2016-06-04,Rwanda,Mozambique,2,3,African Nations Cup qualifier,Rwanda,False
2016-06-04,Costa Rica,Paraguay,0,0,Copa America,United States,True
2016-06-04,Peru,Haiti,1,0,Copa America,United States,True
2016-06-04,US Virgin Islands,Guyana,0,7,CONCACAF Ch & Car Ch q,US Virgin Islands,False
2016-06-04,Guadeloupe,Dominica,2,1,CONCACAF Ch & Car Ch q,Guadeloupe,False
2016-06-04,Suriname,St Vincent & Grenadines,2,1,CONCACAF Ch & Car Ch q,Suriname,False
2016-06-04,Puerto Rico,Antigua and Barbuda,2,1,CONCACAF Ch & Car Ch q,Puerto Rico,False
2016-06-04,Bermuda,Dominican Republic,0,1,CONCACAF Ch & Car Ch q,Bermuda,False
2016-06-04,Brazil,Ecuador,0,0,Copa America,United States,True
2016-06-04,New Zealand,Solomon Islands,1,0,WC q and Oce Cup,Papua New Guinea,True
2016-06-04,Vanuatu,Fiji,3,2,WC q and Oce Cup,Papua New Guinea,True
2016-06-04,France,Scotland,3,0,Friendly,France,False
2016-06-04,Slovakia,Northern Ireland,0,0,Friendly,Slovakia,False
2016-06-04,Austria,Netherlands,0,2,Friendly,Austria,False
2016-06-04,Germany,Hungary,2,0,Friendly,Germany,False
2016-06-04,Estonia,Latvia,0,0,Baltic Cup,Estonia,False
2016-06-04,Croatia,San Marino,10,0,Friendly,Croatia,False
2016-06-05,Czechia,South Korea,1,2,Friendly,Czechia,False
2016-06-05,Syria,United Arab Emirates,1,0,King's Cup,Thailand,True
2016-06-05,Thailand,Jordan,2,0,King's Cup,Thailand,False
2016-06-05,Kenya,Congo,2,1,African Nations Cup qualifier,Kenya,False
2016-06-05,Zimbabwe,Malawi,3,0,African Nations Cup qualifier,Zimbabwe,False
2016-06-05,Madagascar,DR Congo,1,6,African Nations Cup qualifier,Madagascar,False
2016-06-05,Mauritius,Ghana,0,2,African Nations Cup qualifier,Mauritius,False
2016-06-05,Lesotho,Ethiopia,1,2,African Nations Cup qualifier,Lesotho,False
2016-06-05,Liberia,Togo,2,2,African Nations Cup qualifier,Liberia,False
2016-06-05,Central African Republic,Angola,3,1,African Nations Cup qualifier,Central African Republic,False
2016-06-05,Comoros,Burkina Faso,0,1,African Nations Cup qualifier,Comoros,False
2016-06-05,Swaziland,Guinea,1,0,African Nations Cup qualifier,Swaziland,False
2016-06-05,Mexico,Uruguay,3,1,Copa America,United States,True
2016-06-05,Venezuela,Jamaica,1,0,Copa America,United States,True
2016-06-05,New Caledonia,Tahiti,1,1,WC q and Oce Cup,Papua New Guinea,True
2016-06-05,Papua New Guinea,Samoa,8,0,WC q and Oce Cup,Papua New Guinea,False
2016-06-05,Sweden,Wales,3,0,Friendly,Sweden,False
2016-06-05,Belgium,Norway,3,2,Friendly,Belgium,False
2016-06-05,Russia,Serbia,1,1,Friendly,Monaco,True
2016-06-05,Slovenia,Turkey,0,1,Friendly,Slovenia,False
2016-06-06,Vietnam,Singapore,3,0,Friendly tournament,Myanmar,True
2016-06-06,Myanmar,Hong Kong,3,0,Friendly tournament,Myanmar,False
2016-06-06,Malaysia,East Timor,3,0,Asian Cup qualifier,Malaysia,False
2016-06-06,Panama,Bolivia,2,1,Copa America,United States,True
2016-06-06,Argentina,Chile,2,1,Copa America,United States,True
2016-06-06,Italy,Finland,2,0,Friendly,Italy,False
2016-06-06,Poland,Lithuania,0,0,Friendly,Poland,False
2016-06-06,Iceland,Liechtenstein,4,0,Friendly,Iceland,False
2016-06-07,Japan,Bosnia and Herzegovina,1,2,Friendly tournament,Japan,False
2016-06-07,Australia,Greece,1,2,Friendly,Australia,False
2016-06-07,China,Kazakhstan,0,1,Friendly,China,False
2016-06-07,India,Laos,6,1,Asian Cup qualifier,India,False
2016-06-07,Iran,Kyrgyzstan,6,0,Friendly,Iran,False
2016-06-07,Cambodia,Taiwan,2,0,Asian Cup qualifier,Cambodia,False
2016-06-07,Yemen,Maldives,2,0,Asian Cup qualifier,Qatar,True
2016-06-07,Bangladesh,Tajikistan,0,1,Asian Cup qualifier,Bangladesh,False
2016-06-07,Canada,Uzbekistan,2,1,Friendly,Austria,True
2016-06-07,United States,Costa Rica,4,0,Copa America,United States,False
2016-06-07,Curaçao,US Virgin Islands,7,0,CONCACAF Ch & Car Ch q,Curaçao,False
2016-06-07,Dominica,Martinique,0,4,CONCACAF Ch & Car Ch q,Dominica,False
2016-06-07,Dominican Republic,French Guiana,2,1,CONCACAF Ch & Car Ch q,Dominican Republic,False
2016-06-07,St Vincent & Grenadines,Saint Kitts and Nevis,0,1,CONCACAF Ch & Car Ch q,St Vincent & Grenadines,False
2016-06-07,Antigua and Barbuda,Grenada,5,1,CONCACAF Ch & Car Ch q,Antigua and Barbuda,False
2016-06-07,Colombia,Paraguay,2,1,Copa America,United States,True
2016-06-07,Denmark,Bulgaria,4,0,Friendly tournament,Japan,True
2016-06-07,Spain,Georgia,0,1,Friendly,Spain,False
2016-06-08,Namibia,Malawi,0,0,Friendly,Namibia,False
2016-06-08,Brazil,Haiti,7,1,Copa America,United States,True
2016-06-08,Ecuador,Peru,2,2,Copa America,United States,True
2016-06-08,New Zealand,New Caledonia,1,0,Oceania Nations Cup,Papua New Guinea,True
2016-06-08,Papua New Guinea,Solomon Islands,2,1,Oceania Nations Cup,Papua New Guinea,False
2016-06-08,Portugal,Estonia,7,0,Friendly,Portugal,False
2016-06-09,Mexico,Jamaica,2,0,Copa America,United States,True
2016-06-09,Venezuela,Uruguay,1,0,Copa America,United States,True
2016-06-10,Argentina,Panama,5,0,Copa America,United States,True
2016-06-10,Chile,Bolivia,2,1,Copa America,United States,True
2016-06-10,France,Romania,2,1,European Championship,France,False
2016-06-11,Swaziland,Zimbabwe,2,2,COSAFA Cup,Namibia,True
2016-06-11,Madagascar,Seychelles,1,0,COSAFA Cup,Namibia,True
2016-06-11,United States,Paraguay,1,0,Copa America,United States,False
2016-06-11,Costa Rica,Colombia,3,2,Copa America,United States,True
2016-06-11,Papua New Guinea,New Zealand,0,0,Oceania Nations Cup,Papua New Guinea,False
2016-06-11,England,Russia,1,1,European Championship,France,True
2016-06-11,Wales,Slovakia,2,1,European Championship,France,True
2016-06-11,Switzerland,Albania,1,0,European Championship,France,True
2016-06-12,Lesotho,Mauritius,3,0,COSAFA Cup,Namibia,True
2016-06-12,Malawi,Angola,3,0,COSAFA Cup,Namibia,True
2016-06-12,Benin,Equatorial Guinea,2,1,African Nations Cup qualifier,Benin,False
2016-06-12,Ecuador,Haiti,4,0,Copa America,United States,True
2016-06-12,Peru,Brazil,1,0,Copa America,United States,True
2016-06-12,Poland,Northern Ireland,1,0,European Championship,France,True
2016-06-12,Germany,Ukraine,2,0,European Championship,France,True
2016-06-12,Croatia,Turkey,1,0,European Championship,France,True
2016-06-13,Madagascar,Zimbabwe,0,0,COSAFA Cup,Namibia,True
2016-06-13,Swaziland,Seychelles,4,0,COSAFA Cup,Namibia,True
2016-06-13,Mexico,Venezuela,1,1,Copa America,United States,True
2016-06-13,Uruguay,Jamaica,3,0,Copa America,United States,True
2016-06-13,Italy,Belgium,2,0,European Championship,France,True
2016-06-13,Ireland,Sweden,1,1,European Championship,France,True
2016-06-13,Spain,Czechia,1,0,European Championship,France,True
2016-06-14,Malawi,Mauritius,1,0,COSAFA Cup,Namibia,True
2016-06-14,Lesotho,Angola,2,0,COSAFA Cup,Namibia,True
2016-06-14,Chile,Panama,4,2,Copa America,United States,True
2016-06-14,Argentina,Bolivia,3,0,Copa America,United States,True
2016-06-14,Hungary,Austria,2,0,European Championship,France,True
2016-06-14,Iceland,Portugal,1,1,European Championship,France,True
2016-06-15,Zimbabwe,Seychelles,5,0,COSAFA Cup,Namibia,True
2016-06-15,Swaziland,Madagascar,1,0,COSAFA Cup,Namibia,True
2016-06-15,France,Albania,2,0,European Championship,France,False
2016-06-15,Romania,Switzerland,1,1,European Championship,France,True
2016-06-15,Slovakia,Russia,2,1,European Championship,France,True
2016-06-16,Mauritius,Angola,2,0,COSAFA Cup,Namibia,True
2016-06-16,Lesotho,Malawi,1,0,COSAFA Cup,Namibia,True
2016-06-16,United States,Ecuador,2,1,Copa America,United States,False
2016-06-16,England,Wales,2,1,European Championship,France,True
2016-06-16,Northern Ireland,Ukraine,2,0,European Championship,France,True
2016-06-16,Germany,Poland,0,0,European Championship,France,True
2016-06-17,Papua New Guinea,Malaysia,2,0,Friendly,Papua New Guinea,False
2016-06-17,Colombia,Peru,0,0,Copa America,United States,True
2016-06-17,Italy,Sweden,1,0,European Championship,France,True
2016-06-17,Spain,Turkey,3,0,European Championship,France,True
2016-06-17,Croatia,Czechia,2,2,European Championship,France,True
2016-06-18,Lesotho,South Africa,1,1,COSAFA Cup,Namibia,True
2016-06-18,Namibia,Botswana,1,1,COSAFA Cup,Namibia,False
2016-06-18,Chile,Mexico,7,0,Copa America,United States,True
2016-06-18,Argentina,Venezuela,4,1,Copa America,United States,True
2016-06-18,Austria,Portugal,0,0,European Championship,France,True
2016-06-18,Hungary,Iceland,1,1,European Championship,France,True
2016-06-18,Belgium,Ireland,3,0,European Championship,France,True
2016-06-19,Swaziland,Zambia,0,0,COSAFA Cup,Namibia,True
2016-06-19,DR Congo,Mozambique,1,0,COSAFA Cup,Namibia,True
2016-06-19,French Guiana,Bermuda,3,0,CONCACAF Ch & Car Ch q,French Guiana,False
2016-06-19,France,Switzerland,0,0,European Championship,France,False
2016-06-19,Albania,Romania,1,0,European Championship,France,True
2016-06-20,England,Slovakia,0,0,European Championship,France,True
2016-06-20,Wales,Russia,3,0,European Championship,France,True
2016-06-21,Zambia,Lesotho,3,2,COSAFA Cup,Namibia,True
2016-06-21,Namibia,Mozambique,3,0,COSAFA Cup,Namibia,False
2016-06-21,United States,Argentina,0,4,Copa America,United States,False
2016-06-21,Germany,Northern Ireland,1,0,European Championship,France,True
2016-06-21,Poland,Ukraine,1,0,European Championship,France,True
2016-06-21,Croatia,Spain,2,1,European Championship,France,True
2016-06-21,Turkey,Czechia,2,0,European Championship,France,True
2016-06-22,New Caledonia,Malaysia,1,2,Friendly,New Caledonia,False
2016-06-22,South Africa,Swaziland,5,1,COSAFA Cup,Namibia,True
2016-06-22,Botswana,DR Congo,0,0,COSAFA Cup,Namibia,True
2016-06-22,Chile,Colombia,2,0,Copa America,United States,True
2016-06-22,Iceland,Austria,2,1,European Championship,France,True
2016-06-22,Hungary,Portugal,3,3,European Championship,France,True
2016-06-22,Belgium,Sweden,1,0,European Championship,France,True
2016-06-22,Ireland,Italy,1,0,European Championship,France,True
2016-06-24,Namibia,Zambia,1,0,COSAFA Cup,Namibia,False
2016-06-25,South Africa,Botswana,3,2,COSAFA Cup,Namibia,True
2016-06-25,Swaziland,DR Congo,1,0,COSAFA Cup,Namibia,True
2016-06-25,United States,Colombia,0,1,Copa America,United States,False
2016-06-25,Wales,Northern Ireland,1,0,European Championship,France,True
2016-06-25,Poland,Switzerland,1,1,European Championship,France,True
2016-06-25,Portugal,Croatia,1,0,European Championship,France,True
2016-06-26,Fiji,Malaysia,1,1,Friendly,Fiji,False
2016-06-26,Argentina,Chile,0,0,Copa America,United States,True
2016-06-26,Belgium,Hungary,4,0,European Championship,France,True
2016-06-26,France,Ireland,2,1,European Championship,France,False
2016-06-26,Germany,Slovakia,3,0,European Championship,France,True
2016-06-27,Iceland,England,2,1,European Championship,France,True
2016-06-27,Italy,Spain,2,0,European Championship,France,True
2016-06-30,Macao,Mongolia,2,2,East Asian Championship qual,Guam,True
2016-06-30,Taiwan,Northern Mariana Islands,8,1,East Asian Championship qual,Guam,True
2016-06-30,Poland,Portugal,1,1,European Championship,France,True
2016-07-01,Wales,Belgium,3,1,European Championship,France,True
2016-07-02,Taiwan,Mongolia,2,0,East Asian Championship qual,Guam,True
2016-07-02,Macao,Northern Mariana Islands,3,1,East Asian Championship qual,Guam,True
2016-07-02,Germany,Italy,1,1,European Championship,France,True
2016-07-03,France,Iceland,5,2,European Championship,France,False
2016-07-04,Mongolia,Northern Mariana Islands,8,0,East Asian Championship qual,Guam,True
2016-07-04,Taiwan,Macao,3,2,East Asian Championship qual,Guam,True
2016-07-06,Portugal,Wales,2,0,European Championship,France,True
2016-07-07,France,Germany,2,0,European Championship,France,False
2016-07-10,France,Portugal,0,1,European Championship,France,False
2016-07-24,Uzbekistan,Iraq,2,1,Friendly,Uzbekistan,False
2016-07-28,Cambodia,Singapore,2,1,Friendly,Cambodia,False
2016-08-08,Qatar,Iraq,2,1,Friendly,Qatar,False
2016-08-08,Oman,Turkmenistan,1,0,Friendly,Oman,False
2016-08-10,Panama,Guatemala,0,0,Friendly,Panama,False
2016-08-13,Bhutan,India,0,3,Friendly,Bhutan,False
2016-08-16,North Korea,Iraq,1,0,Friendly,Malaysia,True
2016-08-18,Qatar,Jordan,3,2,Friendly,Switzerland,True
2016-08-21,Iraq,North Korea,1,1,Friendly,Malaysia,True
2016-08-24,North Korea,United Arab Emirates,2,0,Friendly,China,True
2016-08-24,Saudi Arabia,Laos,4,0,Friendly,Qatar,True
2016-08-24,Uzbekistan,Burkina Faso,1,0,Friendly,Uzbekistan,False
2016-08-24,Honduras,Nicaragua,1,0,Friendly,Honduras,False
2016-08-25,Qatar,Thailand,3,0,Friendly,Qatar,False
2016-08-27,Tajikistan,Syria,0,0,Friendly,Tajikistan,False
2016-08-28,Dominican Republic,Puerto Rico,5,0,Friendly,Dominican Republic,False
2016-08-30,Kyrgyzstan,Kazakhstan,2,0,Friendly,Kyrgyzstan,False
2016-08-30,Egypt,Guinea,1,1,Friendly,Egypt,False
2016-08-30,Uganda,Kenya,0,0,Friendly,Uganda,False
2016-08-30,Puerto Rico,Dominican Republic,0,1,Friendly,Puerto Rico,False
2016-08-31,Lebanon,Jordan,1,1,Friendly,Lebanon,False
2016-08-31,Ireland,Oman,4,0,Friendly,Ireland,False
2016-08-31,Albania,Morocco,0,0,Friendly,Albania,False
2016-08-31,Nicaragua,Saint Kitts and Nevis,0,0,Friendly,Nicaragua,False
2016-08-31,Germany,Finland,2,0,Friendly,Germany,False
2016-08-31,Norway,Belarus,0,1,Friendly,Norway,False
2016-08-31,Turkey,Russia,0,0,Friendly,Turkey,False
2016-08-31,Denmark,Liechtenstein,5,0,Friendly,Denmark,False
2016-08-31,Estonia,Malta,1,1,Friendly,Estonia,False
2016-08-31,Czechia,Armenia,3,0,Friendly,Czechia,False
2016-09-01,Japan,United Arab Emirates,1,2,World Cup qualifier,Japan,False
2016-09-01,Australia,Iraq,2,0,World Cup qualifier,Australia,False
2016-09-01,South Korea,China,3,2,World Cup qualifier,South Korea,False
2016-09-01,Iran,Qatar,2,0,World Cup qualifier,Iran,False
2016-09-01,Uzbekistan,Syria,1,0,World Cup qualifier,Uzbekistan,False
2016-09-01,Hong Kong,Cambodia,4,2,Friendly,Hong Kong,False
2016-09-01,Bahrain,Singapore,3,1,Friendly,Bahrain,False
2016-09-01,Saudi Arabia,Thailand,1,0,World Cup qualifier,Saudi Arabia,False
2016-09-01,Maldives,Bangladesh,5,0,Friendly,Maldives,False
2016-09-01,Argentina,Uruguay,1,0,World Cup qualifier,Argentina,False
2016-09-01,Paraguay,Chile,2,1,World Cup qualifier,Paraguay,False
2016-09-01,Ecuador,Brazil,0,3,World Cup qualifier,Ecuador,False
2016-09-01,Bolivia,Peru,2,0,World Cup qualifier,Bolivia,False
2016-09-01,Colombia,Venezuela,2,0,World Cup qualifier,Colombia,False
2016-09-01,Belgium,Spain,0,2,Friendly,Belgium,False
2016-09-01,Italy,France,1,3,Friendly,Italy,False
2016-09-01,Netherlands,Greece,1,2,Friendly,Netherlands,False
2016-09-01,Portugal,Gibraltar,5,0,Friendly,Portugal,False
2016-09-02,South Africa,Mauritania,1,1,African Nations Cup qualifier,South Africa,False
2016-09-02,Sudan,Gabon,1,2,Friendly,Sudan,False
2016-09-02,St Vincent & Grenadines,United States,0,6,World Cup qualifier,St Vincent & Grenadines,False
2016-09-02,Honduras,Canada,2,1,World Cup qualifier,Honduras,False
2016-09-02,Haiti,Costa Rica,0,1,World Cup qualifier,Haiti,False
2016-09-02,El Salvador,Mexico,1,3,World Cup qualifier,El Salvador,False
2016-09-02,Trinidad and Tobago,Guatemala,2,2,World Cup qualifier,Trinidad and Tobago,False
2016-09-02,Panama,Jamaica,2,0,World Cup qualifier,Panama,False
2016-09-02,Latvia,Luxembourg,3,1,Friendly,Latvia,False
2016-09-03,India,Puerto Rico,4,1,Friendly,India,False
2016-09-03,Nigeria,Tanzania,1,0,African Nations Cup qualifier,Nigeria,False
2016-09-03,Angola,Madagascar,1,1,African Nations Cup qualifier,Angola,False
2016-09-03,Mozambique,Mauritius,1,0,African Nations Cup qualifier,Mozambique,False
2016-09-03,Ethiopia,Seychelles,2,1,African Nations Cup qualifier,Ethiopia,False
2016-09-03,Ivory Coast,Sierra Leone,1,1,African Nations Cup qualifier,Ivory Coast,False
2016-09-03,Ghana,Rwanda,1,1,African Nations Cup qualifier,Ghana,False
2016-09-03,Cameroon,Gambia,2,0,African Nations Cup qualifier,Cameroon,False
2016-09-03,Cape Verde,Libya,0,1,African Nations Cup qualifier,Cape Verde,False
2016-09-03,Senegal,Namibia,2,0,African Nations Cup qualifier,Senegal,False
2016-09-04,Bahrain,Jordan,0,0,Friendly,Bahrain,False
2016-09-04,Zambia,Kenya,1,1,African Nations Cup qualifier,Zambia,False
2016-09-04,Uganda,Comoros,1,0,African Nations Cup qualifier,Uganda,False
2016-09-04,Guinea,Zimbabwe,1,0,African Nations Cup qualifier,Guinea,False
2016-09-04,Togo,Djibouti,5,0,African Nations Cup qualifier,Togo,False
2016-09-04,DR Congo,Central African Republic,4,1,African Nations Cup qualifier,DR Congo,False
2016-09-04,Congo,Guinea-Bissau,1,0,African Nations Cup qualifier,Congo,False
2016-09-04,Niger,Burundi,3,1,African Nations Cup qualifier,Niger,False
2016-09-04,Tunisia,Liberia,4,1,African Nations Cup qualifier,Tunisia,False
2016-09-04,Malawi,Swaziland,1,0,African Nations Cup qualifier,Malawi,False
2016-09-04,Morocco,Sao Tome and Principe,2,0,African Nations Cup qualifier,Morocco,False
2016-09-04,Mali,Benin,5,2,African Nations Cup qualifier,Mali,False
2016-09-04,Burkina Faso,Botswana,2,1,African Nations Cup qualifier,Burkina Faso,False
2016-09-04,Algeria,Lesotho,6,0,African Nations Cup qualifier,Algeria,False
2016-09-04,Equatorial Guinea,South Sudan,4,0,African Nations Cup qualifier,Equatorial Guinea,False
2016-09-04,Malta,Scotland,1,5,World Cup qualifier,Malta,False
2016-09-04,Slovakia,England,0,1,World Cup qualifier,Slovakia,False
2016-09-04,Czechia,Northern Ireland,0,0,World Cup qualifier,Czechia,False
2016-09-04,Norway,Germany,0,3,World Cup qualifier,Norway,False
2016-09-04,Denmark,Armenia,1,0,World Cup qualifier,Denmark,False
2016-09-04,Kazakhstan,Poland,2,2,World Cup qualifier,Kazakhstan,False
2016-09-04,Romania,Montenegro,1,1,World Cup qualifier,Romania,False
2016-09-04,Lithuania,Slovenia,2,2,World Cup qualifier,Lithuania,False
2016-09-04,San Marino,Azerbaijan,0,1,World Cup qualifier,San Marino,False
2016-09-05,Lebanon,Afghanistan,2,0,Friendly,Lebanon,False
2016-09-05,Wales,Moldova,4,0,World Cup qualifier,Wales,False
2016-09-05,Georgia,Austria,1,2,World Cup qualifier,Georgia,False
2016-09-05,Israel,Italy,1,3,World Cup qualifier,Israel,False
2016-09-05,Finland,Kosovo,1,1,World Cup qualifier,Finland,False
2016-09-05,Spain,Liechtenstein,8,0,World Cup qualifier,Spain,False
2016-09-05,Croatia,Turkey,1,1,World Cup qualifier,Croatia,False
2016-09-05,Serbia,Ireland,2,2,World Cup qualifier,Serbia,False
2016-09-05,Ukraine,Iceland,1,1,World Cup qualifier,Ukraine,False
2016-09-06,Thailand,Japan,0,2,World Cup qualifier,Thailand,False
2016-09-06,Kyrgyzstan,Philippines,1,2,Friendly,Kyrgyzstan,False
2016-09-06,United Arab Emirates,Australia,0,1,World Cup qualifier,United Arab Emirates,False
2016-09-06,China,Iran,0,0,World Cup qualifier,China,False
2016-09-06,Indonesia,Malaysia,3,0,Friendly,Indonesia,False
2016-09-06,Syria,South Korea,0,0,World Cup qualifier,Malaysia,True
2016-09-06,Iraq,Saudi Arabia,1,2,World Cup qualifier,Malaysia,True
2016-09-06,Maldives,Laos,4,0,Asian Cup qualifier,Maldives,False
2016-09-06,Palestine,Tajikistan,1,1,Friendly,Palestine,False
2016-09-06,Qatar,Uzbekistan,0,1,World Cup qualifier,Qatar,False
2016-09-06,Bangladesh,Bhutan,0,0,Asian Cup qualifier,Bangladesh,False
2016-09-06,South Africa,Egypt,1,0,Friendly tournament,South Africa,False
2016-09-06,Russia,Ghana,1,0,Friendly,Russia,False
2016-09-06,Cameroon,Gabon,2,1,Friendly,Cameroon,False
2016-09-06,United States,Trinidad and Tobago,4,0,World Cup qualifier,United States,False
2016-09-06,Canada,El Salvador,3,1,World Cup qualifier,Canada,False
2016-09-06,Costa Rica,Panama,3,1,World Cup qualifier,Costa Rica,False
2016-09-06,Guatemala,St Vincent & Grenadines,9,3,World Cup qualifier,Guatemala,False
2016-09-06,Mexico,Honduras,0,0,World Cup qualifier,Mexico,False
2016-09-06,Jamaica,Haiti,0,2,World Cup qualifier,Jamaica,False
2016-09-06,Uruguay,Paraguay,4,0,World Cup qualifier,Uruguay,False
2016-09-06,Venezuela,Argentina,2,2,World Cup qualifier,Venezuela,False
2016-09-06,Chile,Bolivia,0,0,World Cup qualifier,Chile,False
2016-09-06,Brazil,Colombia,2,1,World Cup qualifier,Brazil,False
2016-09-06,Peru,Ecuador,2,1,World Cup qualifier,Peru,False
2016-09-06,Faroe Islands,Hungary,0,0,World Cup qualifier,Faroe Islands,False
2016-09-06,Cyprus,Belgium,0,3,World Cup qualifier,Cyprus,False
2016-09-06,Belarus,France,0,0,World Cup qualifier,Belarus,False
2016-09-06,Switzerland,Portugal,2,0,World Cup qualifier,Switzerland,False
2016-09-06,Sweden,Netherlands,1,1,World Cup qualifier,Sweden,False
2016-09-06,Bulgaria,Luxembourg,4,3,World Cup qualifier,Bulgaria,False
2016-09-06,Bosnia and Herzegovina,Estonia,5,0,World Cup qualifier,Bosnia and Herzegovina,False
2016-09-06,Andorra,Latvia,0,1,World Cup qualifier,Andorra,False
2016-09-06,Gibraltar,Greece,1,4,World Cup qualifier,Portugal,True
2016-09-06,Albania,Macedonia,2,1,World Cup qualifier,Albania,False
2016-09-29,Qatar,Serbia,3,0,Friendly,Qatar,False
2016-09-30,Botswana,Angola,1,1,Friendly,Botswana,False
2016-10-04,DR Congo,Kenya,0,1,Friendly,DR Congo,False
2016-10-04,Togo,Uganda,1,0,Friendly,Togo,False
2016-10-05,Tajikistan,Palestine,3,3,Friendly,Tajikistan,False
2016-10-05,Curaçao,Antigua and Barbuda,3,0,CONCACAF Ch & Car Ch q,Curaçao,False
2016-10-05,Trinidad and Tobago,Dominican Republic,4,0,CONCACAF Ch & Car Ch q,Trinidad and Tobago,False
2016-10-05,Solomon Islands,New Caledonia,0,3,Friendly,Solomon Islands,False
2016-10-06,Japan,Iraq,2,1,World Cup qualifier,Japan,False
2016-10-06,Saudi Arabia,Australia,2,2,World Cup qualifier,Saudi Arabia,False
2016-10-06,China,Syria,0,1,World Cup qualifier,China,False
2016-10-06,Kyrgyzstan,Lebanon,0,0,Friendly,Kyrgyzstan,False
2016-10-06,Uzbekistan,Iran,0,1,World Cup qualifier,Uzbekistan,False
2016-10-06,South Korea,Qatar,3,2,World Cup qualifier,South Korea,False
2016-10-06,Vietnam,North Korea,5,2,Friendly,Vietnam,False
2016-10-06,Cambodia,Hong Kong,0,2,Friendly,Cambodia,False
2016-10-06,United Arab Emirates,Thailand,3,1,World Cup qualifier,United Arab Emirates,False
2016-10-06,Canada,Mauritania,4,0,Friendly,Morocco,True
2016-10-06,Uruguay,Venezuela,3,0,World Cup qualifier,Uruguay,False
2016-10-06,Peru,Argentina,2,2,World Cup qualifier,Peru,False
2016-10-06,Ecuador,Chile,3,0,World Cup qualifier,Ecuador,False
2016-10-06,Brazil,Bolivia,5,0,World Cup qualifier,Brazil,False
2016-10-06,Paraguay,Colombia,0,1,World Cup qualifier,Paraguay,False
2016-10-06,Austria,Wales,2,2,World Cup qualifier,Austria,False
2016-10-06,Italy,Spain,1,1,World Cup qualifier,Italy,False
2016-10-06,Iceland,Finland,3,2,World Cup qualifier,Iceland,False
2016-10-06,Turkey,Ukraine,2,2,World Cup qualifier,Turkey,False
2016-10-06,Ireland,Georgia,1,0,World Cup qualifier,Ireland,False
2016-10-06,Macedonia,Israel,1,2,World Cup qualifier,Macedonia,False
2016-10-06,Croatia,Kosovo,6,0,World Cup qualifier,Albania,True
2016-10-06,Liechtenstein,Albania,0,2,World Cup qualifier,Liechtenstein,False
2016-10-06,Moldova,Serbia,0,3,World Cup qualifier,Moldova,False
2016-10-07,Philippines,Bahrain,1,3,Friendly,Philippines,False
2016-10-07,Singapore,Malaysia,0,0,Friendly,Singapore,False
2016-10-07,Oman,Jordan,1,1,Friendly,Oman,False
2016-10-07,Ghana,Uganda,0,0,World Cup qualifier,Ghana,False
2016-10-07,Cuba,United States,0,2,Friendly,Cuba,False
2016-10-07,Hungary,Switzerland,2,3,World Cup qualifier,Hungary,False
2016-10-07,Belgium,Bosnia and Herzegovina,4,0,World Cup qualifier,Belgium,False
2016-10-07,France,Bulgaria,4,1,World Cup qualifier,France,False
2016-10-07,Netherlands,Belarus,4,1,World Cup qualifier,Netherlands,False
2016-10-07,Luxembourg,Sweden,0,1,World Cup qualifier,Luxembourg,False
2016-10-07,Estonia,Gibraltar,4,0,World Cup qualifier,Estonia,False
2016-10-07,Portugal,Andorra,6,0,World Cup qualifier,Portugal,False
2016-10-07,Latvia,Faroe Islands,0,2,World Cup qualifier,Latvia,False
2016-10-07,Greece,Cyprus,2,0,World Cup qualifier,Greece,False
2016-10-08,Taiwan,East Timor,2,1,Asian Cup qualifier,Taiwan,False
2016-10-08,Burkina Faso,South Africa,1,1,World Cup qualifier,Burkina Faso,False
2016-10-08,DR Congo,Libya,4,0,World Cup qualifier,DR Congo,False
2016-10-08,Gabon,Morocco,0,0,World Cup qualifier,Gabon,False
2016-10-08,Senegal,Cape Verde,2,0,World Cup qualifier,Senegal,False
2016-10-08,Ivory Coast,Mali,3,1,World Cup qualifier,Ivory Coast,False
2016-10-08,Mexico,New Zealand,2,1,Friendly,United States,True
2016-10-08,Belize,Honduras,1,2,Friendly,Belize,False
2016-10-08,Suriname,Guyana,3,2,CONCACAF Ch & Car Ch q,Suriname,False
2016-10-08,Dominican Republic,Martinique,1,2,CONCACAF Ch & Car Ch q,Dominican Republic,False
2016-10-08,French Guiana,Saint Kitts and Nevis,1,0,CONCACAF Ch & Car Ch q,French Guiana,False
2016-10-08,Antigua and Barbuda,Puerto Rico,2,0,CONCACAF Ch & Car Ch q,Antigua and Barbuda,False
2016-10-08,Solomon Islands,New Caledonia,0,1,Friendly,Solomon Islands,False
2016-10-08,Scotland,Lithuania,1,1,World Cup qualifier,Scotland,False
2016-10-08,England,Malta,2,0,World Cup qualifier,England,False
2016-10-08,Northern Ireland,San Marino,4,0,World Cup qualifier,Northern Ireland,False
2016-10-08,Germany,Czechia,3,0,World Cup qualifier,Germany,False
2016-10-08,Azerbaijan,Norway,1,0,World Cup qualifier,Azerbaijan,False
2016-10-08,Poland,Denmark,3,2,World Cup qualifier,Poland,False
2016-10-08,Armenia,Romania,0,5,World Cup qualifier,Armenia,False
2016-10-08,Slovenia,Slovakia,1,0,World Cup qualifier,Slovenia,False
2016-10-08,Montenegro,Kazakhstan,5,0,World Cup qualifier,Montenegro,False
2016-10-09,Indonesia,Vietnam,2,2,Friendly,Indonesia,False
2016-10-09,Cambodia,Sri Lanka,4,0,Friendly,Cambodia,False
2016-10-09,Congo,Egypt,1,2,World Cup qualifier,Congo,False
2016-10-09,Zambia,Nigeria,1,2,World Cup qualifier,Zambia,False
2016-10-09,Togo,Mozambique,2,0,Friendly,Togo,False
2016-10-09,Tunisia,Guinea,2,0,World Cup qualifier,Tunisia,False
2016-10-09,Algeria,Cameroon,1,1,World Cup qualifier,Algeria,False
2016-10-09,Russia,Costa Rica,3,4,Friendly,Russia,False
2016-10-09,Wales,Georgia,1,1,World Cup qualifier,Wales,False
2016-10-09,Serbia,Austria,3,2,World Cup qualifier,Serbia,False
2016-10-09,Macedonia,Italy,2,3,World Cup qualifier,Macedonia,False
2016-10-09,Finland,Croatia,0,1,World Cup qualifier,Finland,False
2016-10-09,Albania,Spain,0,2,World Cup qualifier,Albania,False
2016-10-09,Iceland,Turkey,2,0,World Cup qualifier,Iceland,False
2016-10-09,Moldova,Ireland,1,3,World Cup qualifier,Moldova,False
2016-10-09,Ukraine,Kosovo,3,0,World Cup qualifier,Poland,True
2016-10-09,Israel,Liechtenstein,2,1,World Cup qualifier,Israel,False
2016-10-10,Philippines,North Korea,1,3,Friendly,Philippines,False
2016-10-10,Morocco,Jordan,2,1,Friendly,Morocco,False
2016-10-10,Bhutan,Bangladesh,3,1,Asian Cup qualifier,Bhutan,False
2016-10-10,Latvia,Hungary,0,2,World Cup qualifier,Latvia,False
2016-10-10,Belgium,Gibraltar,6,0,World Cup qualifier,Portugal,True
2016-10-10,Netherlands,France,0,1,World Cup qualifier,Netherlands,False
2016-10-10,Andorra,Switzerland,1,2,World Cup qualifier,Andorra,False
2016-10-10,Sweden,Bulgaria,3,0,World Cup qualifier,Sweden,False
2016-10-10,Belarus,Luxembourg,1,1,World Cup qualifier,Belarus,False
2016-10-10,Estonia,Greece,0,2,World Cup qualifier,Estonia,False
2016-10-10,Faroe Islands,Portugal,0,6,World Cup qualifier,Faroe Islands,False
2016-10-10,Bosnia and Herzegovina,Cyprus,2,0,World Cup qualifier,Bosnia and Herzegovina,False
2016-10-11,Australia,Japan,1,1,World Cup qualifier,Australia,False
2016-10-11,Uzbekistan,China,2,0,World Cup qualifier,Uzbekistan,False
2016-10-11,Lebanon,Equatorial Guinea,1,1,Friendly,Lebanon,False
2016-10-11,Malaysia,Afghanistan,1,1,Friendly,Malaysia,False
2016-10-11,Iran,South Korea,1,0,World Cup qualifier,Iran,False
2016-10-11,Qatar,Syria,1,0,World Cup qualifier,Qatar,False
2016-10-11,Taiwan,East Timor,2,1,Asian Cup qualifier,Taiwan,False
2016-10-11,Hong Kong,Singapore,2,0,Friendly,Hong Kong,False
2016-10-11,Iraq,Thailand,4,0,World Cup qualifier,Iran,True
2016-10-11,Kyrgyzstan,Turkmenistan,1,0,Friendly,Kyrgyzstan,False
2016-10-11,Laos,Maldives,1,1,Asian Cup qualifier,Laos,False
2016-10-11,Saudi Arabia,United Arab Emirates,3,0,World Cup qualifier,Saudi Arabia,False
2016-10-11,Oman,Bahrain,2,2,Friendly,Oman,False
2016-10-11,South Africa,Ghana,1,1,Friendly,South Africa,False
2016-10-11,Morocco,Canada,4,0,Friendly,Morocco,False
2016-10-11,United States,New Zealand,1,1,Friendly,United States,False
2016-10-11,Mexico,Panama,1,0,Friendly,United States,True
2016-10-11,Puerto Rico,Curaçao,2,4,CONCACAF Ch & Car Ch q,Puerto Rico,False
2016-10-11,Guyana,Jamaica,2,4,CONCACAF Ch & Car Ch q,Guyana,False
2016-10-11,Martinique,Trinidad and Tobago,2,0,CONCACAF Ch & Car Ch q,Martinique,False
2016-10-11,Colombia,Uruguay,2,2,World Cup qualifier,Colombia,False
2016-10-11,Argentina,Paraguay,0,1,World Cup qualifier,Argentina,False
2016-10-11,Chile,Peru,2,1,World Cup qualifier,Chile,False
2016-10-11,Venezuela,Brazil,0,2,World Cup qualifier,Venezuela,False
2016-10-11,Bolivia,Ecuador,2,2,World Cup qualifier,Bolivia,False
2016-10-11,Slovakia,Scotland,3,0,World Cup qualifier,Slovakia,False
2016-10-11,Slovenia,England,0,0,World Cup qualifier,Slovenia,False
2016-10-11,Germany,Northern Ireland,2,0,World Cup qualifier,Germany,False
2016-10-11,Norway,San Marino,4,1,World Cup qualifier,Norway,False
2016-10-11,Denmark,Montenegro,0,1,World Cup qualifier,Denmark,False
2016-10-11,Poland,Armenia,2,1,World Cup qualifier,Poland,False
2016-10-11,Kazakhstan,Romania,0,0,World Cup qualifier,Kazakhstan,False
2016-10-11,Lithuania,Malta,2,0,World Cup qualifier,Lithuania,False
2016-10-11,Czechia,Azerbaijan,0,0,World Cup qualifier,Czechia,False
2016-10-15,Cambodia,Laos,2,1,Southeast Asian Champ qual,Cambodia,False
2016-10-15,Brunei,East Timor,2,1,Southeast Asian Champ qual,Cambodia,True
2016-10-18,Cambodia,Brunei,3,0,Southeast Asian Champ qual,Cambodia,False
2016-10-18,Laos,East Timor,2,1,Southeast Asian Champ qual,Cambodia,True
2016-10-21,Cambodia,East Timor,3,2,Southeast Asian Champ qual,Cambodia,False
2016-10-21,Laos,Brunei,4,3,Southeast Asian Champ qual,Cambodia,True
2016-11-02,Brunei,East Timor,4,0,Asian Solidarity Cup,Malaysia,True
2016-11-02,Honduras,Belize,5,0,Friendly,Honduras,False
2016-11-03,Macao,Mongolia,2,1,Asian Solidarity Cup,Malaysia,True
2016-11-03,Laos,Sri Lanka,2,1,Asian Solidarity Cup,Malaysia,True
2016-11-04,Myanmar,Indonesia,0,0,Friendly,Myanmar,False
2016-11-05,East Timor,Nepal,0,0,Asian Solidarity Cup,Malaysia,True
2016-11-05,Zimbabwe,Zambia,1,0,Friendly,Zimbabwe,False
2016-11-06,Mongolia,Sri Lanka,2,0,Asian Solidarity Cup,Malaysia,True
2016-11-06,Macao,Laos,4,1,Asian Solidarity Cup,Malaysia,True
2016-11-06,North Korea,Taiwan,2,0,East Asian Championship qual,Hong Kong,True
2016-11-06,Hong Kong,Guam,3,2,East Asian Championship qual,Hong Kong,False
2016-11-06,Jordan,Iraq,0,0,Friendly,Jordan,False
2016-11-07,Tahiti,Solomon Islands,1,0,World Cup qualifier,Tahiti,False
2016-11-08,Vietnam,Indonesia,3,2,Friendly,Vietnam,False
2016-11-08,Nepal,Brunei,3,0,Asian Solidarity Cup,Malaysia,True
2016-11-08,Uganda,Zambia,0,1,Friendly,Uganda,False
2016-11-09,Philippines,Kyrgyzstan,1,0,Friendly,Philippines,False
2016-11-09,Laos,Mongolia,3,0,Asian Solidarity Cup,Malaysia,True
2016-11-09,Macao,Sri Lanka,1,1,Asian Solidarity Cup,Malaysia,True
2016-11-09,Syria,Singapore,2,0,Friendly,Malaysia,True
2016-11-09,Hong Kong,Taiwan,4,2,East Asian Championship qual,Hong Kong,False
2016-11-09,North Korea,Guam,2,0,East Asian Championship qual,Hong Kong,True
2016-11-09,United Arab Emirates,Bahrain,2,0,Friendly,United Arab Emirates,False
2016-11-09,Tajikistan,Turkmenistan,3,0,Friendly,Tajikistan,False
2016-11-09,Haiti,French Guiana,2,5,CONCACAF Ch & Car Ch q,Haiti,False
2016-11-09,Netherlands,Belgium,1,1,Friendly,Netherlands,False
2016-11-09,Greece,Belarus,0,1,Friendly,Greece,False
2016-11-10,Lebanon,Palestine,1,1,Friendly,Lebanon,False
2016-11-10,Iran,Papua New Guinea,8,1,Friendly,Malaysia,True
2016-11-10,Uzbekistan,Jordan,1,0,Friendly,Uzbekistan,False
2016-11-10,Qatar,Russia,2,1,Friendly,Qatar,False
2016-11-10,Uruguay,Ecuador,2,1,World Cup qualifier,Uruguay,False
2016-11-10,Brazil,Argentina,3,0,World Cup qualifier,Brazil,False
2016-11-10,Colombia,Chile,0,0,World Cup qualifier,Colombia,False
2016-11-10,Paraguay,Peru,1,4,World Cup qualifier,Paraguay,False
2016-11-10,Venezuela,Bolivia,5,0,World Cup qualifier,Venezuela,False
2016-11-11,Japan,Oman,4,0,Friendly,Japan,False
2016-11-11,South Korea,Canada,2,0,Friendly,South Korea,False
2016-11-11,Comoros,Togo,2,2,Friendly,Tunisia,True
2016-11-11,Tunisia,Libya,1,0,World Cup qualifier,Algeria,True
2016-11-11,United States,Mexico,1,2,World Cup qualifier,United States,False
2016-11-11,Trinidad and Tobago,Costa Rica,0,2,World Cup qualifier,Trinidad and Tobago,False
2016-11-11,Honduras,Panama,0,1,World Cup qualifier,Honduras,False
2016-11-11,England,Scotland,3,0,World Cup qualifier,England,False
2016-11-11,Northern Ireland,Azerbaijan,4,0,World Cup qualifier,Northern Ireland,False
2016-11-11,France,Sweden,2,1,World Cup qualifier,France,False
2016-11-11,San Marino,Germany,0,8,World Cup qualifier,San Marino,False
2016-11-11,Czechia,Norway,2,1,World Cup qualifier,Czechia,False
2016-11-11,Denmark,Kazakhstan,4,1,World Cup qualifier,Denmark,False
2016-11-11,Romania,Poland,0,3,World Cup qualifier,Romania,False
2016-11-11,Slovakia,Lithuania,4,0,World Cup qualifier,Slovakia,False
2016-11-11,Armenia,Montenegro,3,2,World Cup qualifier,Armenia,False
2016-11-11,Malta,Slovenia,0,1,World Cup qualifier,Malta,False
2016-11-12,Brunei,Macao,1,1,Asian Solidarity Cup,Malaysia,True
2016-11-12,Taiwan,Guam,2,0,East Asian Championship qual,Hong Kong,True
2016-11-12,Hong Kong,North Korea,0,1,East Asian Championship qual,Hong Kong,False
2016-11-12,Laos,Nepal,2,2,Asian Solidarity Cup,Malaysia,True
2016-11-12,South Africa,Senegal,2,1,World Cup qualifier,South Africa,False
2016-11-12,Kenya,Mozambique,1,0,Friendly,Kenya,False
2016-11-12,Uganda,Congo,1,0,World Cup qualifier,Uganda,False
2016-11-12,Cameroon,Zambia,1,1,World Cup qualifier,Cameroon,False
2016-11-12,Nigeria,Algeria,3,1,World Cup qualifier,Nigeria,False
2016-11-12,Morocco,Ivory Coast,0,0,World Cup qualifier,Morocco,False
2016-11-12,Cape Verde,Burkina Faso,0,2,World Cup qualifier,Cape Verde,False
2016-11-12,Mali,Gabon,0,0,World Cup qualifier,Mali,False
2016-11-12,New Zealand,New Caledonia,2,0,World Cup qualifier,New Zealand,False
2016-11-12,Wales,Serbia,1,1,World Cup qualifier,Wales,False
2016-11-12,Austria,Ireland,0,1,World Cup qualifier,Austria,False
2016-11-12,Liechtenstein,Italy,0,4,World Cup qualifier,Liechtenstein,False
2016-11-12,Ukraine,Finland,1,0,World Cup qualifier,Ukraine,False
2016-11-12,Spain,Macedonia,4,0,World Cup qualifier,Spain,False
2016-11-12,Turkey,Kosovo,2,0,World Cup qualifier,Turkey,False
2016-11-12,Albania,Israel,0,3,World Cup qualifier,Albania,False
2016-11-12,Croatia,Iceland,2,0,World Cup qualifier,Croatia,False
2016-11-12,Georgia,Moldova,1,1,World Cup qualifier,Georgia,False
2016-11-13,Tajikistan,Afghanistan,1,0,Friendly,Tajikistan,False
2016-11-13,Singapore,Cambodia,1,0,Friendly,Singapore,False
2016-11-13,Egypt,Ghana,2,0,World Cup qualifier,Egypt,False
2016-11-13,Zimbabwe,Tanzania,3,0,Friendly,Zimbabwe,False
2016-11-13,Guinea,DR Congo,1,2,World Cup qualifier,Guinea,False
2016-11-13,Saint Kitts and Nevis,Haiti,0,2,CONCACAF Ch & Car Ch q,Saint Kitts and Nevis,False
2016-11-13,Jamaica,Suriname,1,0,CONCACAF Ch & Car Ch q,Jamaica,False
2016-11-13,Solomon Islands,Tahiti,1,0,World Cup qualifier,Solomon Islands,False
2016-11-13,Hungary,Andorra,4,0,World Cup qualifier,Hungary,False
2016-11-13,Belgium,Estonia,8,1,World Cup qualifier,Belgium,False
2016-11-13,Switzerland,Faroe Islands,2,0,World Cup qualifier,Switzerland,False
2016-11-13,Luxembourg,Netherlands,1,3,World Cup qualifier,Luxembourg,False
2016-11-13,Portugal,Latvia,4,1,World Cup qualifier,Portugal,False
2016-11-13,Bulgaria,Belarus,1,0,World Cup qualifier,Bulgaria,False
2016-11-13,Greece,Bosnia and Herzegovina,1,1,World Cup qualifier,Greece,False
2016-11-13,Cyprus,Gibraltar,3,1,World Cup qualifier,Cyprus,False
2016-11-14,Myanmar,Oman,0,3,Friendly,Myanmar,False
2016-11-14,Malaysia,Papua New Guinea,2,1,Friendly,Malaysia,False
2016-11-14,Laos,Brunei,3,2,Asian Solidarity Cup,Malaysia,True
2016-11-14,Poland,Slovenia,1,1,Friendly,Poland,False
2016-11-15,Japan,Saudi Arabia,2,1,World Cup qualifier,Japan,False
2016-11-15,Thailand,Australia,2,2,World Cup qualifier,Thailand,False
2016-11-15,China,Qatar,0,0,World Cup qualifier,China,False
2016-11-15,Jordan,Lebanon,0,0,Friendly,Jordan,False
2016-11-15,Syria,Iran,0,0,World Cup qualifier,Malaysia,True
2016-11-15,South Korea,Uzbekistan,2,1,World Cup qualifier,South Korea,False
2016-11-15,Nepal,Macao,1,0,Asian Solidarity Cup,Malaysia,True
2016-11-15,Bahrain,Kyrgyzstan,0,0,Friendly,Bahrain,False
2016-11-15,United Arab Emirates,Iraq,2,0,World Cup qualifier,United Arab Emirates,False
2016-11-15,Mozambique,South Africa,1,1,Friendly,Mozambique,False
2016-11-15,Kenya,Liberia,1,0,Friendly,Kenya,False
2016-11-15,Morocco,Togo,2,1,Friendly,Morocco,False
2016-11-15,Tunisia,Mauritania,0,0,Friendly,Tunisia,False
2016-11-15,Comoros,Gabon,1,1,Friendly,Tunisia,True
2016-11-15,France,Ivory Coast,0,0,Friendly,France,False
2016-11-15,Costa Rica,United States,4,0,World Cup qualifier,Costa Rica,False
2016-11-15,Panama,Mexico,0,0,World Cup qualifier,Panama,False
2016-11-15,Honduras,Trinidad and Tobago,3,1,World Cup qualifier,Honduras,False
2016-11-15,Chile,Uruguay,3,1,World Cup qualifier,Chile,False
2016-11-15,Argentina,Colombia,3,0,World Cup qualifier,Argentina,False
2016-11-15,Peru,Brazil,0,2,World Cup qualifier,Peru,False
2016-11-15,Bolivia,Paraguay,1,0,World Cup qualifier,Bolivia,False
2016-11-15,Ecuador,Venezuela,3,0,World Cup qualifier,Ecuador,False
2016-11-15,New Caledonia,New Zealand,0,0,World Cup qualifier,New Caledonia,False
2016-11-15,England,Spain,2,2,Friendly,England,False
2016-11-15,Northern Ireland,Croatia,0,3,Friendly,Northern Ireland,False
2016-11-15,Austria,Slovakia,0,0,Friendly,Austria,False
2016-11-15,Hungary,Sweden,0,2,Friendly,Hungary,False
2016-11-15,Italy,Germany,0,0,Friendly,Italy,False
2016-11-15,Russia,Romania,1,0,Friendly,Russia,False
2016-11-15,Czechia,Denmark,1,1,Friendly,Czechia,False
2016-11-15,Ukraine,Serbia,2,0,Friendly,Ukraine,False
2016-11-15,Malta,Iceland,0,2,Friendly,Malta,False
2016-11-19,Philippines,Singapore,0,0,Southeast Asian Champ,Philippines,False
2016-11-19,Thailand,Indonesia,4,2,Southeast Asian Champ,Philippines,True
2016-11-19,Saint Kitts and Nevis,Estonia,1,1,Friendly,Saint Kitts and Nevis,False
2016-11-20,Myanmar,Vietnam,1,2,Southeast Asian Champ,Myanmar,False
2016-11-20,Malaysia,Cambodia,3,2,Southeast Asian Champ,Myanmar,True
2016-11-22,Philippines,Indonesia,2,2,Southeast Asian Champ,Philippines,False
2016-11-22,Thailand,Singapore,1,0,Southeast Asian Champ,Philippines,True
2016-11-22,Antigua and Barbuda,Estonia,0,1,Friendly,Antigua and Barbuda,False
2016-11-23,Vietnam,Malaysia,1,0,Southeast Asian Champ,Myanmar,True
2016-11-23,Myanmar,Cambodia,3,1,Southeast Asian Champ,Myanmar,False
2016-11-25,Philippines,Thailand,0,1,Southeast Asian Champ,Philippines,False
2016-11-25,Indonesia,Singapore,2,1,Southeast Asian Champ,Philippines,True
2016-11-26,Vietnam,Cambodia,2,1,Southeast Asian Champ,Myanmar,True
2016-11-26,Myanmar,Malaysia,1,0,Southeast Asian Champ,Myanmar,False
2016-12-03,Indonesia,Vietnam,2,1,Southeast Asian Champ,Indonesia,False
2016-12-04,Myanmar,Thailand,0,2,Southeast Asian Champ,Myanmar,False
2016-12-07,Vietnam,Indonesia,2,2,Southeast Asian Champ,Vietnam,False
2016-12-08,Thailand,Myanmar,4,0,Southeast Asian Champ,Thailand,False
2016-12-14,Indonesia,Thailand,2,1,Southeast Asian Champ,Indonesia,False
2016-12-17,Thailand,Indonesia,2,0,Southeast Asian Champ,Thailand,False
2016-12-26,Ivory Coast,Zimbabwe,0,0,Friendly,Ivory Coast,False
2016-12-27,Nicaragua,Trinidad and Tobago,2,1,Friendly,Nicaragua,False
2016-12-30,Nicaragua,Trinidad and Tobago,1,3,Friendly,Nicaragua,False
2017-01-04,Tunisia,Uganda,2,0,Friendly,Tunisia,False
2017-01-04,Trinidad and Tobago,Suriname,1,2,CONCACAF Ch q & Car Ch PO,Trinidad and Tobago,False
2017-01-05,Cameroon,DR Congo,2,0,Friendly,Cameroon,False
2017-01-06,Haiti,Suriname,4,2,CONCACAF Ch q & Car Ch PO,Trinidad and Tobago,True
2017-01-07,Burkina Faso,Mali,2,1,Friendly,Morocco,True
2017-01-07,Algeria,Mauritania,3,1,Friendly,Algeria,False
2017-01-08,Egypt,Tunisia,1,0,Friendly,Egypt,False
2017-01-08,Senegal,Libya,2,1,Friendly,Congo,True
2017-01-08,Ivory Coast,Sweden,2,1,Friendly,United Arab Emirates,True
2017-01-08,Trinidad and Tobago,Haiti,3,4,CONCACAF Ch q & Car Ch PO,Trinidad and Tobago,False
2017-01-09,Finland,Morocco,1,0,Friendly,United Arab Emirates,True
2017-01-10,China,Iceland,0,2,Friendly tournament,China,False
2017-01-10,Cameroon,Zimbabwe,1,1,Friendly,Cameroon,False
2017-01-10,Algeria,Mauritania,6,0,Friendly,Algeria,False
2017-01-11,Ivory Coast,Uganda,3,0,Friendly,United Arab Emirates,True
2017-01-11,Congo,Senegal,0,2,Friendly,Congo,False
2017-01-11,Chile,Croatia,1,1,Friendly tournament,China,True
2017-01-13,Costa Rica,El Salvador,0,0,CONCACAF Ch q & C Am Cup,Panama,True
2017-01-13,Honduras,Nicaragua,2,1,CONCACAF Ch q & C Am Cup,Panama,True
2017-01-13,Panama,Belize,0,0,CONCACAF Ch q & C Am Cup,Panama,False
2017-01-14,China,Croatia,1,1,Friendly tournament,China,False
2017-01-14,Saudi Arabia,Cambodia,7,2,Friendly,United Arab Emirates,True
2017-01-14,Gabon,Guinea-Bissau,1,1,African Nations Cup,Gabon,False
2017-01-14,Burkina Faso,Cameroon,1,1,African Nations Cup,Gabon,True
2017-01-15,Algeria,Zimbabwe,2,2,African Nations Cup,Gabon,True
2017-01-15,Senegal,Tunisia,2,0,African Nations Cup,Gabon,True
2017-01-15,Costa Rica,Belize,3,0,CONCACAF Ch q & C Am Cup,Panama,True
2017-01-15,Honduras,El Salvador,2,1,CONCACAF Ch q & C Am Cup,Panama,True
2017-01-15,Panama,Nicaragua,2,1,CONCACAF Ch q & C Am Cup,Panama,False
2017-01-15,Chile,Iceland,1,0,Friendly tournament,China,True
2017-01-16,DR Congo,Morocco,1,0,African Nations Cup,Gabon,True
2017-01-16,Ivory Coast,Togo,0,0,African Nations Cup,Gabon,True
2017-01-17,Qatar,Moldova,1,1,Friendly,Qatar,False
2017-01-17,Egypt,Mali,0,0,African Nations Cup,Gabon,True
2017-01-17,Ghana,Uganda,1,0,African Nations Cup,Gabon,True
2017-01-17,Costa Rica,Nicaragua,0,0,CONCACAF Ch q & C Am Cup,Panama,True
2017-01-17,El Salvador,Belize,3,1,CONCACAF Ch q & C Am Cup,Panama,True
2017-01-17,Panama,Honduras,0,1,CONCACAF Ch q & C Am Cup,Panama,False
2017-01-18,Cameroon,Guinea-Bissau,2,1,African Nations Cup,Gabon,True
2017-01-18,Gabon,Burkina Faso,1,1,African Nations Cup,Gabon,False
2017-01-19,Senegal,Zimbabwe,2,0,African Nations Cup,Gabon,True
2017-01-19,Tunisia,Algeria,2,1,African Nations Cup,Gabon,True
2017-01-20,DR Congo,Ivory Coast,2,2,African Nations Cup,Gabon,True
2017-01-20,Morocco,Togo,3,1,African Nations Cup,Gabon,True
2017-01-20,Costa Rica,Honduras,1,1,CONCACAF Ch q & C Am Cup,Panama,True
2017-01-20,Panama,El Salvador,1,0,CONCACAF Ch q & C Am Cup,Panama,False
2017-01-20,Nicaragua,Belize,3,1,CONCACAF Ch q & C Am Cup,Panama,True
2017-01-21,Egypt,Uganda,1,0,African Nations Cup,Gabon,True
2017-01-21,Ghana,Mali,1,0,African Nations Cup,Gabon,True
2017-01-22,Burkina Faso,Guinea-Bissau,2,0,African Nations Cup,Gabon,True
2017-01-22,Gabon,Cameroon,0,0,African Nations Cup,Gabon,False
2017-01-22,Bermuda,Canada,2,4,Friendly,Bermuda,False
2017-01-22,Panama,Costa Rica,1,0,CONCACAF Ch q & C Am Cup,Panama,False
2017-01-22,El Salvador,Nicaragua,1,0,CONCACAF Ch q & C Am Cup,Panama,True
2017-01-22,Honduras,Belize,1,0,CONCACAF Ch q & C Am Cup,Panama,True
2017-01-23,Georgia,Uzbekistan,2,2,Friendly,United Arab Emirates,True
2017-01-23,Tunisia,Zimbabwe,4,2,African Nations Cup,Gabon,True
2017-01-23,Algeria,Senegal,2,2,African Nations Cup,Gabon,True
2017-01-24,DR Congo,Togo,3,1,African Nations Cup,Gabon,True
2017-01-24,Morocco,Ivory Coast,1,0,African Nations Cup,Gabon,True
2017-01-25,Jordan,Georgia,1,0,Friendly,United Arab Emirates,True
2017-01-25,Egypt,Ghana,1,0,African Nations Cup,Gabon,True
2017-01-25,Mali,Uganda,1,1,African Nations Cup,Gabon,True
2017-01-25,Brazil,Colombia,1,0,Friendly,Brazil,False
2017-01-28,Burkina Faso,Tunisia,2,0,African Nations Cup,Gabon,True
2017-01-28,Cameroon,Senegal,0,0,African Nations Cup,Gabon,True
2017-01-29,Egypt,Morocco,1,0,African Nations Cup,Gabon,True
2017-01-29,Ghana,DR Congo,2,1,African Nations Cup,Gabon,True
2017-01-29,United States,Serbia,0,0,Friendly,United States,False
2017-02-01,Burkina Faso,Egypt,1,1,African Nations Cup,Gabon,True
2017-02-02,Cameroon,Ghana,2,0,African Nations Cup,Gabon,True
2017-02-03,United States,Jamaica,1,0,Friendly,United States,False
2017-02-04,Burkina Faso,Ghana,1,0,African Nations Cup,Gabon,True
2017-02-05,Cameroon,Egypt,2,1,African Nations Cup,Gabon,True
2017-02-08,Mexico,Iceland,1,0,Friendly,United States,True
2017-02-16,Jamaica,Honduras,1,0,Friendly,United States,True
2017-02-22,Ecuador,Honduras,3,1,Friendly,Ecuador,False
2017-02-22,San Marino,Andorra,0,2,Friendly,San Marino,False
2017-03-09,Qatar,Azerbaijan,1,2,Friendly,Qatar,False
2017-03-10,Trinidad and Tobago,Barbados,2,0,Friendly,Trinidad and Tobago,False
2017-03-11,Burundi,Djibouti,7,0,Friendly,Burundi,False
2017-03-13,Burundi,Djibouti,1,0,Friendly,Burundi,False
2017-03-16,Honduras,Nicaragua,2,0,Friendly,Honduras,False
2017-03-18,Iran,Iraq,0,1,Friendly,Iran,False
2017-03-19,San Marino,Moldova,0,2,Friendly,San Marino,False
2017-03-21,Indonesia,Myanmar,1,3,Friendly,Indonesia,False
2017-03-22,Philippines,Malaysia,0,0,Friendly,Philippines,False
2017-03-22,Cambodia,India,2,3,Friendly,Cambodia,False
2017-03-22,Vietnam,Taiwan,1,1,Friendly,Vietnam,False
2017-03-22,Palestine,Yemen,1,0,Friendly,Qatar,True
2017-03-22,Sao Tome and Principe,Madagascar,0,1,African Nations Cup qualifier,Sao Tome and Principe,False
2017-03-22,Djibouti,South Sudan,2,0,African Nations Cup qualifier,Djibouti,False
2017-03-22,Scotland,Canada,1,1,Friendly,Scotland,False
2017-03-22,Curaçao,El Salvador,1,1,Friendly,Curaçao,False
2017-03-22,Germany,England,1,0,Friendly,Germany,False
2017-03-22,Czechia,Lithuania,3,0,Friendly,Czechia,False
2017-03-22,Cyprus,Kazakhstan,3,1,Friendly,Cyprus,False
2017-03-23,United Arab Emirates,Japan,0,2,World Cup qualifier,United Arab Emirates,False
2017-03-23,Iraq,Australia,1,1,World Cup qualifier,Iran,True
2017-03-23,China,South Korea,1,0,World Cup qualifier,China,False
2017-03-23,Afghanistan,Singapore,2,1,Friendly,Qatar,True
2017-03-23,Qatar,Iran,0,1,World Cup qualifier,Qatar,False
2017-03-23,Syria,Uzbekistan,1,0,World Cup qualifier,Malaysia,True
2017-03-23,Jordan,Hong Kong,4,0,Friendly,Jordan,False
2017-03-23,Thailand,Saudi Arabia,0,3,World Cup qualifier,Thailand,False
2017-03-23,Bahrain,Tajikistan,1,1,Friendly,Bahrain,False
2017-03-23,Kenya,Uganda,1,1,Friendly,Kenya,False
2017-03-23,Nigeria,Senegal,1,1,Friendly,England,True
2017-03-23,Uruguay,Brazil,1,4,World Cup qualifier,Uruguay,False
2017-03-23,Argentina,Chile,1,0,World Cup qualifier,Argentina,False
2017-03-23,Paraguay,Ecuador,2,1,World Cup qualifier,Paraguay,False
2017-03-23,Colombia,Bolivia,1,0,World Cup qualifier,Colombia,False
2017-03-23,Venezuela,Peru,2,2,World Cup qualifier,Venezuela,False
2017-03-23,Papua New Guinea,Tahiti,1,3,World Cup qualifier,Papua New Guinea,False
2017-03-24,Comoros,Mauritius,2,0,African Nations Cup qualifier,Comoros,False
2017-03-24,Libya,Togo,0,0,Friendly,Egypt,True
2017-03-24,Tunisia,Cameroon,0,1,Friendly,Tunisia,False
2017-03-24,Morocco,Burkina Faso,2,0,Friendly,Morocco,False
2017-03-24,Mauritania,Benin,1,0,Friendly,Mauritania,False
2017-03-24,Gabon,Guinea,2,2,Friendly,France,True
2017-03-24,Russia,Ivory Coast,0,2,Friendly,Russia,False
2017-03-24,United States,Honduras,6,0,World Cup qualifier,United States,False
2017-03-24,Mexico,Costa Rica,2,0,World Cup qualifier,Mexico,False
2017-03-24,Haiti,Nicaragua,3,1,CONCACAF Champ qual,Haiti,False
2017-03-24,Trinidad and Tobago,Panama,1,0,World Cup qualifier,Trinidad and Tobago,False
2017-03-24,Ireland,Wales,0,0,World Cup qualifier,Ireland,False
2017-03-24,Austria,Moldova,2,0,World Cup qualifier,Austria,False
2017-03-24,Italy,Albania,2,0,World Cup qualifier,Italy,False
2017-03-24,Turkey,Finland,2,0,World Cup qualifier,Turkey,False
2017-03-24,Spain,Israel,4,1,World Cup qualifier,Spain,False
2017-03-24,Croatia,Ukraine,1,0,World Cup qualifier,Croatia,False
2017-03-24,Kosovo,Iceland,1,2,World Cup qualifier,Albania,True
2017-03-24,Georgia,Serbia,1,3,World Cup qualifier,Georgia,False
2017-03-24,Liechtenstein,Macedonia,0,3,World Cup qualifier,Liechtenstein,False
2017-03-25,South Africa,Guinea-Bissau,3,1,Friendly,South Africa,False
2017-03-25,Tanzania,Botswana,2,0,Friendly,Tanzania,False
2017-03-25,Mozambique,Angola,2,0,Friendly,Mozambique,False
2017-03-25,Fiji,New Zealand,0,2,World Cup qualifier,Fiji,False
2017-03-25,Portugal,Hungary,3,0,World Cup qualifier,Portugal,False
2017-03-25,Belgium,Greece,1,1,World Cup qualifier,Belgium,False
2017-03-25,Luxembourg,France,1,3,World Cup qualifier,Luxembourg,False
2017-03-25,Switzerland,Latvia,1,0,World Cup qualifier,Switzerland,False
2017-03-25,Bulgaria,Netherlands,2,0,World Cup qualifier,Bulgaria,False
2017-03-25,Sweden,Belarus,4,0,World Cup qualifier,Sweden,False
2017-03-25,Cyprus,Estonia,0,0,World Cup qualifier,Cyprus,False
2017-03-25,Andorra,Faroe Islands,0,0,World Cup qualifier,Andorra,False
2017-03-25,Bosnia and Herzegovina,Gibraltar,5,0,World Cup qualifier,Bosnia and Herzegovina,False
2017-03-26,Taiwan,Turkmenistan,1,3,Asian Cup qualifier,Taiwan,False
2017-03-26,Kenya,DR Congo,2,1,Friendly,Kenya,False
2017-03-26,Zimbabwe,Zambia,0,0,Friendly,Zimbabwe,False
2017-03-26,Madagascar,Sao Tome and Principe,3,2,African Nations Cup qualifier,Madagascar,False
2017-03-26,Barbados,Martinique,2,1,Friendly,Barbados,False
2017-03-26,Scotland,Slovenia,1,0,World Cup qualifier,Scotland,False
2017-03-26,England,Lithuania,2,0,World Cup qualifier,England,False
2017-03-26,Northern Ireland,Norway,2,0,World Cup qualifier,Northern Ireland,False
2017-03-26,Azerbaijan,Germany,1,4,World Cup qualifier,Azerbaijan,False
2017-03-26,Romania,Denmark,0,0,World Cup qualifier,Romania,False
2017-03-26,Montenegro,Poland,1,2,World Cup qualifier,Montenegro,False
2017-03-26,Malta,Slovakia,1,3,World Cup qualifier,Malta,False
2017-03-26,Armenia,Kazakhstan,2,0,World Cup qualifier,Armenia,False
2017-03-26,San Marino,Czechia,0,6,World Cup qualifier,San Marino,False
2017-03-27,Gambia,Central African Republic,2,1,Friendly,Morocco,True
2017-03-27,Ivory Coast,Senegal,1,1,Friendly,France,True
2017-03-27,Mauritania,Congo,2,1,Friendly,Mauritania,False
2017-03-27,Turkey,Moldova,3,1,Friendly,Turkey,False
2017-03-28,Japan,Thailand,4,0,World Cup qualifier,Japan,False
2017-03-28,Philippines,Nepal,4,1,Asian Cup qualifier,Philippines,False
2017-03-28,Australia,United Arab Emirates,2,0,World Cup qualifier,Australia,False
2017-03-28,Iran,China,1,0,World Cup qualifier,Iran,False
2017-03-28,Myanmar,India,0,1,Asian Cup qualifier,Myanmar,False
2017-03-28,Lebanon,Hong Kong,2,0,Asian Cup qualifier,Lebanon,False
2017-03-28,Afghanistan,Vietnam,1,1,Asian Cup qualifier,Tajikistan,True
2017-03-28,South Korea,Syria,1,0,World Cup qualifier,South Korea,False
2017-03-28,Kyrgyzstan,Macao,1,0,Asian Cup qualifier,Kyrgyzstan,False
2017-03-28,Bahrain,Singapore,0,0,Asian Cup qualifier,Bahrain,False
2017-03-28,Jordan,Cambodia,7,0,Asian Cup qualifier,Jordan,False
2017-03-28,Saudi Arabia,Iraq,1,0,World Cup qualifier,Saudi Arabia,False
2017-03-28,Maldives,Palestine,0,3,Asian Cup qualifier,Maldives,False
2017-03-28,Yemen,Tajikistan,2,1,Asian Cup qualifier,Qatar,True
2017-03-28,Oman,Bhutan,14,0,Asian Cup qualifier,Oman,False
2017-03-28,Uzbekistan,Qatar,1,0,World Cup qualifier,Uzbekistan,False
2017-03-28,Egypt,Togo,3,0,Friendly,Egypt,False
2017-03-28,South Africa,Angola,0,0,Friendly,South Africa,False
2017-03-28,Tanzania,Burundi,2,1,Friendly,Tanzania,False
2017-03-28,Mauritius,Comoros,1,1,African Nations Cup qualifier,Mauritius,False
2017-03-28,South Sudan,Djibouti,6,0,African Nations Cup qualifier,South Sudan,False
2017-03-28,Morocco,Tunisia,1,0,Friendly,Morocco,False
2017-03-28,Luxembourg,Cape Verde,0,2,Friendly,Luxembourg,False
2017-03-28,Guinea,Cameroon,2,1,Friendly,Belgium,True
2017-03-28,Mozambique,Lesotho,1,0,Friendly,Mozambique,False
2017-03-28,Panama,United States,1,1,World Cup qualifier,Panama,False
2017-03-28,Honduras,Costa Rica,1,1,World Cup qualifier,Honduras,False
2017-03-28,Trinidad and Tobago,Mexico,0,1,World Cup qualifier,Trinidad and Tobago,False
2017-03-28,Nicaragua,Haiti,3,0,CONCACAF Champ qual,Nicaragua,False
2017-03-28,Guyana,Martinique,0,0,Friendly,Guyana,False
2017-03-28,Peru,Uruguay,2,1,World Cup qualifier,Peru,False
2017-03-28,Bolivia,Argentina,2,0,World Cup qualifier,Bolivia,False
2017-03-28,Chile,Venezuela,3,1,World Cup qualifier,Chile,False
2017-03-28,Brazil,Paraguay,3,0,World Cup qualifier,Brazil,False
2017-03-28,Ecuador,Colombia,0,2,World Cup qualifier,Ecuador,False
2017-03-28,New Zealand,Fiji,2,0,World Cup qualifier,New Zealand,False
2017-03-28,Tahiti,Papua New Guinea,1,2,World Cup qualifier,Tahiti,False
2017-03-28,Austria,Finland,1,1,Friendly,Austria,False
2017-03-28,Russia,Belgium,3,3,Friendly,Russia,False
2017-03-28,France,Spain,0,2,Friendly,France,False
2017-03-28,Netherlands,Italy,1,2,Friendly,Netherlands,False
2017-03-28,Portugal,Sweden,2,3,Friendly,Portugal,False
2017-03-28,Estonia,Croatia,3,0,Friendly,Estonia,False
2017-03-28,Georgia,Latvia,5,0,Friendly,Georgia,False
2017-03-28,Ireland,Iceland,0,1,Friendly,Ireland,False
2017-03-28,Macedonia,Belarus,3,0,Friendly,Macedonia,False
2017-03-28,Albania,Bosnia and Herzegovina,1,2,Friendly,Albania,False
2017-04-26,Martinique,Guadeloupe,4,1,Friendly,Martinique,False
2017-04-29,Grenada,Trinidad and Tobago,2,2,Friendly,Grenada,False
2017-05-06,Saint Kitts and Nevis,Barbados,2,1,Friendly,Saint Kitts and Nevis,False
2017-05-17,Guadeloupe,Dominica,2,2,Friendly,Guadeloupe,False
2017-05-25,Fiji,Solomon Islands,1,1,Friendly,Fiji,False
2017-05-26,Swaziland,Lesotho,1,0,Friendly,Swaziland,False
2017-05-27,El Salvador,Honduras,2,2,Friendly,United States,True
2017-05-27,Croatia,Mexico,2,1,Friendly,United States,True
2017-05-28,Swaziland,Lesotho,0,1,Friendly,Swaziland,False
2017-05-28,Fiji,Solomon Islands,1,0,Friendly,Fiji,False
2017-05-31,Morocco,Netherlands,1,2,Friendly,Morocco,False
2017-05-31,Italy,San Marino,8,0,Friendly,Italy,False
2017-06-01,Iraq,Jordan,1,0,Friendly,Iraq,False
2017-06-01,Nigeria,Togo,3,0,Friendly,France,True
2017-06-01,Mexico,Ireland,3,1,Friendly,United States,True
2017-06-01,Switzerland,Belarus,1,0,Friendly,Switzerland,False
2017-06-02,Oman,Syria,1,1,Friendly,Oman,False
2017-06-02,Chile,Burkina Faso,3,0,Friendly,Chile,False
2017-06-02,Nicaragua,Bolivia,0,1,Friendly,Nicaragua,False
2017-06-02,France,Paraguay,5,0,Friendly,France,False
2017-06-02,Northern Ireland,New Zealand,1,0,Friendly,Northern Ireland,False
2017-06-03,Ethiopia,Uganda,0,0,Friendly,Ethiopia,False
2017-06-03,United States,Venezuela,1,1,Friendly,United States,False
2017-06-03,Portugal,Cyprus,4,0,Friendly,Portugal,False
2017-06-04,Montenegro,Iran,1,2,Friendly,Montenegro,False
2017-06-04,Gabon,Zambia,0,0,Friendly,Gabon,False
2017-06-04,Togo,Comoros,2,0,Friendly,France,True
2017-06-04,Netherlands,Ivory Coast,5,0,Friendly,Netherlands,False
2017-06-04,Lesotho,Mauritania,1,0,Friendly,South Africa,True
2017-06-04,Armenia,Saint Kitts and Nevis,5,0,Friendly,Armenia,False
2017-06-04,Ireland,Uruguay,3,1,Friendly,Ireland,False
2017-06-04,Luxembourg,Albania,2,1,Friendly,Luxembourg,False
2017-06-05,Egypt,Libya,1,0,Friendly,Egypt,False
2017-06-05,Senegal,Uganda,0,0,Friendly,Senegal,False
2017-06-05,DR Congo,Botswana,2,0,Friendly,Morocco,True
2017-06-05,Liberia,Sierra Leone,1,0,Friendly,Liberia,False
2017-06-05,Hungary,Russia,0,3,Friendly,Hungary,False
2017-06-05,Belgium,Czechia,2,1,Friendly,Belgium,False
2017-06-05,Macedonia,Turkey,0,0,Friendly,Macedonia,False
2017-06-06,India,Nepal,2,0,Friendly,India,False
2017-06-06,Afghanistan,Maldives,2,1,Friendly,United Arab Emirates,True
2017-06-06,Singapore,Myanmar,1,1,Friendly,Singapore,False
2017-06-06,Uzbekistan,Thailand,2,0,Friendly,Uzbekistan,False
2017-06-06,Qatar,North Korea,2,2,Friendly,Qatar,False
2017-06-06,Bahrain,Palestine,0,2,Friendly,Bahrain,False
2017-06-06,Algeria,Guinea,2,1,Friendly,Algeria,False
2017-06-06,Denmark,Germany,1,1,Friendly,Denmark,False
2017-06-06,Ukraine,Malta,0,1,Friendly,Austria,True
2017-06-06,Israel,Moldova,1,1,Friendly,Israel,False
2017-06-07,Japan,Syria,1,1,Friendly,Japan,False
2017-06-07,China,Philippines,8,1,Friendly,China,False
2017-06-07,Iraq,South Korea,0,0,Friendly,United Arab Emirates,True
2017-06-07,Hong Kong,Jordan,0,0,Friendly,Hong Kong,False
2017-06-07,United Arab Emirates,Laos,4,0,Friendly,Malaysia,True
2017-06-07,Ghana,Gambia,2,1,Friendly,Ghana,False
2017-06-07,Bolivia,Nicaragua,3,2,Friendly,Bolivia,False
2017-06-07,Georgia,Saint Kitts and Nevis,3,0,Friendly,Georgia,False
2017-06-07,Italy,Uruguay,3,0,Friendly,France,True
2017-06-07,Spain,Colombia,2,2,Friendly,Spain,False
2017-06-07,Fiji,New Caledonia,2,2,World Cup qualifier,Fiji,False
2017-06-07,Finland,Liechtenstein,1,1,Friendly,Finland,False
2017-06-08,Australia,Saudi Arabia,3,2,World Cup qualifier,Australia,False
2017-06-08,Cambodia,Indonesia,0,2,Friendly,Cambodia,False
2017-06-08,United States,Trinidad and Tobago,2,0,World Cup qualifier,United States,False
2017-06-08,Costa Rica,Panama,0,0,World Cup qualifier,Costa Rica,False
2017-06-08,Mexico,Honduras,3,0,World Cup qualifier,Mexico,False
2017-06-08,Grenada,Bermuda,2,2,Friendly,Grenada,False
2017-06-08,Peru,Paraguay,1,0,Friendly,Peru,False
2017-06-08,Ecuador,Venezuela,1,1,Friendly,United States,True
2017-06-09,Sudan,Madagascar,1,3,African Nations Cup qualifier,Sudan,False
2017-06-09,Libya,Seychelles,5,1,African Nations Cup qualifier,Egypt,True
2017-06-09,Argentina,Brazil,1,0,Friendly,Australia,True
2017-06-09,Russia,Chile,1,1,Friendly,Russia,False
2017-06-09,Solomon Islands,Papua New Guinea,3,2,World Cup qualifier,Solomon Islands,False
2017-06-09,Andorra,Hungary,1,0,World Cup qualifier,Andorra,False
2017-06-09,Estonia,Belgium,0,2,World Cup qualifier,Estonia,False
2017-06-09,Sweden,France,2,1,World Cup qualifier,Sweden,False
2017-06-09,Faroe Islands,Switzerland,0,2,World Cup qualifier,Faroe Islands,False
2017-06-09,Netherlands,Luxembourg,5,0,World Cup qualifier,Netherlands,False
2017-06-09,Latvia,Portugal,0,3,World Cup qualifier,Latvia,False
2017-06-09,Belarus,Bulgaria,2,1,World Cup qualifier,Belarus,False
2017-06-09,Bosnia and Herzegovina,Greece,0,0,World Cup qualifier,Bosnia and Herzegovina,False
2017-06-09,Cyprus,Gibraltar,2,1,World Cup qualifier,Portugal,True
2017-06-10,Singapore,Taiwan,1,2,Asian Cup qualifier,Singapore,False
2017-06-10,Nigeria,South Africa,0,2,African Nations Cup qualifier,Nigeria,False
2017-06-10,Sierra Leone,Kenya,2,1,African Nations Cup qualifier,Sierra Leone,False
2017-06-10,Tanzania,Lesotho,1,1,African Nations Cup qualifier,Tanzania,False
2017-06-10,Zambia,Mozambique,0,1,African Nations Cup qualifier,Zambia,False
2017-06-10,DR Congo,Congo,3,1,African Nations Cup qualifier,DR Congo,False
2017-06-10,Guinea-Bissau,Namibia,1,0,African Nations Cup qualifier,Guinea-Bissau,False
2017-06-10,Burundi,South Sudan,3,0,African Nations Cup qualifier,Burundi,False
2017-06-10,Malawi,Comoros,1,0,African Nations Cup qualifier,Malawi,False
2017-06-10,Cameroon,Morocco,1,0,African Nations Cup qualifier,Cameroon,False
2017-06-10,Mali,Gabon,2,1,African Nations Cup qualifier,Mali,False
2017-06-10,Burkina Faso,Angola,3,1,African Nations Cup qualifier,Burkina Faso,False
2017-06-10,Ivory Coast,Guinea,2,3,African Nations Cup qualifier,Ivory Coast,False
2017-06-10,Senegal,Equatorial Guinea,3,0,African Nations Cup qualifier,Senegal,False
2017-06-10,Niger,Swaziland,0,0,African Nations Cup qualifier,Niger,False
2017-06-10,Botswana,Mauritania,0,1,African Nations Cup qualifier,Botswana,False
2017-06-10,Grenada,Bermuda,1,2,Friendly,Grenada,False
2017-06-10,Scotland,England,2,2,World Cup qualifier,Scotland,False
2017-06-10,Azerbaijan,Northern Ireland,0,1,World Cup qualifier,Azerbaijan,False
2017-06-10,Germany,San Marino,7,0,World Cup qualifier,Germany,False
2017-06-10,Norway,Czechia,1,1,World Cup qualifier,Norway,False
2017-06-10,Kazakhstan,Denmark,1,3,World Cup qualifier,Kazakhstan,False
2017-06-10,Poland,Romania,3,1,World Cup qualifier,Poland,False
2017-06-10,Lithuania,Slovakia,1,2,World Cup qualifier,Lithuania,False
2017-06-10,Montenegro,Armenia,4,1,World Cup qualifier,Montenegro,False
2017-06-10,Slovenia,Malta,2,0,World Cup qualifier,Slovenia,False
2017-06-11,Tunisia,Egypt,1,0,African Nations Cup qualifier,Tunisia,False
2017-06-11,Cape Verde,Uganda,0,1,African Nations Cup qualifier,Cape Verde,False
2017-06-11,Zimbabwe,Liberia,3,0,African Nations Cup qualifier,Zimbabwe,False
2017-06-11,Ghana,Ethiopia,5,0,African Nations Cup qualifier,Ghana,False
2017-06-11,Benin,Gambia,1,0,African Nations Cup qualifier,Benin,False
2017-06-11,Algeria,Togo,1,0,African Nations Cup qualifier,Algeria,False
2017-06-11,Central African Republic,Rwanda,2,1,African Nations Cup qualifier,Central African Republic,False
2017-06-11,Mexico,United States,1,1,World Cup qualifier,Mexico,False
2017-06-11,New Caledonia,Fiji,2,1,World Cup qualifier,New Caledonia,False
2017-06-11,Serbia,Wales,1,1,World Cup qualifier,Serbia,False
2017-06-11,Ireland,Austria,1,1,World Cup qualifier,Ireland,False
2017-06-11,Italy,Liechtenstein,5,0,World Cup qualifier,Italy,False
2017-06-11,Finland,Ukraine,1,2,World Cup qualifier,Finland,False
2017-06-11,Macedonia,Spain,1,2,World Cup qualifier,Macedonia,False
2017-06-11,Kosovo,Turkey,1,4,World Cup qualifier,Albania,True
2017-06-11,Israel,Albania,0,3,World Cup qualifier,Israel,False
2017-06-11,Iceland,Croatia,1,0,World Cup qualifier,Iceland,False
2017-06-11,Moldova,Georgia,2,2,World Cup qualifier,Moldova,False
2017-06-12,Iran,Uzbekistan,2,0,World Cup qualifier,Iran,False
2017-06-12,Belarus,New Zealand,1,0,Friendly,Belarus,False
2017-06-12,Latvia,Estonia,1,2,Friendly,Latvia,False
2017-06-13,Iraq,Japan,1,1,World Cup qualifier,Iran,True
2017-06-13,Tajikistan,Philippines,3,4,Asian Cup qualifier,Tajikistan,False
2017-06-13,Australia,Brazil,0,4,Friendly,Australia,False
2017-06-13,Syria,China,2,2,World Cup qualifier,Malaysia,True
2017-06-13,Indonesia,Puerto Rico,0,0,Friendly,Indonesia,False
2017-06-13,India,Kyrgyzstan,1,0,Asian Cup qualifier,India,False
2017-06-13,Malaysia,Lebanon,1,2,Asian Cup qualifier,Malaysia,False
2017-06-13,Cambodia,Afghanistan,1,0,Asian Cup qualifier,Cambodia,False
2017-06-13,Qatar,South Korea,3,2,World Cup qualifier,Qatar,False
2017-06-13,Vietnam,Jordan,0,0,Asian Cup qualifier,Vietnam,False
2017-06-13,Macao,Myanmar,0,4,Asian Cup qualifier,Macao,False
2017-06-13,Hong Kong,North Korea,1,1,Asian Cup qualifier,Hong Kong,False
2017-06-13,Singapore,Argentina,0,6,Friendly,Singapore,False
2017-06-13,Thailand,United Arab Emirates,1,1,World Cup qualifier,Thailand,False
2017-06-13,Palestine,Oman,2,1,Asian Cup qualifier,Palestine,False
2017-06-13,Nepal,Yemen,0,0,Asian Cup qualifier,Nepal,False
2017-06-13,Turkmenistan,Bahrain,1,2,Asian Cup qualifier,Turkmenistan,False
2017-06-13,Bhutan,Maldives,0,2,Asian Cup qualifier,Bhutan,False
2017-06-13,South Africa,Zambia,1,2,Friendly,South Africa,False
2017-06-13,Colombia,Cameroon,4,0,Friendly,Spain,True
2017-06-13,Canada,Curaçao,2,1,Friendly,Canada,False
2017-06-13,Costa Rica,Trinidad and Tobago,2,1,World Cup qualifier,Costa Rica,False
2017-06-13,Ecuador,El Salvador,3,0,Friendly,United States,True
2017-06-13,Peru,Jamaica,3,1,Friendly,Peru,False
2017-06-13,Panama,Honduras,2,2,World Cup qualifier,Panama,False
2017-06-13,Romania,Chile,3,2,Friendly,Romania,False
2017-06-13,Papua New Guinea,Solomon Islands,1,2,World Cup qualifier,Papua New Guinea,False
2017-06-13,France,England,3,2,Friendly,France,False
2017-06-13,Norway,Sweden,1,1,Friendly,Norway,False
2017-06-17,Curaçao,Nicaragua,0,0,Friendly,Curaçao,False
2017-06-17,French Guiana,Barbados,3,0,Friendly,French Guiana,False
2017-06-17,Russia,New Zealand,2,0,Confederations Cup,Russia,False
2017-06-18,Chile,Cameroon,2,0,Confederations Cup,Russia,True
2017-06-18,Mexico,Portugal,2,2,Confederations Cup,Russia,True
2017-06-19,Germany,Australia,3,2,Confederations Cup,Russia,True
2017-06-21,Mexico,New Zealand,2,1,Confederations Cup,Russia,True
2017-06-21,Russia,Portugal,0,1,Confederations Cup,Russia,False
2017-06-22,Australia,Cameroon,1,1,Confederations Cup,Russia,True
2017-06-22,Martinique,Curaçao,1,2,Caribbean Championship,Martinique,False
2017-06-22,Jamaica,French Guiana,1,1,Caribbean Championship,Martinique,True
2017-06-22,Chile,Germany,1,1,Confederations Cup,Russia,True
2017-06-24,Russia,Mexico,1,2,Confederations Cup,Russia,False
2017-06-24,Portugal,New Zealand,4,0,Confederations Cup,Russia,True
2017-06-25,Australia,Chile,1,1,Confederations Cup,Russia,True
2017-06-25,Tanzania,Malawi,2,0,COSAFA Cup,South Africa,True
2017-06-25,Angola,Mauritius,1,0,COSAFA Cup,South Africa,True
2017-06-25,Germany,Cameroon,3,1,Confederations Cup,Russia,True
2017-06-25,Curaçao,Jamaica,2,1,Caribbean Championship,Martinique,True
2017-06-25,Martinique,French Guiana,0,1,Caribbean Championship,Martinique,False
2017-06-26,Zimbabwe,Mozambique,4,0,COSAFA Cup,South Africa,True
2017-06-26,Madagascar,Seychelles,2,0,COSAFA Cup,South Africa,True
2017-06-27,Angola,Tanzania,0,0,COSAFA Cup,South Africa,True
2017-06-27,Malawi,Mauritius,0,0,COSAFA Cup,South Africa,True
2017-06-28,Madagascar,Zimbabwe,0,0,COSAFA Cup,South Africa,True
2017-06-28,Mexico,Ghana,1,0,Friendly,United States,True
2017-06-28,Mozambique,Seychelles,2,1,COSAFA Cup,South Africa,True
2017-06-28,Grenada,Dominica,1,1,Windward Islands Champ,Grenada,False
2017-06-28,Saint Lucia,St Vincent & Grenadines,2,1,Windward Islands Champ,Grenada,True
2017-06-28,Chile,Portugal,0,0,Confederations Cup,Russia,True
2017-06-29,Mauritius,Tanzania,1,1,COSAFA Cup,South Africa,True
2017-06-29,Angola,Malawi,0,0,COSAFA Cup,South Africa,True
2017-06-29,Germany,Mexico,4,1,Confederations Cup,Russia,True
2017-06-30,Zimbabwe,Seychelles,6,0,COSAFA Cup,South Africa,True
2017-06-30,Madagascar,Mozambique,4,1,COSAFA Cup,South Africa,True
2017-06-30,Dominica,Barbados,2,1,Windward Islands Champ,Grenada,True
2017-06-30,Grenada,Saint Lucia,2,0,Windward Islands Champ,Grenada,False
2017-07-01,Zambia,Botswana,2,1,COSAFA Cup,South Africa,True
2017-07-01,United States,Ghana,2,1,Friendly,United States,False
2017-07-01,Lesotho,Namibia,0,0,COSAFA Cup,South Africa,True
2017-07-01,Mexico,Paraguay,2,1,Friendly,United States,True
2017-07-02,South Africa,Tanzania,0,1,COSAFA Cup,South Africa,False
2017-07-02,Zimbabwe,Swaziland,2,1,COSAFA Cup,South Africa,True
2017-07-02,Portugal,Mexico,2,1,Confederations Cup,Russia,True
2017-07-02,Germany,Chile,1,0,Confederations Cup,Russia,True
2017-07-03,Nicaragua,Canada,3,1,Friendly,United States,True
2017-07-03,Barbados,Saint Lucia,1,1,Windward Islands Champ,Grenada,True
2017-07-03,Grenada,St Vincent & Grenadines,4,3,Windward Islands Champ,Grenada,False
2017-07-04,South Africa,Botswana,2,0,COSAFA Cup,South Africa,False
2017-07-04,Namibia,Swaziland,1,0,COSAFA Cup,South Africa,True
2017-07-04,St Vincent & Grenadines,Barbados,4,2,Windward Islands Champ,Grenada,True
2017-07-04,Dominica,Saint Lucia,0,0,Windward Islands Champ,Grenada,True
2017-07-05,Zambia,Tanzania,4,2,COSAFA Cup,South Africa,True
2017-07-05,Zimbabwe,Lesotho,4,3,COSAFA Cup,South Africa,True
2017-07-06,Grenada,Barbados,0,2,Windward Islands Champ,Grenada,False
2017-07-06,Dominica,St Vincent & Grenadines,2,2,Windward Islands Champ,Grenada,True
2017-07-07,South Africa,Namibia,1,0,COSAFA Cup,South Africa,False
2017-07-07,Lesotho,Tanzania,0,0,COSAFA Cup,South Africa,True
2017-07-07,Canada,French Guiana,4,2,CONCACAF Championship,United States,True
2017-07-07,Costa Rica,Honduras,1,0,CONCACAF Championship,United States,True
2017-07-08,United States,Panama,1,1,CONCACAF Championship,United States,False
2017-07-08,Martinique,Nicaragua,2,0,CONCACAF Championship,United States,True
2017-07-09,Zimbabwe,Zambia,3,1,COSAFA Cup,South Africa,True
2017-07-09,Mexico,El Salvador,3,1,CONCACAF Championship,United States,True
2017-07-09,Jamaica,Curaçao,2,0,CONCACAF Championship,United States,True
2017-07-11,Canada,Costa Rica,1,1,CONCACAF Championship,United States,True
2017-07-11,French Guiana,Honduras,0,0,CONCACAF Championship,United States,True
2017-07-12,United States,Martinique,3,2,CONCACAF Championship,United States,False
2017-07-12,Panama,Nicaragua,2,1,CONCACAF Championship,United States,True
2017-07-13,El Salvador,Curaçao,2,0,CONCACAF Championship,United States,True
2017-07-13,Jamaica,Mexico,0,0,CONCACAF Championship,United States,True
2017-07-14,Thailand,North Korea,3,0,King's Cup,Thailand,False
2017-07-14,Canada,Honduras,0,0,CONCACAF Championship,United States,True
2017-07-14,Costa Rica,French Guiana,3,0,CONCACAF Championship,United States,True
2017-07-15,United States,Nicaragua,3,0,CONCACAF Championship,United States,False
2017-07-15,Panama,Martinique,3,0,CONCACAF Championship,United States,True
2017-07-16,El Salvador,Jamaica,1,1,CONCACAF Championship,United States,True
2017-07-16,Mexico,Curaçao,2,0,CONCACAF Championship,United States,True
2017-07-19,United States,El Salvador,2,0,CONCACAF Championship,United States,False
2017-07-19,Costa Rica,Panama,1,0,CONCACAF Championship,United States,True
2017-07-20,Jamaica,Canada,2,1,CONCACAF Championship,United States,True
2017-07-20,Mexico,Honduras,1,0,CONCACAF Championship,United States,True
2017-07-22,United States,Costa Rica,2,0,CONCACAF Championship,United States,False
2017-07-23,Jamaica,Mexico,1,0,CONCACAF Championship,United States,True
2017-07-26,United States,Jamaica,2,1,CONCACAF Championship,United States,False
2017-07-26,Ecuador,Trinidad and Tobago,3,1,Friendly,Ecuador,False
2017-07-28,Solomon Islands,Vanuatu,0,0,Friendly,Solomon Islands,False
2017-08-16,Qatar,Andorra,1,0,Friendly,England,True
2017-08-19,India,Mauritius,2,1,Friendly tournament,India,False
2017-08-22,Malaysia,Syria,1,2,Friendly,Malaysia,False
2017-08-22,Mauritius,Saint Kitts and Nevis,1,1,Friendly tournament,India,True
2017-08-23,Qatar,Turkmenistan,2,1,Friendly,Qatar,False
2017-08-24,India,Saint Kitts and Nevis,1,1,Friendly tournament,India,False
2017-08-24,Trinidad and Tobago,Jamaica,1,2,Friendly,Trinidad and Tobago,False
2017-08-25,Uzbekistan,Kyrgyzstan,5,0,Friendly,Uzbekistan,False
2017-08-26,Iraq,Syria,1,1,Friendly,Malaysia,True
2017-08-29,Myanmar,Malaysia,1,0,Friendly,Myanmar,False
2017-08-29,Bahrain,Jordan,0,0,Friendly,Bahrain,False
2017-08-29,United Arab Emirates,Saudi Arabia,2,1,World Cup qualifier,United Arab Emirates,False
2017-08-30,Oman,Afghanistan,2,0,Friendly,Oman,False
2017-08-31,Japan,Australia,2,0,World Cup qualifier,Japan,False
2017-08-31,China,Uzbekistan,1,0,World Cup qualifier,China,False
2017-08-31,South Korea,Iran,0,0,World Cup qualifier,South Korea,False
2017-08-31,Syria,Qatar,3,1,World Cup qualifier,Malaysia,True
2017-08-31,Singapore,Hong Kong,1,1,Friendly,Singapore,False
2017-08-31,Thailand,Iraq,1,2,World Cup qualifier,Thailand,False
2017-08-31,Uganda,Egypt,1,0,World Cup qualifier,Uganda,False
2017-08-31,Togo,Niger,2,0,Friendly,Morocco,True
2017-08-31,Guinea,Libya,3,2,World Cup qualifier,Guinea,False
2017-08-31,Uruguay,Argentina,0,0,World Cup qualifier,Uruguay,False
2017-08-31,Chile,Paraguay,0,3,World Cup qualifier,Chile,False
2017-08-31,Brazil,Ecuador,2,0,World Cup qualifier,Brazil,False
2017-08-31,Peru,Bolivia,2,1,World Cup qualifier,Peru,False
2017-08-31,Venezuela,Colombia,0,0,World Cup qualifier,Venezuela,False
2017-08-31,Hungary,Latvia,3,1,World Cup qualifier,Hungary,False
2017-08-31,Belgium,Gibraltar,9,0,World Cup qualifier,Belgium,False
2017-08-31,France,Netherlands,4,0,World Cup qualifier,France,False
2017-08-31,Switzerland,Andorra,3,0,World Cup qualifier,Switzerland,False
2017-08-31,Bulgaria,Sweden,3,2,World Cup qualifier,Bulgaria,False
2017-08-31,Luxembourg,Belarus,1,0,World Cup qualifier,Luxembourg,False
2017-08-31,Greece,Estonia,0,0,World Cup qualifier,Greece,False
2017-08-31,Portugal,Faroe Islands,5,1,World Cup qualifier,Portugal,False
2017-08-31,Cyprus,Bosnia and Herzegovina,3,2,World Cup qualifier,Cyprus,False
2017-09-01,Cape Verde,South Africa,2,1,World Cup qualifier,Cape Verde,False
2017-09-01,Tunisia,DR Congo,2,1,World Cup qualifier,Tunisia,False
2017-09-01,Nigeria,Cameroon,4,0,World Cup qualifier,Nigeria,False
2017-09-01,Ghana,Congo,1,1,World Cup qualifier,Ghana,False
2017-09-01,Morocco,Mali,6,0,World Cup qualifier,Morocco,False
2017-09-01,United States,Costa Rica,0,2,World Cup qualifier,United States,False
2017-09-01,Mexico,Panama,1,0,World Cup qualifier,Mexico,False
2017-09-01,Trinidad and Tobago,Honduras,1,2,World Cup qualifier,Trinidad and Tobago,False
2017-09-01,New Zealand,Solomon Islands,6,1,World Cup qualifier,New Zealand,False
2017-09-01,Lithuania,Scotland,0,3,World Cup qualifier,Lithuania,False
2017-09-01,Malta,England,0,4,World Cup qualifier,Malta,False
2017-09-01,San Marino,Northern Ireland,0,3,World Cup qualifier,San Marino,False
2017-09-01,Czechia,Germany,1,2,World Cup qualifier,Czechia,False
2017-09-01,Norway,Azerbaijan,2,0,World Cup qualifier,Norway,False
2017-09-01,Denmark,Poland,4,0,World Cup qualifier,Denmark,False
2017-09-01,Romania,Armenia,1,0,World Cup qualifier,Romania,False
2017-09-01,Slovakia,Slovenia,1,0,World Cup qualifier,Slovakia,False
2017-09-01,Kazakhstan,Montenegro,0,3,World Cup qualifier,Kazakhstan,False
2017-09-02,Indonesia,Fiji,0,0,Friendly,Indonesia,False
2017-09-02,Mozambique,Kenya,1,1,Friendly,Mozambique,False
2017-09-02,Tanzania,Botswana,2,0,Friendly,Tanzania,False
2017-09-02,Zambia,Algeria,3,1,World Cup qualifier,Zambia,False
2017-09-02,Gabon,Ivory Coast,0,3,World Cup qualifier,Gabon,False
2017-09-02,Senegal,Burkina Faso,0,0,World Cup qualifier,Senegal,False
2017-09-02,Canada,Jamaica,2,0,Friendly,Canada,False
2017-09-02,Wales,Austria,1,0,World Cup qualifier,Wales,False
2017-09-02,Spain,Italy,3,0,World Cup qualifier,Spain,False
2017-09-02,Finland,Iceland,1,0,World Cup qualifier,Finland,False
2017-09-02,Ukraine,Turkey,2,0,World Cup qualifier,Ukraine,False
2017-09-02,Georgia,Ireland,1,1,World Cup qualifier,Georgia,False
2017-09-02,Israel,Macedonia,0,1,World Cup qualifier,Israel,False
2017-09-02,Albania,Liechtenstein,2,0,World Cup qualifier,Albania,False
2017-09-02,Serbia,Moldova,3,0,World Cup qualifier,Serbia,False
2017-09-03,Equatorial Guinea,Benin,1,2,Friendly,Equatorial Guinea,False
2017-09-03,Hungary,Portugal,0,1,World Cup qualifier,Hungary,False
2017-09-03,Greece,Belgium,1,2,World Cup qualifier,Greece,False
2017-09-03,France,Luxembourg,0,0,World Cup qualifier,France,False
2017-09-03,Latvia,Switzerland,0,3,World Cup qualifier,Latvia,False
2017-09-03,Netherlands,Bulgaria,3,1,World Cup qualifier,Netherlands,False
2017-09-03,Belarus,Sweden,0,4,World Cup qualifier,Belarus,False
2017-09-03,Estonia,Cyprus,1,0,World Cup qualifier,Estonia,False
2017-09-03,Croatia,Kosovo,1,0,World Cup qualifier,Croatia,False
2017-09-03,Faroe Islands,Andorra,1,0,World Cup qualifier,Faroe Islands,False
2017-09-03,Gibraltar,Bosnia and Herzegovina,0,4,World Cup qualifier,Portugal,True
2017-09-04,Cameroon,Nigeria,1,1,World Cup qualifier,Cameroon,False
2017-09-04,Malawi,Togo,1,0,Friendly,Morocco,True
2017-09-04,Libya,Guinea,1,0,World Cup qualifier,Tunisia,True
2017-09-04,Scotland,Malta,2,0,World Cup qualifier,Scotland,False
2017-09-04,England,Slovakia,2,1,World Cup qualifier,England,False
2017-09-04,Northern Ireland,Czechia,2,0,World Cup qualifier,Northern Ireland,False
2017-09-04,Germany,Norway,6,0,World Cup qualifier,Germany,False
2017-09-04,Armenia,Denmark,1,4,World Cup qualifier,Armenia,False
2017-09-04,Poland,Kazakhstan,3,0,World Cup qualifier,Poland,False
2017-09-04,Montenegro,Romania,1,0,World Cup qualifier,Montenegro,False
2017-09-04,Slovenia,Lithuania,4,0,World Cup qualifier,Slovenia,False
2017-09-04,Azerbaijan,San Marino,5,1,World Cup qualifier,Azerbaijan,False
2017-09-05,Saudi Arabia,Japan,1,0,World Cup qualifier,Saudi Arabia,False
2017-09-05,Philippines,Yemen,2,2,Asian Cup qualifier,Philippines,False
2017-09-05,Australia,Thailand,2,1,World Cup qualifier,Australia,False
2017-09-05,Qatar,China,1,2,World Cup qualifier,Qatar,False
2017-09-05,Macao,India,0,2,Asian Cup qualifier,Macao,False
2017-09-05,North Korea,Lebanon,2,2,Asian Cup qualifier,North Korea,False
2017-09-05,Jordan,Afghanistan,4,1,Asian Cup qualifier,Jordan,False
2017-09-05,Iran,Syria,2,2,World Cup qualifier,Iran,False
2017-09-05,Uzbekistan,South Korea,0,0,World Cup qualifier,Uzbekistan,False
2017-09-05,Cambodia,Vietnam,1,2,Asian Cup qualifier,Cambodia,False
2017-09-05,Bahrain,Taiwan,5,0,Asian Cup qualifier,Bahrain,False
2017-09-05,Malaysia,Hong Kong,1,1,Asian Cup qualifier,Malaysia,False
2017-09-05,Singapore,Turkmenistan,1,1,Asian Cup qualifier,Singapore,False
2017-09-05,Iraq,United Arab Emirates,1,0,World Cup qualifier,Jordan,True
2017-09-05,Bhutan,Palestine,0,2,Asian Cup qualifier,Bhutan,False
2017-09-05,Oman,Maldives,5,0,Asian Cup qualifier,Oman,False
2017-09-05,Nepal,Tajikistan,1,2,Asian Cup qualifier,Nepal,False
2017-09-05,Egypt,Uganda,1,0,World Cup qualifier,Egypt,False
2017-09-05,South Africa,Cape Verde,1,2,World Cup qualifier,South Africa,False
2017-09-05,Algeria,Zambia,0,1,World Cup qualifier,Algeria,False
2017-09-05,DR Congo,Tunisia,2,2,World Cup qualifier,DR Congo,False
2017-09-05,Congo,Ghana,1,5,World Cup qualifier,Congo,False
2017-09-05,Mali,Morocco,0,0,World Cup qualifier,Mali,False
2017-09-05,Ivory Coast,Gabon,1,2,World Cup qualifier,Ivory Coast,False
2017-09-05,Burkina Faso,Senegal,2,2,World Cup qualifier,Burkina Faso,False
2017-09-05,Niger,Mauritania,2,0,Friendly,Morocco,True
2017-09-05,Honduras,United States,1,1,World Cup qualifier,Honduras,False
2017-09-05,Costa Rica,Mexico,1,1,World Cup qualifier,Costa Rica,False
2017-09-05,Panama,Trinidad and Tobago,3,0,World Cup qualifier,Panama,False
2017-09-05,Paraguay,Uruguay,1,2,World Cup qualifier,Paraguay,False
2017-09-05,Argentina,Venezuela,1,1,World Cup qualifier,Argentina,False
2017-09-05,Bolivia,Chile,1,0,World Cup qualifier,Bolivia,False
2017-09-05,Colombia,Brazil,1,1,World Cup qualifier,Colombia,False
2017-09-05,Ecuador,Peru,1,2,World Cup qualifier,Ecuador,False
2017-09-05,Solomon Islands,New Zealand,2,2,World Cup qualifier,Solomon Islands,False
2017-09-05,Moldova,Wales,0,2,World Cup qualifier,Moldova,False
2017-09-05,Austria,Georgia,1,1,World Cup qualifier,Austria,False
2017-09-05,Italy,Israel,1,0,World Cup qualifier,Italy,False
2017-09-05,Finland,Kosovo,1,0,World Cup qualifier,Albania,True
2017-09-05,Liechtenstein,Spain,0,8,World Cup qualifier,Liechtenstein,False
2017-09-05,Turkey,Croatia,1,0,World Cup qualifier,Turkey,False
2017-09-05,Ireland,Serbia,0,1,World Cup qualifier,Ireland,False
2017-09-05,Iceland,Ukraine,2,0,World Cup qualifier,Iceland,False
2017-09-05,Macedonia,Albania,1,1,World Cup qualifier,Macedonia,False
2017-09-30,Botswana,Ethiopia,2,0,Friendly,Botswana,False
2017-10-02,Macao,Laos,3,1,Friendly,Macao,False
2017-10-04,Indonesia,Cambodia,3,1,Friendly,Indonesia,False
2017-10-04,Jordan,Oman,1,1,Friendly,United Arab Emirates,True
2017-10-04,Uganda,Madagascar,1,2,Friendly,Uganda,False
2017-10-05,Syria,Australia,1,1,World Cup qualifier,Malaysia,True
2017-10-05,Iran,Togo,2,0,Friendly,Iran,False
2017-10-05,Taiwan,Mongolia,4,2,Friendly,Taiwan,False
2017-10-05,Myanmar,Thailand,1,3,Friendly,Myanmar,False
2017-10-05,Hong Kong,Laos,4,0,Friendly,Hong Kong,False
2017-10-05,Qatar,Singapore,3,1,Friendly,Qatar,False
2017-10-05,Iraq,Kenya,2,1,Friendly,Iraq,False
2017-10-05,Venezuela,Uruguay,0,0,World Cup qualifier,Venezuela,False
2017-10-05,Argentina,Peru,0,0,World Cup qualifier,Argentina,False
2017-10-05,Chile,Ecuador,2,1,World Cup qualifier,Chile,False
2017-10-05,Bolivia,Brazil,0,0,World Cup qualifier,Bolivia,False
2017-10-05,Colombia,Paraguay,1,2,World Cup qualifier,Colombia,False
2017-10-05,Scotland,Slovakia,1,0,World Cup qualifier,Scotland,False
2017-10-05,England,Slovenia,1,0,World Cup qualifier,England,False
2017-10-05,Northern Ireland,Germany,1,3,World Cup qualifier,Northern Ireland,False
2017-10-05,San Marino,Norway,0,8,World Cup qualifier,San Marino,False
2017-10-05,Montenegro,Denmark,0,1,World Cup qualifier,Montenegro,False
2017-10-05,Armenia,Poland,1,6,World Cup qualifier,Armenia,False
2017-10-05,Romania,Kazakhstan,3,1,World Cup qualifier,Romania,False
2017-10-05,Malta,Lithuania,1,1,World Cup qualifier,Malta,False
2017-10-05,Azerbaijan,Czechia,1,2,World Cup qualifier,Azerbaijan,False
2017-10-06,Japan,New Zealand,2,1,Friendly,Japan,False
2017-10-06,Mali,Ivory Coast,0,0,World Cup qualifier,Mali,False
2017-10-06,Comoros,Mauritania,1,0,Friendly,Tunisia,True
2017-10-06,United States,Panama,4,0,World Cup qualifier,United States,False
2017-10-06,Mexico,Trinidad and Tobago,3,1,World Cup qualifier,Mexico,False
2017-10-06,Georgia,Wales,0,1,World Cup qualifier,Georgia,False
2017-10-06,Austria,Serbia,3,2,World Cup qualifier,Austria,False
2017-10-06,Italy,Macedonia,1,1,World Cup qualifier,Italy,False
2017-10-06,Croatia,Finland,1,1,World Cup qualifier,Croatia,False
2017-10-06,Spain,Albania,3,0,World Cup qualifier,Spain,False
2017-10-06,Turkey,Iceland,0,3,World Cup qualifier,Turkey,False
2017-10-06,Ireland,Moldova,2,0,World Cup qualifier,Ireland,False
2017-10-06,Kosovo,Ukraine,0,2,World Cup qualifier,Albania,True
2017-10-06,Liechtenstein,Israel,0,1,World Cup qualifier,Liechtenstein,False
2017-10-07,Russia,South Korea,4,2,Friendly,Russia,False
2017-10-07,Saudi Arabia,Jamaica,5,2,Friendly,Saudi Arabia,False
2017-10-07,South Africa,Burkina Faso,3,1,World Cup qualifier,South Africa,False
2017-10-07,Uganda,Ghana,0,0,World Cup qualifier,Uganda,False
2017-10-07,Tanzania,Malawi,1,1,Friendly,Tanzania,False
2017-10-07,Nigeria,Zambia,1,0,World Cup qualifier,Nigeria,False
2017-10-07,Libya,DR Congo,1,2,World Cup qualifier,Tunisia,True
2017-10-07,Guinea,Tunisia,1,4,World Cup qualifier,Guinea,False
2017-10-07,Morocco,Gabon,3,0,World Cup qualifier,Morocco,False
2017-10-07,Cape Verde,Senegal,0,2,World Cup qualifier,Cape Verde,False
2017-10-07,Cameroon,Algeria,2,0,World Cup qualifier,Cameroon,False
2017-10-07,Costa Rica,Honduras,1,1,World Cup qualifier,Costa Rica,False
2017-10-07,Grenada,Guyana,1,0,Friendly,Grenada,False
2017-10-07,Switzerland,Hungary,5,2,World Cup qualifier,Switzerland,False
2017-10-07,Bosnia and Herzegovina,Belgium,3,4,World Cup qualifier,Bosnia and Herzegovina,False
2017-10-07,Bulgaria,France,0,1,World Cup qualifier,Bulgaria,False
2017-10-07,Belarus,Netherlands,1,3,World Cup qualifier,Belarus,False
2017-10-07,Sweden,Luxembourg,8,0,World Cup qualifier,Sweden,False
2017-10-07,Gibraltar,Estonia,0,6,World Cup qualifier,Portugal,True
2017-10-07,Andorra,Portugal,0,2,World Cup qualifier,Andorra,False
2017-10-07,Faroe Islands,Latvia,0,0,World Cup qualifier,Faroe Islands,False
2017-10-07,Cyprus,Greece,1,2,World Cup qualifier,Cyprus,False
2017-10-08,Thailand,Kenya,1,0,Friendly,Thailand,False
2017-10-08,Egypt,Congo,2,1,World Cup qualifier,Egypt,False
2017-10-08,El Salvador,Canada,1,0,Friendly,United States,True
2017-10-08,Slovenia,Scotland,2,2,World Cup qualifier,Slovenia,False
2017-10-08,Lithuania,England,0,1,World Cup qualifier,Lithuania,False
2017-10-08,Norway,Northern Ireland,1,0,World Cup qualifier,Norway,False
2017-10-08,Germany,Azerbaijan,5,1,World Cup qualifier,Germany,False
2017-10-08,Denmark,Romania,1,1,World Cup qualifier,Denmark,False
2017-10-08,Poland,Montenegro,4,2,World Cup qualifier,Poland,False
2017-10-08,Slovakia,Malta,3,0,World Cup qualifier,Slovakia,False
2017-10-08,Kazakhstan,Armenia,1,1,World Cup qualifier,Kazakhstan,False
2017-10-08,Czechia,San Marino,5,0,World Cup qualifier,Czechia,False
2017-10-09,Equatorial Guinea,Mauritius,3,1,Friendly,Equatorial Guinea,False
2017-10-09,Wales,Ireland,0,1,World Cup qualifier,Wales,False
2017-10-09,Moldova,Austria,0,1,World Cup qualifier,Moldova,False
2017-10-09,Albania,Italy,0,1,World Cup qualifier,Albania,False
2017-10-09,Finland,Turkey,2,2,World Cup qualifier,Finland,False
2017-10-09,Israel,Spain,0,1,World Cup qualifier,Israel,False
2017-10-09,Ukraine,Croatia,0,2,World Cup qualifier,Ukraine,False
2017-10-09,Iceland,Kosovo,2,0,World Cup qualifier,Iceland,False
2017-10-09,Serbia,Georgia,1,0,World Cup qualifier,Serbia,False
2017-10-09,Macedonia,Liechtenstein,4,0,World Cup qualifier,Macedonia,False
2017-10-10,Japan,Haiti,3,3,Friendly,Japan,False
2017-10-10,Philippines,Yemen,1,1,Asian Cup qualifier,Qatar,True
2017-10-10,Australia,Syria,2,1,World Cup qualifier,Australia,False
2017-10-10,Lebanon,North Korea,5,0,Asian Cup qualifier,Lebanon,False
2017-10-10,Afghanistan,Jordan,3,3,Asian Cup qualifier,Tajikistan,True
2017-10-10,Russia,Iran,1,1,Friendly,Russia,False
2017-10-10,Morocco,South Korea,3,1,Friendly,Switzerland,True
2017-10-10,Vietnam,Cambodia,5,0,Asian Cup qualifier,Vietnam,False
2017-10-10,Taiwan,Bahrain,2,1,Asian Cup qualifier,Taiwan,False
2017-10-10,Myanmar,Kyrgyzstan,2,2,Asian Cup qualifier,Myanmar,False
2017-10-10,Hong Kong,Malaysia,2,0,Asian Cup qualifier,Hong Kong,False
2017-10-10,Turkmenistan,Singapore,2,1,Asian Cup qualifier,Turkmenistan,False
2017-10-10,Saudi Arabia,Ghana,0,3,Friendly,Saudi Arabia,False
2017-10-10,Palestine,Bhutan,10,0,Asian Cup qualifier,Palestine,False
2017-10-10,Maldives,Oman,1,3,Asian Cup qualifier,Maldives,False
2017-10-10,Qatar,Curaçao,1,2,Friendly,Qatar,False
2017-10-10,Tajikistan,Nepal,3,0,Asian Cup qualifier,Tajikistan,False
2017-10-10,Benin,Gabon,1,0,Friendly,France,True
2017-10-10,Mozambique,Cape Verde,1,0,Friendly,Portugal,True
2017-10-10,Trinidad and Tobago,United States,2,1,World Cup qualifier,Trinidad and Tobago,False
2017-10-10,Panama,Costa Rica,2,1,World Cup qualifier,Panama,False
2017-10-10,Honduras,Mexico,3,2,World Cup qualifier,Honduras,False
2017-10-10,Uruguay,Bolivia,4,2,World Cup qualifier,Uruguay,False
2017-10-10,Ecuador,Argentina,1,3,World Cup qualifier,Ecuador,False
2017-10-10,Brazil,Chile,3,0,World Cup qualifier,Brazil,False
2017-10-10,Paraguay,Venezuela,0,1,World Cup qualifier,Paraguay,False
2017-10-10,Peru,Colombia,1,1,World Cup qualifier,Peru,False
2017-10-10,Hungary,Faroe Islands,1,0,World Cup qualifier,Hungary,False
2017-10-10,Belgium,Cyprus,4,0,World Cup qualifier,Belgium,False
2017-10-10,France,Belarus,2,1,World Cup qualifier,France,False
2017-10-10,Portugal,Switzerland,2,0,World Cup qualifier,Portugal,False
2017-10-10,Netherlands,Sweden,2,0,World Cup qualifier,Netherlands,False
2017-10-10,Luxembourg,Bulgaria,1,1,World Cup qualifier,Luxembourg,False
2017-10-10,Estonia,Bosnia and Herzegovina,1,2,World Cup qualifier,Estonia,False
2017-10-10,Latvia,Andorra,4,0,World Cup qualifier,Latvia,False
2017-10-10,Greece,Gibraltar,4,0,World Cup qualifier,Greece,False
2017-10-11,India,Macao,4,1,Asian Cup qualifier,India,False
2017-10-24,Grenada,Panama,0,5,Friendly,Grenada,False
2017-10-28,Bermuda,Barbados,2,3,Friendly,Bermuda,False
2017-11-07,Saudi Arabia,Latvia,2,0,Friendly,Portugal,True
2017-11-08,Lesotho,Zimbabwe,1,0,Friendly,Lesotho,False
2017-11-08,Congo,Benin,1,1,Friendly,Congo,False
2017-11-08,Nicaragua,Dominican Republic,0,3,Friendly,Nicaragua,False
2017-11-08,Czechia,Iceland,2,1,Friendly tournament,Qatar,True
2017-11-09,Singapore,Lebanon,0,1,Friendly,Singapore,False
2017-11-09,Iran,Panama,2,1,Friendly,Austria,True
2017-11-09,Cambodia,Myanmar,1,2,Friendly,Cambodia,False
2017-11-09,Hong Kong,Bahrain,0,2,Friendly,Hong Kong,False
2017-11-09,Scotland,Netherlands,0,1,Friendly,Scotland,False
2017-11-09,Northern Ireland,Switzerland,0,1,World Cup qualifier,Northern Ireland,False
2017-11-09,Luxembourg,Hungary,2,1,Friendly,Luxembourg,False
2017-11-09,Finland,Estonia,3,0,Friendly,Finland,False
2017-11-09,Romania,Turkey,2,0,Friendly,Romania,False
2017-11-09,Armenia,Belarus,4,1,Friendly,Armenia,False
2017-11-09,Croatia,Greece,4,1,World Cup qualifier,Croatia,False
2017-11-10,Brazil,Japan,3,1,Friendly,France,True
2017-11-10,Honduras,Australia,0,0,World Cup qualifier,Honduras,False
2017-11-10,China,Serbia,0,2,Friendly,China,False
2017-11-10,South Korea,Colombia,2,1,Friendly,South Korea,False
2017-11-10,North Korea,Malaysia,4,1,Asian Cup qualifier,Thailand,True
2017-11-10,Portugal,Saudi Arabia,3,0,Friendly,Portugal,False
2017-11-10,United Arab Emirates,Haiti,0,1,Friendly,United Arab Emirates,False
2017-11-10,South Africa,Senegal,0,2,World Cup qualifier,South Africa,False
2017-11-10,Algeria,Nigeria,1,1,World Cup qualifier,Algeria,False
2017-11-10,Belgium,Mexico,3,3,Friendly,Belgium,False
2017-11-10,Poland,Uruguay,0,0,Friendly,Poland,False
2017-11-10,England,Germany,0,0,Friendly,England,False
2017-11-10,France,Wales,2,0,Friendly,France,False
2017-11-10,Sweden,Italy,1,0,World Cup qualifier,Sweden,False
2017-11-10,Ukraine,Slovakia,2,1,Friendly,Ukraine,False
2017-11-10,Georgia,Cyprus,1,0,Friendly,Georgia,False
2017-11-11,Qatar,Czechia,0,1,Friendly tournament,Qatar,False
2017-11-11,Namibia,Zimbabwe,3,1,Friendly,Namibia,False
2017-11-11,Zambia,Cameroon,2,2,World Cup qualifier,Zambia,False
2017-11-11,Comoros,Madagascar,1,1,Friendly,France,True
2017-11-11,DR Congo,Guinea,3,1,World Cup qualifier,DR Congo,False
2017-11-11,Tunisia,Libya,0,0,World Cup qualifier,Tunisia,False
2017-11-11,Malawi,Lesotho,1,1,Friendly,Malawi,False
2017-11-11,Ivory Coast,Morocco,0,2,World Cup qualifier,Ivory Coast,False
2017-11-11,Gabon,Mali,0,0,World Cup qualifier,Gabon,False
2017-11-11,Spain,Costa Rica,5,0,Friendly,Spain,False
2017-11-11,Trinidad and Tobago,Grenada,2,2,Friendly,Trinidad and Tobago,False
2017-11-11,Dominican Republic,Nicaragua,1,0,Friendly,Dominican Republic,False
2017-11-11,Russia,Argentina,0,1,Friendly,Russia,False
2017-11-11,New Zealand,Peru,0,0,World Cup qualifier,New Zealand,False
2017-11-11,Macedonia,Norway,2,0,Friendly,Macedonia,False
2017-11-11,Denmark,Ireland,0,0,World Cup qualifier,Denmark,False
2017-11-12,Ghana,Egypt,1,1,World Cup qualifier,Ghana,False
2017-11-12,Congo,Uganda,1,1,World Cup qualifier,Congo,False
2017-11-12,Benin,Tanzania,1,1,Friendly,Benin,False
2017-11-12,Togo,Mauritius,6,0,Friendly,Togo,False
2017-11-12,Switzerland,Northern Ireland,0,0,World Cup qualifier,Switzerland,False
2017-11-12,Malta,Estonia,0,3,Friendly,Malta,False
2017-11-12,Greece,Croatia,0,0,World Cup qualifier,Greece,False
2017-11-13,Iran,Venezuela,1,0,Friendly,Netherlands,True
2017-11-13,Iraq,Syria,1,1,Friendly,Iraq,False
2017-11-13,North Korea,Malaysia,4,1,Asian Cup qualifier,Thailand,True
2017-11-13,Bulgaria,Saudi Arabia,1,0,Friendly,Portugal,True
2017-11-13,Poland,Mexico,0,1,Friendly,Poland,False
2017-11-13,Italy,Sweden,0,0,World Cup qualifier,Italy,False
2017-11-13,Kosovo,Latvia,4,3,Friendly,Kosovo,False
2017-11-13,Turkey,Albania,2,3,Friendly,Turkey,False
2017-11-13,Georgia,Belarus,2,2,Friendly,Georgia,False
2017-11-13,Armenia,Cyprus,3,2,Friendly,Armenia,False
2017-11-14,Belgium,Japan,1,0,Friendly,Belgium,False
2017-11-14,Nepal,Philippines,0,0,Asian Cup qualifier,Nepal,False
2017-11-14,China,Colombia,0,4,Friendly,China,False
2017-11-14,India,Myanmar,2,2,Asian Cup qualifier,India,False
2017-11-14,Hong Kong,Lebanon,0,1,Asian Cup qualifier,Hong Kong,False
2017-11-14,Vietnam,Afghanistan,0,0,Asian Cup qualifier,Vietnam,False
2017-11-14,South Korea,Serbia,1,1,Friendly,South Korea,False
2017-11-14,Macao,Kyrgyzstan,3,4,Asian Cup qualifier,Macao,False
2017-11-14,Turkmenistan,Taiwan,2,1,Asian Cup qualifier,Turkmenistan,False
2017-11-14,Singapore,Bahrain,0,3,Asian Cup qualifier,Singapore,False
2017-11-14,Cambodia,Jordan,0,1,Asian Cup qualifier,Cambodia,False
2017-11-14,Palestine,Maldives,8,1,Asian Cup qualifier,Palestine,False
2017-11-14,Tajikistan,Yemen,0,0,Asian Cup qualifier,Tajikistan,False
2017-11-14,Bhutan,Oman,2,4,Asian Cup qualifier,Bhutan,False
2017-11-14,Qatar,Iceland,1,1,Friendly tournament,Qatar,False
2017-11-14,United Arab Emirates,Uzbekistan,1,0,Friendly,United Arab Emirates,False
2017-11-14,Senegal,South Africa,2,1,World Cup qualifier,Senegal,False
2017-11-14,Nigeria,Argentina,4,2,Friendly,Russia,True
2017-11-14,Burkina Faso,Cape Verde,4,0,World Cup qualifier,Burkina Faso,False
2017-11-14,Algeria,Central African Republic,3,0,Friendly,Algeria,False
2017-11-14,Gabon,Botswana,0,0,Friendly,Gabon,False
2017-11-14,Portugal,United States,1,1,Friendly,Portugal,False
2017-11-14,Hungary,Costa Rica,1,0,Friendly,Hungary,False
2017-11-14,Trinidad and Tobago,Guyana,1,1,Friendly,Trinidad and Tobago,False
2017-11-14,Wales,Panama,1,1,Friendly,Wales,False
2017-11-14,Austria,Uruguay,2,1,Friendly,Austria,False
2017-11-14,England,Brazil,0,0,Friendly,England,False
2017-11-14,Germany,France,2,2,Friendly,Germany,False
2017-11-14,Romania,Netherlands,0,3,Friendly,Romania,False
2017-11-14,Slovakia,Norway,1,0,Friendly,Slovakia,False
2017-11-14,Russia,Spain,3,3,Friendly,Russia,False
2017-11-14,Ireland,Denmark,1,5,World Cup qualifier,Ireland,False
2017-11-15,Australia,Honduras,3,1,World Cup qualifier,Australia,False
2017-11-15,Peru,New Zealand,2,0,World Cup qualifier,Peru,False
2017-11-19,Fiji,Estonia,0,2,Friendly,Fiji,False
2017-11-23,Vanuatu,Estonia,0,1,Friendly,Vanuatu,False
2017-11-25,Indonesia,Guyana,2,1,Friendly,Indonesia,False
2017-11-26,New Caledonia,Estonia,1,1,Friendly,New Caledonia,False
2017-12-01,Philippines,Laos,3,1,Friendly tournament,Taiwan,True
2017-12-02,Saint Kitts and Nevis,Grenada,1,0,Friendly,Saint Kitts and Nevis,False
2017-12-02,Vanuatu,New Caledonia,2,1,Pacific Mini Games,Vanuatu,False
2017-12-02,Fiji,Tuvalu,8,0,Pacific Mini Games,Vanuatu,True
2017-12-02,Solomon Islands,Tonga,8,0,Pacific Mini Games,Vanuatu,True
2017-12-03,Taiwan,Philippines,3,0,Friendly tournament,Taiwan,False
2017-12-03,Laos,East Timor,2,1,Friendly tournament,Taiwan,True
2017-12-03,Kenya,Rwanda,2,0,CECAFA Cup,Kenya,False
2017-12-03,Libya,Tanzania,0,0,CECAFA Cup,Kenya,True
2017-12-04,Taiwan,East Timor,3,1,Friendly tournament,Taiwan,False
2017-12-04,Burundi,Uganda,0,0,CECAFA Cup,Kenya,True
2017-12-05,East Timor,Philippines,1,0,Friendly tournament,Taiwan,True
2017-12-05,Taiwan,Laos,2,0,Friendly tournament,Taiwan,False
2017-12-05,Kenya,Libya,0,0,CECAFA Cup,Kenya,False
2017-12-05,Zanzibar,Rwanda,3,1,CECAFA Cup,Kenya,True
2017-12-05,Ethiopia,South Sudan,3,0,CECAFA Cup,Kenya,True
2017-12-05,Tuvalu,New Caledonia,2,1,Pacific Mini Games,Vanuatu,True
2017-12-06,Vanuatu,Tonga,5,0,Pacific Mini Games,Vanuatu,False
2017-12-06,Fiji,Solomon Islands,0,0,Pacific Mini Games,Vanuatu,True
2017-12-07,Zanzibar,Tanzania,2,1,CECAFA Cup,Kenya,True
2017-12-07,Burundi,Ethiopia,4,1,CECAFA Cup,Kenya,True
2017-12-07,Libya,Rwanda,0,0,CECAFA Cup,Kenya,True
2017-12-08,Uganda,South Sudan,5,1,CECAFA Cup,Kenya,True
2017-12-09,Japan,North Korea,1,0,East Asian Championship,Japan,False
2017-12-09,China,South Korea,2,2,East Asian Championship,Japan,True
2017-12-09,Kenya,Zanzibar,0,0,CECAFA Cup,Kenya,False
2017-12-09,Rwanda,Tanzania,2,1,CECAFA Cup,Kenya,True
2017-12-09,New Caledonia,Tonga,4,2,Pacific Mini Games,Vanuatu,True
2017-12-09,Vanuatu,Fiji,1,1,Pacific Mini Games,Vanuatu,False
2017-12-09,Solomon Islands,Tuvalu,6,0,Pacific Mini Games,Vanuatu,True
2017-12-10,Ethiopia,Uganda,1,1,CECAFA Cup,Kenya,True
2017-12-11,Kenya,Tanzania,1,0,CECAFA Cup,Kenya,False
2017-12-11,Libya,Zanzibar,1,0,CECAFA Cup,Kenya,True
2017-12-11,South Sudan,Burundi,0,0,CECAFA Cup,Kenya,True
2017-12-12,Japan,China,2,1,East Asian Championship,Japan,False
2017-12-12,South Korea,North Korea,1,0,East Asian Championship,Japan,True
2017-12-12,Solomon Islands,New Caledonia,1,0,Pacific Mini Games,Vanuatu,True
2017-12-12,Vanuatu,Tuvalu,10,0,Pacific Mini Games,Vanuatu,False
2017-12-12,Fiji,Tonga,4,0,Pacific Mini Games,Vanuatu,True
2017-12-14,Qatar,Liechtenstein,1,2,Friendly,Qatar,False
2017-12-14,Kenya,Burundi,1,0,CECAFA Cup,Kenya,False
2017-12-15,Oman,Yemen,1,0,Friendly,Oman,False
2017-12-15,Zanzibar,Uganda,2,1,CECAFA Cup,Kenya,True
2017-12-15,Fiji,New Caledonia,4,1,Pacific Mini Games,Vanuatu,True
2017-12-15,Vanuatu,Solomon Islands,3,2,Pacific Mini Games,Vanuatu,False
2017-12-15,Tuvalu,Tonga,4,3,Pacific Mini Games,Vanuatu,True
2017-12-16,Japan,South Korea,1,4,East Asian Championship,Japan,False
2017-12-16,China,North Korea,1,1,East Asian Championship,Japan,True
2017-12-17,United Arab Emirates,Iraq,1,0,Friendly,United Arab Emirates,False
2017-12-17,Kenya,Zanzibar,2,2,CECAFA Cup,Kenya,False
2017-12-17,Uganda,Burundi,2,1,CECAFA Cup,Kenya,True
2017-12-18,Bahrain,Kuwait,0,0,Friendly,Bahrain,False
2017-12-22,Kuwait,Saudi Arabia,1,2,Gulf Cup,Kuwait,False
2017-12-22,United Arab Emirates,Oman,1,0,Gulf Cup,Kuwait,True
2017-12-23,Bahrain,Iraq,1,1,Gulf Cup,Kuwait,True
2017-12-23,Qatar,Yemen,4,0,Gulf Cup,Kuwait,True
2017-12-25,Kuwait,Oman,0,1,Gulf Cup,Kuwait,False
2017-12-25,Jordan,Libya,1,1,Friendly,Jordan,False
2017-12-25,Saudi Arabia,United Arab Emirates,0,0,Gulf Cup,Kuwait,True
2017-12-26,Iraq,Qatar,2,1,Gulf Cup,Kuwait,True
2017-12-26,Bahrain,Yemen,1,0,Gulf Cup,Kuwait,True
2017-12-28,Kuwait,United Arab Emirates,0,0,Gulf Cup,Kuwait,False
2017-12-28,Oman,Saudi Arabia,2,0,Gulf Cup,Kuwait,True
2017-12-29,Iraq,Yemen,3,0,Gulf Cup,Kuwait,True
2017-12-29,Bahrain,Qatar,1,1,Gulf Cup,Kuwait,True
2018-01-02,Iraq,United Arab Emirates,0,0,Gulf Cup,Kuwait,True
2018-01-02,Oman,Bahrain,1,0,Gulf Cup,Kuwait,True
2018-01-05,Oman,United Arab Emirates,0,0,Gulf Cup,Kuwait,True
2018-01-07,Estonia,Sweden,1,1,Friendly,United Arab Emirates,True
2018-01-11,Finland,Jordan,2,1,Friendly,United Arab Emirates,True
2018-01-14,Indonesia,Iceland,1,4,Friendly,Indonesia,False
2018-01-27,South Korea,Moldova,1,0,Friendly,Turkey,True
2018-01-28,United States,Bosnia and Herzegovina,0,0,Friendly,United States,False
2018-01-30,Jamaica,South Korea,2,2,Friendly,Turkey,True
2018-01-30,Azerbaijan,Moldova,0,0,Friendly,Turkey,True
2018-01-31,Mexico,Bosnia and Herzegovina,1,0,Friendly,United States,True
2018-02-03,South Korea,Latvia,1,0,Friendly,Turkey,True
2018-02-26,Saudi Arabia,Moldova,3,0,Friendly,Saudi Arabia,False
2018-02-28,Iraq,Saudi Arabia,4,1,Friendly,Iraq,False
2018-03-17,Iran,Sierra Leone,4,0,Friendly,Iran,False
2018-03-20,Tahiti,New Caledonia,0,0,Friendly,Tahiti,False
2018-03-21,Laos,Cambodia,0,1,Friendly,Laos,False
2018-03-21,Iraq,Qatar,2,3,Friendly tournament,Iraq,False
2018-03-21,Jordan,Kuwait,1,0,Friendly,Jordan,False
2018-03-21,Angola,South Africa,1,1,Friendly tournament,Zambia,True
2018-03-21,Zambia,Zimbabwe,2,2,Friendly tournament,Zambia,False
2018-03-21,Madagascar,Togo,0,0,Friendly,France,True
2018-03-21,Antigua and Barbuda,Bermuda,3,2,Friendly,Antigua and Barbuda,False
2018-03-21,Andorra,Liechtenstein,1,0,Friendly,Spain,True
2018-03-22,Philippines,Fiji,3,2,Friendly,Philippines,False
2018-03-22,China,Wales,0,6,Friendly tournament,China,False
2018-03-22,Malaysia,Mongolia,2,2,Friendly,Malaysia,False
2018-03-22,Macao,Mauritius,0,1,Friendly,Macao,False
2018-03-22,Kyrgyzstan,Myanmar,5,1,Asian Cup qualifier,South Korea,True
2018-03-22,Thailand,Gabon,0,0,King's Cup,Thailand,False
2018-03-22,Bahrain,Palestine,0,0,Friendly,Bahrain,False
2018-03-22,Slovakia,United Arab Emirates,2,1,King's Cup,Thailand,True
2018-03-22,Algeria,Tanzania,4,1,Friendly,Algeria,False
2018-03-22,Burkina Faso,Guinea-Bissau,2,0,Friendly,France,True
2018-03-22,Nicaragua,Cuba,3,1,Friendly,Nicaragua,False
2018-03-22,Belize,Grenada,4,2,Friendly,Belize,False
2018-03-22,Denmark,Panama,1,0,Friendly,Denmark,False
2018-03-22,Dominican Republic,Turks and Caicos Islands,4,0,Friendly,Dominican Republic,False
2018-03-22,Malta,Luxembourg,0,1,Friendly,Malta,False
2018-03-22,Faroe Islands,Latvia,1,1,Friendly,Spain,True
2018-03-23,Japan,Mali,1,1,Friendly,Belgium,True
2018-03-23,Norway,Australia,4,1,Friendly,Norway,False
2018-03-23,Tunisia,Iran,1,0,Friendly,Tunisia,False
2018-03-23,Singapore,Maldives,3,2,Friendly,Singapore,False
2018-03-23,Saudi Arabia,Ukraine,1,1,Friendly,Spain,True
2018-03-23,Senegal,Uzbekistan,1,1,Friendly,Morocco,True
2018-03-23,Portugal,Egypt,2,1,Friendly,Switzerland,True
2018-03-23,Poland,Nigeria,0,1,Friendly,Poland,False
2018-03-23,Gambia,Central African Republic,1,1,Friendly,The Gambia,True
2018-03-23,Morocco,Serbia,2,1,Friendly,Italy,True
2018-03-23,Scotland,Costa Rica,0,1,Friendly,Scotland,False
2018-03-23,Mexico,Iceland,3,0,Friendly,United States,True
2018-03-23,Curaçao,Bolivia,1,1,Friendly,Curaçao,False
2018-03-23,Guadeloupe,Trinidad and Tobago,0,1,Friendly,Guadeloupe,False
2018-03-23,Uruguay,Czechia,2,0,Friendly tournament,China,True
2018-03-23,Argentina,Italy,2,0,Friendly,England,True
2018-03-23,Russia,Brazil,0,3,Friendly,Russia,False
2018-03-23,Peru,Croatia,2,0,Friendly,United States,True
2018-03-23,France,Colombia,2,3,Friendly,France,False
2018-03-23,Tahiti,New Caledonia,4,3,Friendly,Tahiti,False
2018-03-23,Netherlands,England,0,1,Friendly,Netherlands,False
2018-03-23,Austria,Slovenia,3,0,Friendly,Austria,False
2018-03-23,Hungary,Kazakhstan,2,3,Friendly,Hungary,False
2018-03-23,Greece,Switzerland,0,1,Friendly,Greece,False
2018-03-23,Germany,Spain,1,1,Friendly,Germany,False
2018-03-23,Finland,Macedonia,0,0,Friendly,Turkey,True
2018-03-23,Turkey,Ireland,1,0,Friendly,Turkey,False
2018-03-23,Bulgaria,Bosnia and Herzegovina,0,1,Friendly,Bulgaria,False
2018-03-23,Azerbaijan,Belarus,0,1,Friendly,Azerbaijan,False
2018-03-23,Cyprus,Montenegro,0,0,Friendly,Cyprus,False
2018-03-24,Northern Ireland,South Korea,2,1,Friendly,Northern Ireland,False
2018-03-24,Qatar,Syria,2,2,Friendly tournament,Iraq,True
2018-03-24,Zambia,South Africa,0,2,Friendly tournament,Zambia,False
2018-03-24,Kenya,Comoros,2,2,Friendly,Morocco,True
2018-03-24,Uganda,Sao Tome and Principe,3,1,Friendly,Uganda,False
2018-03-24,Angola,Zimbabwe,2,2,Friendly tournament,Zambia,True
2018-03-24,Kosovo,Madagascar,1,0,Friendly,France,True
2018-03-24,Ivory Coast,Togo,2,2,Friendly,France,True
2018-03-24,Mauritania,Guinea,2,0,Friendly,Mauritania,False
2018-03-24,Botswana,Lesotho,1,0,Friendly,Botswana,False
2018-03-24,Canada,New Zealand,1,0,Friendly,Spain,True
2018-03-24,Sweden,Chile,1,2,Friendly,Sweden,False
2018-03-24,Armenia,Estonia,0,0,Friendly,Armenia,False
2018-03-24,Israel,Romania,1,2,Friendly,Israel,False
2018-03-24,Georgia,Lithuania,4,0,Friendly,Georgia,False
2018-03-25,Thailand,Slovakia,2,3,King's Cup,Thailand,False
2018-03-25,Kuwait,Cameroon,1,3,Friendly,Kuwait,False
2018-03-25,Gabon,United Arab Emirates,1,0,King's Cup,Thailand,True
2018-03-25,Congo,Guinea-Bissau,2,0,Friendly,France,True
2018-03-25,Jamaica,Antigua and Barbuda,1,1,Friendly,Jamaica,False
2018-03-25,Martinique,Trinidad and Tobago,0,0,Friendly,Martinique,False
2018-03-25,Barbados,Bermuda,0,0,Friendly,Barbados,False
2018-03-25,Nicaragua,Cuba,3,3,Friendly,Nicaragua,False
2018-03-25,Dominican Republic,Saint Kitts and Nevis,2,1,Friendly,Dominican Republic,False
2018-03-25,Gibraltar,Latvia,1,0,Friendly,Gibraltar,False
2018-03-25,Faroe Islands,Liechtenstein,3,0,Friendly,Spain,True
2018-03-26,China,Czechia,1,4,Friendly tournament,China,False
2018-03-26,Curaçao,Bolivia,1,0,Friendly,Curaçao,False
2018-03-26,Uruguay,Wales,1,0,Friendly tournament,China,True
2018-03-26,Netherlands,Portugal,3,0,Friendly,Switzerland,True
2018-03-26,Albania,Norway,0,1,Friendly,Albania,False
2018-03-26,Finland,Malta,5,0,Friendly,Turkey,True
2018-03-26,Bulgaria,Kazakhstan,2,1,Friendly,Hungary,True
2018-03-27,Ukraine,Japan,2,1,Friendly,Belgium,True
2018-03-27,Philippines,Tajikistan,2,1,Asian Cup qualifier,Philippines,False
2018-03-27,Australia,Colombia,0,0,Friendly,England,True
2018-03-27,Kyrgyzstan,India,2,1,Asian Cup qualifier,Kyrgyzstan,False
2018-03-27,Lebanon,Malaysia,2,1,Asian Cup qualifier,Lebanon,False
2018-03-27,Afghanistan,Cambodia,2,1,Asian Cup qualifier,Tajikistan,True
2018-03-27,Iran,Algeria,2,1,Friendly,Austria,True
2018-03-27,Mongolia,Mauritius,0,2,Friendly,Mongolia,False
2018-03-27,Poland,South Korea,3,2,Friendly,Poland,False
2018-03-27,Jordan,Vietnam,1,1,Asian Cup qualifier,Jordan,False
2018-03-27,Myanmar,Macao,1,0,Asian Cup qualifier,Myanmar,False
2018-03-27,Iraq,Syria,1,1,Friendly tournament,Iraq,False
2018-03-27,Taiwan,Singapore,1,0,Asian Cup qualifier,Taiwan,False
2018-03-27,North Korea,Hong Kong,2,0,Asian Cup qualifier,North Korea,False
2018-03-27,Laos,Bangladesh,2,2,Friendly,Laos,False
2018-03-27,Belgium,Saudi Arabia,4,0,Friendly,Belgium,False
2018-03-27,Oman,Palestine,1,0,Asian Cup qualifier,Oman,False
2018-03-27,Yemen,Nepal,2,1,Asian Cup qualifier,Qatar,True
2018-03-27,Bahrain,Turkmenistan,4,0,Asian Cup qualifier,Bahrain,False
2018-03-27,Maldives,Bhutan,7,0,Asian Cup qualifier,Maldives,False
2018-03-27,Morocco,Uzbekistan,2,0,Friendly,Morocco,False
2018-03-27,Greece,Egypt,1,0,Friendly,Switzerland,True
2018-03-27,Central African Republic,Kenya,3,2,Friendly,Morocco,True
2018-03-27,Uganda,Malawi,0,0,Friendly,Uganda,False
2018-03-27,Tanzania,DR Congo,2,0,Friendly,Tanzania,False
2018-03-27,Serbia,Nigeria,2,0,Friendly,England,True
2018-03-27,Tunisia,Costa Rica,1,0,Friendly,France,True
2018-03-27,Kosovo,Burkina Faso,2,0,Friendly,France,True
2018-03-27,Ivory Coast,Moldova,2,1,Friendly,France,True
2018-03-27,Bosnia and Herzegovina,Senegal,0,0,Friendly,France,True
2018-03-27,Seychelles,Swaziland,0,0,Friendly,Seychelles,False
2018-03-27,Namibia,Lesotho,2,1,Friendly,Namibia,False
2018-03-27,United States,Paraguay,1,0,Friendly,United States,False
2018-03-27,Croatia,Mexico,1,0,Friendly,United States,True
2018-03-27,Switzerland,Panama,6,0,Friendly,Switzerland,False
2018-03-27,Spain,Argentina,6,1,Friendly,Spain,False
2018-03-27,Denmark,Chile,0,0,Friendly,Denmark,False
2018-03-27,Germany,Brazil,0,1,Friendly,Germany,False
2018-03-27,Peru,Iceland,3,1,Friendly,United States,True
2018-03-27,Hungary,Scotland,0,1,Friendly,Hungary,False
2018-03-27,England,Italy,1,1,Friendly,England,False
2018-03-27,Luxembourg,Austria,0,4,Friendly,Luxembourg,False
2018-03-27,Russia,France,1,3,Friendly,Russia,False
2018-03-27,Romania,Sweden,1,0,Friendly,Romania,False
2018-03-27,Georgia,Estonia,2,0,Friendly,Georgia,False
2018-03-27,Armenia,Lithuania,0,1,Friendly,Armenia,False
2018-03-27,Montenegro,Turkey,2,2,Friendly,Montenegro,False
2018-03-27,Slovenia,Belarus,0,2,Friendly,Slovenia,False
2018-03-27,Azerbaijan,Macedonia,1,1,Friendly,Turkey,True
2018-04-01,Malaysia,Bhutan,7,0,Friendly,Malaysia,False
2018-04-01,Antigua and Barbuda,Dominica,0,0,Friendly,Antigua and Barbuda,False
2018-04-17,Trinidad and Tobago,Panama,0,1,Friendly,Trinidad and Tobago,False
2018-04-18,Zimbabwe,Botswana,0,1,Friendly,Zimbabwe,False
2018-04-19,Eswatini,Namibia,1,0,Friendly,Eswatini,False
2018-04-26,Saint Kitts and Nevis,Jamaica,1,3,Friendly,Saint Kitts and Nevis,False
2018-04-29,Antigua and Barbuda,Jamaica,0,2,Friendly,Antigua and Barbuda,False
2018-04-29,Saint Barthelemy,Saint Martin,3,1,Friendly,Saint Barthelemy,False
2018-05-08,Iraq,Palestine,0,0,Friendly,Iraq,False
2018-05-09,Saudi Arabia,Algeria,2,0,Friendly,Spain,True
2018-05-11,Kuwait,Palestine,2,0,Friendly,Kuwait,False
2018-05-15,Saudi Arabia,Greece,2,0,Friendly,Spain,True
2018-05-19,Iran,Uzbekistan,1,0,Friendly,Iran,False
2018-05-20,Jordan,Cyprus,3,0,Friendly,Jordan,False
2018-05-25,Kuwait,Egypt,1,1,Friendly,Kuwait,False
2018-05-25,Kenya,Eswatini,0,1,Friendly,Kenya,False
2018-05-26,China,Myanmar,1,0,Friendly,China,False
2018-05-26,Saint Barthelemy,Sint Maarten,5,3,Friendly,Saint Barthelemy,False
2018-05-27,Madagascar,Mozambique,2,1,COSAFA Cup,South Africa,True
2018-05-27,Burkina Faso,Cameroon,1,0,Friendly,France,True
2018-05-27,Niger,Central African Republic,3,3,Friendly tournament,Niger,False
2018-05-27,Comoros,Seychelles,1,1,COSAFA Cup,South Africa,True
2018-05-28,Turkey,Iran,2,1,Friendly,Turkey,False
2018-05-28,South Korea,Honduras,2,0,Friendly,South Korea,False
2018-05-28,Italy,Saudi Arabia,2,1,Friendly,Switzerland,True
2018-05-28,Kenya,Equatorial Guinea,1,0,Friendly,Kenya,False
2018-05-28,Mauritius,Malawi,1,0,COSAFA Cup,South Africa,True
2018-05-28,Nigeria,DR Congo,1,1,Friendly,Nigeria,False
2018-05-28,Portugal,Tunisia,2,2,Friendly,Portugal,False
2018-05-28,Botswana,Angola,2,1,COSAFA Cup,South Africa,True
2018-05-28,United States,Bolivia,3,0,Friendly,United States,False
2018-05-28,Mexico,Wales,0,0,Friendly,United States,True
2018-05-28,France,Ireland,2,0,Friendly,France,False
2018-05-28,Bosnia and Herzegovina,Montenegro,0,0,Friendly,Bosnia and Herzegovina,False
2018-05-29,Azerbaijan,Kyrgyzstan,3,0,Friendly,Azerbaijan,False
2018-05-29,Madagascar,Seychelles,1,1,COSAFA Cup,South Africa,True
2018-05-29,Mozambique,Comoros,3,0,COSAFA Cup,South Africa,True
2018-05-29,Argentina,Haiti,4,0,Friendly,Argentina,False
2018-05-29,Panama,Northern Ireland,0,0,Friendly,Panama,False
2018-05-29,Peru,Scotland,2,0,Friendly,Peru,False
2018-05-29,Kosovo,Albania,3,0,Friendly,Switzerland,True
2018-05-29,Armenia,Malta,1,1,Friendly,Austria,True
2018-05-30,Japan,Ghana,0,2,Friendly,Japan,False
2018-05-30,Central African Republic,Uganda,1,0,Friendly tournament,Niger,True
2018-05-30,Angola,Mauritius,1,0,COSAFA Cup,South Africa,True
2018-05-30,Botswana,Malawi,1,1,COSAFA Cup,South Africa,True
2018-05-30,Austria,Russia,1,0,Friendly,Austria,False
2018-05-30,Estonia,Lithuania,2,0,Baltic Cup,Estonia,False
2018-05-31,Madagascar,Comoros,1,0,COSAFA Cup,South Africa,True
2018-05-31,Morocco,Ukraine,0,0,Friendly,Switzerland,True
2018-05-31,Luxembourg,Senegal,0,0,Friendly,Luxembourg,False
2018-05-31,Mozambique,Seychelles,2,1,COSAFA Cup,South Africa,True
2018-05-31,Romania,Chile,3,2,Friendly,Austria,True
2018-05-31,Slovakia,Netherlands,1,1,Friendly,Slovakia,False
2018-06-01,Australia,Czechia,4,0,Friendly,Austria,True
2018-06-01,India,Taiwan,5,0,Friendly tournament,India,False
2018-06-01,South Korea,Bosnia and Herzegovina,1,3,Friendly,South Korea,False
2018-06-01,Colombia,Egypt,0,0,Friendly,Italy,True
2018-06-01,Botswana,Mauritius,6,0,COSAFA Cup,South Africa,True
2018-06-01,Tunisia,Turkey,2,2,Friendly,Switzerland,True
2018-06-01,Angola,Malawi,0,0,COSAFA Cup,South Africa,True
2018-06-01,Algeria,Cape Verde,2,3,Friendly,Algeria,False
2018-06-01,France,Italy,3,1,Friendly,France,False
2018-06-01,Georgia,Malta,1,0,Friendly,Austria,True
2018-06-02,Thailand,China,0,2,Friendly,Thailand,False
2018-06-02,Kenya,New Zealand,2,1,Friendly tournament,India,True
2018-06-02,Niger,Uganda,2,1,Friendly tournament,Niger,False
2018-06-02,Namibia,Zambia,0,0,COSAFA Cup,South Africa,True
2018-06-02,England,Nigeria,2,1,Friendly,England,False
2018-06-02,Lesotho,Eswatini,1,0,COSAFA Cup,South Africa,True
2018-06-02,Ireland,United States,2,1,Friendly,Ireland,False
2018-06-02,El Salvador,Honduras,1,0,Friendly,United States,True
2018-06-02,Mexico,Scotland,1,0,Friendly,Mexico,False
2018-06-02,Austria,Germany,2,1,Friendly,Austria,False
2018-06-02,Belgium,Portugal,0,0,Friendly,Belgium,False
2018-06-02,Sweden,Denmark,0,0,Friendly,Sweden,False
2018-06-02,Iceland,Norway,2,3,Friendly,Iceland,False
2018-06-02,Latvia,Estonia,1,0,Baltic Cup,Latvia,False
2018-06-02,Montenegro,Slovenia,0,2,Friendly,Montenegro,False
2018-06-03,Peru,Saudi Arabia,3,0,Friendly,Switzerland,True
2018-06-03,South Africa,Madagascar,0,0,COSAFA Cup,South Africa,False
2018-06-03,Botswana,Zimbabwe,1,1,COSAFA Cup,South Africa,True
2018-06-03,Andorra,Cape Verde,0,0,Friendly,Portugal,True
2018-06-03,Costa Rica,Northern Ireland,3,0,Friendly,Costa Rica,False
2018-06-03,Barbados,Belize,0,0,Friendly,Barbados,False
2018-06-03,Brazil,Croatia,2,0,Friendly,England,True
2018-06-03,Spain,Switzerland,1,1,Friendly,Spain,False
2018-06-03,Ukraine,Albania,4,1,Friendly,France,True
2018-06-04,India,Kenya,3,0,Friendly tournament,India,False
2018-06-04,Morocco,Slovakia,2,1,Friendly,Switzerland,True
2018-06-04,Chile,Serbia,1,0,Friendly,Austria,True
2018-06-04,Italy,Netherlands,1,1,Friendly,Italy,False
2018-06-04,Armenia,Moldova,0,0,Friendly,Austria,True
2018-06-05,New Zealand,Taiwan,1,0,Friendly tournament,India,True
2018-06-05,South Africa,Namibia,4,1,COSAFA Cup,South Africa,False
2018-06-05,Botswana,Eswatini,2,0,COSAFA Cup,South Africa,True
2018-06-05,Martinique,French Guiana,3,0,Friendly tournament,Martinique,False
2018-06-05,Romania,Finland,2,0,Friendly,Romania,False
2018-06-05,Luxembourg,Georgia,1,0,Friendly,Luxembourg,False
2018-06-05,Russia,Turkey,1,1,Friendly,Russia,False
2018-06-05,Lithuania,Latvia,1,1,Baltic Cup,Lithuania,False
2018-06-05,Kazakhstan,Azerbaijan,3,0,Friendly,Kazakhstan,False
2018-06-06,Belgium,Egypt,3,0,Friendly,Belgium,False
2018-06-06,Lesotho,Zimbabwe,0,0,COSAFA Cup,South Africa,True
2018-06-06,Zambia,Madagascar,1,0,COSAFA Cup,South Africa,True
2018-06-06,Czechia,Nigeria,1,0,Friendly,Austria,True
2018-06-06,Norway,Panama,1,0,Friendly,Norway,False
2018-06-06,Belarus,Hungary,1,1,Friendly,Belarus,False
2018-06-07,India,New Zealand,1,2,Friendly tournament,India,False
2018-06-07,Bolivia,South Korea,0,0,Friendly,Austria,True
2018-06-07,Uruguay,Uzbekistan,3,0,Friendly,Uruguay,False
2018-06-07,Iceland,Ghana,2,2,Friendly,Iceland,False
2018-06-07,Portugal,Algeria,3,0,Friendly,Portugal,False
2018-06-07,England,Costa Rica,2,0,Friendly,England,False
2018-06-07,French Guiana,Guadeloupe,2,0,Friendly tournament,Martinique,True
2018-06-08,Switzerland,Japan,2,0,Friendly,Switzerland,False
2018-06-08,Iran,Lithuania,1,0,Friendly,Russia,True
2018-06-08,Kenya,Taiwan,4,0,Friendly tournament,India,True
2018-06-08,Germany,Saudi Arabia,2,1,Friendly,Germany,False
2018-06-08,South Africa,Botswana,3,0,COSAFA Cup,South Africa,False
2018-06-08,Lesotho,Madagascar,1,0,COSAFA Cup,South Africa,True
2018-06-08,Croatia,Senegal,2,1,Friendly,Croatia,False
2018-06-08,Poland,Chile,2,2,Friendly,Poland,False
2018-06-09,Hungary,Australia,1,2,Friendly,Hungary,False
2018-06-09,Zimbabwe,Zambia,4,2,COSAFA Cup,South Africa,True
2018-06-09,Spain,Tunisia,1,0,Friendly,Russia,True
2018-06-09,Estonia,Morocco,1,3,Friendly,Estonia,False
2018-06-09,France,United States,1,1,Friendly,France,False
2018-06-09,Denmark,Mexico,2,0,Friendly,Denmark,False
2018-06-09,Serbia,Bolivia,5,1,Friendly,Austria,True
2018-06-09,Sweden,Peru,0,0,Friendly,Sweden,False
2018-06-09,Tuvalu,Chagos Islands,6,1,Friendly,England,True
2018-06-09,Finland,Belarus,2,0,Friendly,Finland,False
2018-06-09,Latvia,Azerbaijan,1,3,Friendly,Latvia,False
2018-06-10,India,Kenya,2,0,Friendly tournament,India,False
2018-06-10,Austria,Brazil,0,3,Friendly,Austria,False
2018-06-11,Senegal,South Korea,2,0,Friendly,Austria,True
2018-06-11,Belgium,Costa Rica,4,1,Friendly,Belgium,False
2018-06-12,Japan,Paraguay,4,2,Friendly,Austria,True
2018-06-12,Poland,Lithuania,4,0,Friendly,Poland,False
2018-06-14,Russia,Saudi Arabia,5,0,World Cup,Russia,False
2018-06-15,Iran,Morocco,1,0,World Cup,Russia,True
2018-06-15,Uruguay,Egypt,1,0,World Cup,Russia,True
2018-06-15,Portugal,Spain,3,3,World Cup,Russia,True
2018-06-16,France,Australia,2,1,World Cup,Russia,True
2018-06-16,Croatia,Nigeria,2,0,World Cup,Russia,True
2018-06-16,Argentina,Iceland,1,1,World Cup,Russia,True
2018-06-16,Denmark,Peru,1,0,World Cup,Russia,True
2018-06-17,Serbia,Costa Rica,1,0,World Cup,Russia,True
2018-06-17,Mexico,Germany,1,0,World Cup,Russia,True
2018-06-17,Brazil,Switzerland,1,1,World Cup,Russia,True
2018-06-18,Sweden,South Korea,1,0,World Cup,Russia,True
2018-06-18,England,Tunisia,2,1,World Cup,Russia,True
2018-06-18,Belgium,Panama,3,0,World Cup,Russia,True
2018-06-19,Japan,Colombia,2,1,World Cup,Russia,True
2018-06-19,Russia,Egypt,3,1,World Cup,Russia,False
2018-06-19,Senegal,Poland,2,1,World Cup,Russia,True
2018-06-20,Spain,Iran,1,0,World Cup,Russia,True
2018-06-20,Uruguay,Saudi Arabia,1,0,World Cup,Russia,True
2018-06-20,Portugal,Morocco,1,0,World Cup,Russia,True
2018-06-21,Australia,Denmark,1,1,World Cup,Russia,True
2018-06-21,Croatia,Argentina,3,0,World Cup,Russia,True
2018-06-21,France,Peru,1,0,World Cup,Russia,True
2018-06-22,Nigeria,Iceland,2,0,World Cup,Russia,True
2018-06-22,Brazil,Costa Rica,2,0,World Cup,Russia,True
2018-06-22,Switzerland,Serbia,2,1,World Cup,Russia,True
2018-06-23,Mexico,South Korea,2,1,World Cup,Russia,True
2018-06-23,Belgium,Tunisia,5,2,World Cup,Russia,True
2018-06-23,Germany,Sweden,2,1,World Cup,Russia,True
2018-06-24,Japan,Senegal,2,2,World Cup,Russia,True
2018-06-24,England,Panama,6,1,World Cup,Russia,True
2018-06-24,Colombia,Poland,3,0,World Cup,Russia,True
2018-06-25,Portugal,Iran,1,1,World Cup,Russia,True
2018-06-25,Saudi Arabia,Egypt,2,1,World Cup,Russia,True
2018-06-25,Morocco,Spain,2,2,World Cup,Russia,True
2018-06-25,Russia,Uruguay,0,3,World Cup,Russia,False
2018-06-26,Peru,Australia,2,0,World Cup,Russia,True
2018-06-26,Argentina,Nigeria,2,1,World Cup,Russia,True
2018-06-26,Denmark,France,0,0,World Cup,Russia,True
2018-06-26,Croatia,Iceland,2,1,World Cup,Russia,True
2018-06-27,South Korea,Germany,2,0,World Cup,Russia,True
2018-06-27,Costa Rica,Switzerland,2,2,World Cup,Russia,True
2018-06-27,Sweden,Mexico,3,0,World Cup,Russia,True
2018-06-27,Brazil,Serbia,2,0,World Cup,Russia,True
2018-06-28,Poland,Japan,1,0,World Cup,Russia,True
2018-06-28,Tunisia,Panama,2,1,World Cup,Russia,True
2018-06-28,Colombia,Senegal,1,0,World Cup,Russia,True
2018-06-28,Belgium,England,1,0,World Cup,Russia,True
2018-06-30,Uruguay,Portugal,2,1,World Cup,Russia,True
2018-06-30,France,Argentina,4,3,World Cup,Russia,True
2018-07-01,Russia,Spain,1,1,World Cup,Russia,False
2018-07-01,Croatia,Denmark,1,1,World Cup,Russia,True
2018-07-02,Belgium,Japan,3,2,World Cup,Russia,True
2018-07-02,Brazil,Mexico,2,0,World Cup,Russia,True
2018-07-03,Colombia,England,1,1,World Cup,Russia,True
2018-07-03,Sweden,Switzerland,1,0,World Cup,Russia,True
2018-07-05,Malaysia,Fiji,1,0,Friendly,Malaysia,False
2018-07-06,France,Uruguay,2,0,World Cup,Russia,True
2018-07-06,Belgium,Brazil,2,1,World Cup,Russia,True
2018-07-07,England,Sweden,2,0,World Cup,Russia,True
2018-07-07,Russia,Croatia,2,2,World Cup,Russia,False
2018-07-10,France,Belgium,1,0,World Cup,Russia,True
2018-07-11,Croatia,England,2,1,World Cup,Russia,True
2018-07-14,Belgium,England,2,0,World Cup,Russia,True
2018-07-15,France,Croatia,4,2,World Cup,Russia,True
2018-07-22,Liberia,Sierra Leone,0,0,Friendly,Liberia,False
2018-07-25,Sint Maarten,British Virgin Islands,2,3,Friendly,Sint Maarten,False
2018-07-27,Saint Barthelemy,Anguilla,1,2,Friendly,Saint Barthelemy,False
2018-07-27,British Virgin Islands,Saint Martin,0,0,Friendly,Saint Barthelemy,True
2018-07-28,Saint Martin,Anguilla,5,1,Friendly,Saint Barthelemy,True
2018-07-28,Saint Barthelemy,British Virgin Islands,3,4,Friendly,Saint Barthelemy,False
2018-08-04,Palestine,Iraq,0,3,Friendly,Palestine,False
2018-08-04,Belize,Barbados,1,0,Friendly,Belize,False
2018-08-11,Guadeloupe,Dominica,0,0,Friendly,Guadeloupe,False
2018-08-15,Guatemala,Cuba,3,0,Friendly,Guatemala,False
2018-08-17,Grenada,Jamaica,1,5,Friendly,Grenada,False
2018-08-18,Andorra,United Arab Emirates,0,0,Friendly,Austria,True
2018-08-18,Guatemala,Cuba,1,0,Friendly,Guatemala,False
2018-08-18,French Guiana,Suriname,0,4,Friendly,French Guiana,False
2018-08-19,Afghanistan,Palestine,0,0,Friendly,Afghanistan,False
2018-08-20,Barbados,Jamaica,2,2,Friendly,Barbados,False
2018-08-22,Sint Maarten,Anguilla,1,1,Friendly,Sint Maarten,False
2018-08-26,Lesotho,Eswatini,1,0,Friendly,Lesotho,False
2018-08-26,Barbados,Cuba,0,0,Friendly,Barbados,False
2018-08-26,Anguilla,Saint Martin,1,2,Friendly,Anguilla,False
2018-08-27,Lesotho,Eswatini,2,0,Friendly,Lesotho,False
2018-08-29,Macao,Solomon Islands,1,4,Friendly,Macao,False
2018-08-29,Bangladesh,Sri Lanka,0,1,Friendly,Bangladesh,False
2018-08-29,Barbados,Cuba,0,2,Friendly,Barbados,False
2018-09-01,East Timor,Brunei,3,1,Southeast Asian Champ qual,Malaysia,True
2018-09-02,Mongolia,Macao,4,1,East Asian Championship qual,Mongolia,False
2018-09-02,Guam,Northern Mariana Islands,4,0,East Asian Championship qual,Mongolia,True
2018-09-02,Ethiopia,Burundi,1,1,Friendly,Ethiopia,False
2018-09-04,Mongolia,Northern Mariana Islands,9,0,East Asian Championship qual,Mongolia,False
2018-09-04,Macao,Guam,2,0,East Asian Championship qual,Mongolia,True
2018-09-04,Pakistan,Nepal,2,1,South Asian Championship,Bangladesh,True
2018-09-04,Bangladesh,Bhutan,2,0,South Asian Championship,Bangladesh,False
2018-09-05,India,Sri Lanka,2,0,South Asian Championship,Bangladesh,True
2018-09-05,Fiji,Solomon Islands,1,1,Friendly,Fiji,False
2018-09-05,Slovakia,Denmark,3,0,Friendly,Slovakia,False
2018-09-06,Bahrain,Philippines,1,1,Friendly,Bahrain,False
2018-09-06,Jordan,Lebanon,0,1,Friendly,Jordan,False
2018-09-06,Mongolia,Guam,1,1,East Asian Championship qual,Mongolia,False
2018-09-06,Macao,Northern Mariana Islands,1,1,East Asian Championship qual,Mongolia,True
2018-09-06,Uzbekistan,Syria,1,1,Friendly,Uzbekistan,False
2018-09-06,Bangladesh,Pakistan,1,0,South Asian Championship,Bangladesh,False
2018-09-06,Kyrgyzstan,Palestine,1,1,Friendly,Kyrgyzstan,False
2018-09-06,Trinidad and Tobago,United Arab Emirates,2,0,Friendly,Spain,True
2018-09-06,Nepal,Bhutan,4,0,South Asian Championship,Bangladesh,True
2018-09-06,Guyana,Barbados,2,2,CONCACAF Nations League q,Guyana,False
2018-09-06,Dominica,Suriname,0,0,CONCACAF Nations League q,Guadeloupe,True
2018-09-06,Netherlands,Peru,2,1,Friendly,Netherlands,False
2018-09-06,Wales,Ireland,4,1,European Nations League B,Wales,False
2018-09-06,Austria,Sweden,2,0,Friendly,Austria,False
2018-09-06,Germany,France,0,0,European Nations League A,Germany,False
2018-09-06,Norway,Cyprus,2,0,European Nations League C,Norway,False
2018-09-06,Portugal,Croatia,1,1,Friendly,Portugal,False
2018-09-06,Latvia,Andorra,0,0,European Nations League D,Latvia,False
2018-09-06,Slovenia,Bulgaria,1,2,European Nations League C,Slovenia,False
2018-09-06,Czechia,Ukraine,1,2,European Nations League B,Czechia,False
2018-09-06,Armenia,Liechtenstein,2,1,European Nations League D,Armenia,False
2018-09-06,Kazakhstan,Georgia,0,2,European Nations League D,Kazakhstan,False
2018-09-06,Gibraltar,Macedonia,0,2,European Nations League D,Gibraltar,False
2018-09-07,Qatar,China,1,0,Friendly,Qatar,False
2018-09-07,South Korea,Costa Rica,2,0,Friendly,South Korea,False
2018-09-07,Taiwan,Malaysia,2,0,Friendly,Taiwan,False
2018-09-07,Maldives,Sri Lanka,0,0,South Asian Championship,Bangladesh,True
2018-09-07,Singapore,Mauritius,1,1,Friendly,Singapore,False
2018-09-07,United States,Brazil,0,2,Friendly,United States,False
2018-09-07,Argentina,Guatemala,3,0,Friendly,United States,True
2018-09-07,Uruguay,Mexico,4,1,Friendly,United States,True
2018-09-07,Ecuador,Jamaica,2,0,Friendly,United States,True
2018-09-07,Anguilla,French Guiana,0,5,CONCACAF Nations League q,Anguilla,False
2018-09-07,Antigua and Barbuda,Saint Lucia,0,3,CONCACAF Nations League q,Antigua and Barbuda,False
2018-09-07,Belize,Bahamas,4,0,CONCACAF Nations League q,Belize,False
2018-09-07,Colombia,Venezuela,2,1,Friendly,United States,True
2018-09-07,Scotland,Belgium,0,4,Friendly,Scotland,False
2018-09-07,Italy,Poland,1,1,European Nations League A,Italy,False
2018-09-07,Turkey,Russia,1,2,European Nations League B,Turkey,False
2018-09-07,Romania,Montenegro,0,0,European Nations League C,Romania,False
2018-09-07,Lithuania,Serbia,0,1,European Nations League C,Lithuania,False
2018-09-07,Albania,Israel,1,0,European Nations League C,Albania,False
2018-09-07,Faroe Islands,Malta,3,1,European Nations League D,Faroe Islands,False
2018-09-07,Azerbaijan,Kosovo,0,0,European Nations League D,Azerbaijan,False
2018-09-08,Pakistan,Bhutan,3,0,South Asian Championship,Bangladesh,True
2018-09-08,Brunei,East Timor,1,0,Southeast Asian Champ qual,Brunei,False
2018-09-08,Bangladesh,Nepal,0,2,South Asian Championship,Bangladesh,False
2018-09-08,Egypt,Niger,6,0,African Nations Cup qualifier,Egypt,False
2018-09-08,South Africa,Libya,0,0,African Nations Cup qualifier,South Africa,False
2018-09-08,Kenya,Ghana,1,0,African Nations Cup qualifier,Kenya,False
2018-09-08,Uganda,Tanzania,0,0,African Nations Cup qualifier,Uganda,False
2018-09-08,Namibia,Zambia,1,1,African Nations Cup qualifier,Namibia,False
2018-09-08,Seychelles,Nigeria,0,3,African Nations Cup qualifier,Seychelles,False
2018-09-08,Gambia,Algeria,1,1,African Nations Cup qualifier,The Gambia,True
2018-09-08,Mozambique,Guinea-Bissau,2,2,African Nations Cup qualifier,Mozambique,False
2018-09-08,Gabon,Burundi,1,1,African Nations Cup qualifier,Gabon,False
2018-09-08,Equatorial Guinea,Sudan,1,0,African Nations Cup qualifier,Equatorial Guinea,False
2018-09-08,Morocco,Malawi,3,0,African Nations Cup qualifier,Morocco,False
2018-09-08,Comoros,Cameroon,1,1,African Nations Cup qualifier,Comoros,False
2018-09-08,Mauritania,Burkina Faso,2,0,African Nations Cup qualifier,Mauritania,False
2018-09-08,Montserrat,El Salvador,1,2,CONCACAF Nations League q,Montserrat,False
2018-09-08,St Vincent & Grenadines,Nicaragua,0,2,CONCACAF Nations League q,St Vincent & Grenadines,False
2018-09-08,Cuba,Turks and Caicos Islands,11,0,CONCACAF Nations League q,Cuba,False
2018-09-08,England,Spain,1,2,European Nations League A,England,False
2018-09-08,Northern Ireland,Bosnia and Herzegovina,1,2,European Nations League B,Northern Ireland,False
2018-09-08,Finland,Hungary,1,0,European Nations League C,Finland,False
2018-09-08,Switzerland,Iceland,6,0,European Nations League A,Switzerland,False
2018-09-08,Luxembourg,Moldova,4,0,European Nations League D,Luxembourg,False
2018-09-08,Estonia,Greece,0,1,European Nations League C,Estonia,False
2018-09-08,Belarus,San Marino,5,0,European Nations League D,Belarus,False
2018-09-09,India,Maldives,2,0,South Asian Championship,Bangladesh,True
2018-09-09,Lebanon,Oman,0,0,Friendly,Jordan,True
2018-09-09,Congo,Zimbabwe,1,1,African Nations Cup qualifier,Congo,False
2018-09-09,Madagascar,Senegal,2,2,African Nations Cup qualifier,Madagascar,False
2018-09-09,Ethiopia,Sierra Leone,1,0,African Nations Cup qualifier,Ethiopia,False
2018-09-09,Liberia,DR Congo,1,1,African Nations Cup qualifier,Liberia,False
2018-09-09,Togo,Benin,0,0,African Nations Cup qualifier,Togo,False
2018-09-09,Eswatini,Tunisia,0,2,African Nations Cup qualifier,Eswatini,False
2018-09-09,Lesotho,Cape Verde,1,1,African Nations Cup qualifier,Lesotho,False
2018-09-09,Guinea,Central African Republic,1,0,African Nations Cup qualifier,Guinea,False
2018-09-09,South Sudan,Mali,0,3,African Nations Cup qualifier,South Sudan,False
2018-09-09,Rwanda,Ivory Coast,1,2,African Nations Cup qualifier,Rwanda,False
2018-09-09,Angola,Botswana,1,0,African Nations Cup qualifier,Angola,False
2018-09-09,Canada,US Virgin Islands,8,0,CONCACAF Nations League q,United States,True
2018-09-09,Aruba,Bermuda,3,1,CONCACAF Nations League q,Curaçao,True
2018-09-09,Jamaica,Cayman Islands,4,0,CONCACAF Nations League q,Jamaica,False
2018-09-09,Saint Kitts and Nevis,Puerto Rico,1,0,CONCACAF Nations League q,Saint Kitts and Nevis,False
2018-09-09,Dominican Republic,Bonaire,5,0,CONCACAF Nations League q,Curaçao,True
2018-09-09,Germany,Peru,2,1,Friendly,Germany,False
2018-09-09,Denmark,Wales,2,0,European Nations League B,Denmark,False
2018-09-09,France,Netherlands,2,1,European Nations League A,France,False
2018-09-09,Bulgaria,Norway,1,0,European Nations League C,Bulgaria,False
2018-09-09,Georgia,Latvia,1,0,European Nations League D,Georgia,False
2018-09-09,Ukraine,Slovakia,1,0,European Nations League B,Ukraine,False
2018-09-09,Cyprus,Slovenia,2,1,European Nations League C,Cyprus,False
2018-09-09,Macedonia,Armenia,2,0,European Nations League D,Macedonia,False
2018-09-09,Liechtenstein,Gibraltar,2,0,European Nations League D,Liechtenstein,False
2018-09-10,Bahrain,China,0,0,Friendly,Bahrain,False
2018-09-10,Kyrgyzstan,Syria,2,1,Friendly,Kyrgyzstan,False
2018-09-10,Cambodia,Malaysia,1,3,Friendly,Cambodia,False
2018-09-10,Kuwait,Iraq,2,2,Friendly,Kuwait,False
2018-09-10,Saudi Arabia,Bolivia,2,2,Friendly,Saudi Arabia,False
2018-09-10,Curaçao,Grenada,10,0,CONCACAF Nations League q,Curaçao,False
2018-09-10,Haiti,Sint Maarten,13,0,CONCACAF Nations League q,Haiti,False
2018-09-10,Scotland,Albania,2,0,European Nations League C,Scotland,False
2018-09-10,Sweden,Turkey,2,3,European Nations League B,Sweden,False
2018-09-10,Portugal,Italy,1,0,European Nations League A,Portugal,False
2018-09-10,Russia,Czechia,5,1,Friendly,Russia,False
2018-09-10,Serbia,Romania,2,2,European Nations League C,Serbia,False
2018-09-10,Montenegro,Lithuania,2,0,European Nations League C,Montenegro,False
2018-09-10,Malta,Azerbaijan,1,1,European Nations League D,Malta,False
2018-09-10,Kosovo,Faroe Islands,2,0,European Nations League D,Kosovo,False
2018-09-10,Andorra,Kazakhstan,1,1,European Nations League D,Andorra,False
2018-09-11,Japan,Costa Rica,3,0,Friendly,Japan,False
2018-09-11,Indonesia,Mauritius,1,0,Friendly,Indonesia,False
2018-09-11,Uzbekistan,Iran,0,1,Friendly,Uzbekistan,False
2018-09-11,South Korea,Chile,0,0,Friendly,South Korea,False
2018-09-11,Singapore,Fiji,2,0,Friendly,Singapore,False
2018-09-11,Jordan,Oman,0,0,Friendly,Jordan,False
2018-09-11,United Arab Emirates,Laos,3,0,Friendly,Spain,True
2018-09-11,Qatar,Palestine,3,0,Friendly,Qatar,False
2018-09-11,Kenya,Malawi,1,0,Friendly,Kenya,False
2018-09-11,Gabon,Zambia,0,1,Friendly,Gabon,False
2018-09-11,Liberia,Nigeria,1,2,Friendly,Liberia,False
2018-09-11,United States,Mexico,1,0,Friendly,United States,False
2018-09-11,Brazil,El Salvador,5,0,Friendly,United States,True
2018-09-11,Ecuador,Guatemala,2,0,Friendly,United States,True
2018-09-11,Guadeloupe,Saint Martin,3,0,CONCACAF Nations League q,Anguilla,True
2018-09-11,Panama,Venezuela,0,2,Friendly,Panama,False
2018-09-11,Argentina,Colombia,0,0,Friendly,United States,True
2018-09-11,England,Switzerland,1,0,Friendly,England,False
2018-09-11,Northern Ireland,Israel,3,0,Friendly,Northern Ireland,False
2018-09-11,Bosnia and Herzegovina,Austria,1,0,European Nations League B,Bosnia and Herzegovina,False
2018-09-11,Hungary,Greece,2,1,European Nations League C,Hungary,False
2018-09-11,Iceland,Belgium,0,3,European Nations League A,Iceland,False
2018-09-11,Finland,Estonia,1,0,European Nations League C,Finland,False
2018-09-11,San Marino,Luxembourg,0,3,European Nations League D,San Marino,False
2018-09-11,Poland,Ireland,1,1,Friendly,Poland,False
2018-09-11,Spain,Croatia,6,0,European Nations League A,Spain,False
2018-09-11,Moldova,Belarus,0,0,European Nations League D,Moldova,False
2018-09-12,India,Pakistan,3,1,South Asian Championship,Bangladesh,True
2018-09-12,Maldives,Nepal,3,0,South Asian Championship,Bangladesh,True
2018-09-15,Maldives,India,2,1,South Asian Championship,Bangladesh,True
2018-09-29,Cuba,Cayman Islands,5,0,Friendly,Cuba,False
2018-09-30,Botswana,Namibia,1,0,Friendly,Botswana,False
2018-09-30,St Vincent & Grenadines,Barbados,1,1,Friendly,St Vincent & Grenadines,False
2018-10-01,Bangladesh,Laos,1,0,Bangabandhu Gold Cup,Bangladesh,False
2018-10-02,Tajikistan,Nepal,2,0,Bangabandhu Gold Cup,Bangladesh,True
2018-10-03,Philippines,Laos,3,1,Bangabandhu Gold Cup,Bangladesh,True
2018-10-04,Palestine,Tajikistan,2,0,Bangabandhu Gold Cup,Bangladesh,True
2018-10-05,Bangladesh,Philippines,0,1,Bangabandhu Gold Cup,Bangladesh,False
2018-10-06,Palestine,Nepal,1,0,Bangabandhu Gold Cup,Bangladesh,True
2018-10-09,Tajikistan,Philippines,2,0,Bangabandhu Gold Cup,Bangladesh,True
2018-10-10,Indonesia,Myanmar,3,0,Friendly,Indonesia,False
2018-10-10,Albania,Jordan,0,0,Friendly,Albania,False
2018-10-10,Bangladesh,Palestine,0,2,Bangabandhu Gold Cup,Bangladesh,False
2018-10-10,Ethiopia,Kenya,0,0,African Nations Cup qualifier,Ethiopia,False
2018-10-10,Zambia,Guinea-Bissau,2,1,African Nations Cup qualifier,Zambia,False
2018-10-10,Italy,Ukraine,1,1,Friendly,Italy,False
2018-10-11,Kuwait,Lebanon,1,0,Friendly,Kuwait,False
2018-10-11,Bahrain,Syria,0,1,Friendly,Bahrain,False
2018-10-11,Hong Kong,Thailand,0,1,Friendly,Hong Kong,False
2018-10-11,Argentina,Iraq,4,0,Friendly tournament,Saudi Arabia,True
2018-10-11,Honduras,United Arab Emirates,1,1,Friendly,Spain,True
2018-10-11,Congo,Liberia,3,1,African Nations Cup qualifier,Congo,False
2018-10-11,United States,Colombia,2,4,Friendly,United States,False
2018-10-11,Mexico,Costa Rica,3,2,Friendly,Mexico,False
2018-10-11,French Guiana,St Vincent & Grenadines,0,1,CONCACAF Nations League q,French Guiana,False
2018-10-11,Israel,Scotland,2,1,European Nations League C,Israel,False
2018-10-11,Wales,Spain,1,4,Friendly,Wales,False
2018-10-11,France,Iceland,2,2,Friendly,France,False
2018-10-11,Russia,Sweden,0,0,European Nations League B,Russia,False
2018-10-11,Poland,Portugal,2,3,European Nations League A,Poland,False
2018-10-11,Lithuania,Romania,1,2,European Nations League C,Lithuania,False
2018-10-11,Turkey,Bosnia and Herzegovina,0,0,Friendly,Turkey,False
2018-10-11,Montenegro,Serbia,0,2,European Nations League C,Montenegro,False
2018-10-11,Kosovo,Malta,3,1,European Nations League D,Kosovo,False
2018-10-11,Faroe Islands,Azerbaijan,0,3,European Nations League D,Faroe Islands,False
2018-10-12,Japan,Panama,3,0,Friendly,Japan,False
2018-10-12,Singapore,Mongolia,2,0,Friendly,Singapore,False
2018-10-12,South Korea,Uruguay,2,1,Friendly,South Korea,False
2018-10-12,Sri Lanka,Malaysia,1,4,Friendly,Sri Lanka,False
2018-10-12,Cambodia,East Timor,2,2,Friendly,Cambodia,False
2018-10-12,Saudi Arabia,Brazil,0,2,Friendly tournament,Saudi Arabia,False
2018-10-12,Palestine,Tajikistan,0,0,Bangabandhu Gold Cup,Bangladesh,True
2018-10-12,Qatar,Ecuador,4,3,Friendly,Qatar,False
2018-10-12,Egypt,Eswatini,4,1,African Nations Cup qualifier,Egypt,False
2018-10-12,Cape Verde,Tanzania,3,0,African Nations Cup qualifier,Cape Verde,False
2018-10-12,Togo,Gambia,1,1,African Nations Cup qualifier,Togo,False
2018-10-12,Mali,Burundi,0,0,African Nations Cup qualifier,Mali,False
2018-10-12,Cameroon,Malawi,1,0,African Nations Cup qualifier,Cameroon,False
2018-10-12,Algeria,Benin,2,0,African Nations Cup qualifier,Algeria,False
2018-10-12,Ivory Coast,Central African Republic,4,0,African Nations Cup qualifier,Ivory Coast,False
2018-10-12,Gabon,South Sudan,3,0,African Nations Cup qualifier,Gabon,False
2018-10-12,Guinea,Rwanda,2,0,African Nations Cup qualifier,Guinea,False
2018-10-12,Angola,Mauritania,4,1,African Nations Cup qualifier,Angola,False
2018-10-12,Curaçao,US Virgin Islands,5,0,CONCACAF Nations League q,United States,True
2018-10-12,Grenada,Cuba,0,2,CONCACAF Nations League q,Grenada,False
2018-10-12,Dominican Republic,Cayman Islands,3,0,CONCACAF Nations League q,Dominican Republic,False
2018-10-12,Bermuda,Sint Maarten,12,0,CONCACAF Nations League q,Bermuda,False
2018-10-12,Bahamas,Antigua and Barbuda,0,6,CONCACAF Nations League q,Bahamas,False
2018-10-12,Peru,Chile,3,0,Friendly,United States,True
2018-10-12,Croatia,England,0,0,European Nations League A,Croatia,False
2018-10-12,Austria,Northern Ireland,1,0,European Nations League B,Austria,False
2018-10-12,Greece,Hungary,1,0,European Nations League C,Greece,False
2018-10-12,Belgium,Switzerland,2,1,European Nations League A,Belgium,False
2018-10-12,Estonia,Finland,0,1,European Nations League C,Estonia,False
2018-10-12,Belarus,Luxembourg,1,0,European Nations League D,Belarus,False
2018-10-12,Moldova,San Marino,2,0,European Nations League D,Moldova,False
2018-10-13,Oman,Philippines,1,1,Friendly,Qatar,True
2018-10-13,China,India,0,0,Friendly,China,False
2018-10-13,Myanmar,Bolivia,0,3,Friendly,Myanmar,False
2018-10-13,Uzbekistan,North Korea,2,0,Friendly,Uzbekistan,False
2018-10-13,South Africa,Seychelles,6,0,African Nations Cup qualifier,South Africa,False
2018-10-13,Uganda,Lesotho,3,0,African Nations Cup qualifier,Uganda,False
2018-10-13,DR Congo,Zimbabwe,1,2,African Nations Cup qualifier,DR Congo,False
2018-10-13,Equatorial Guinea,Madagascar,0,1,African Nations Cup qualifier,Equatorial Guinea,False
2018-10-13,Nigeria,Libya,4,0,African Nations Cup qualifier,Nigeria,False
2018-10-13,Senegal,Sudan,3,0,African Nations Cup qualifier,Senegal,False
2018-10-13,Tunisia,Niger,1,0,African Nations Cup qualifier,Tunisia,False
2018-10-13,Morocco,Comoros,1,0,African Nations Cup qualifier,Morocco,False
2018-10-13,Burkina Faso,Botswana,3,0,African Nations Cup qualifier,Burkina Faso,False
2018-10-13,Mozambique,Namibia,1,2,African Nations Cup qualifier,Mozambique,False
2018-10-13,El Salvador,Barbados,3,0,CONCACAF Nations League q,El Salvador,False
2018-10-13,Turks and Caicos Islands,Guyana,0,8,CONCACAF Nations League q,Turks and Caicos Islands,False
2018-10-13,Puerto Rico,Martinique,0,1,CONCACAF Nations League q,Puerto Rico,False
2018-10-13,Suriname,British Virgin Islands,5,0,CONCACAF Nations League q,Suriname,False
2018-10-13,Netherlands,Germany,3,0,European Nations League A,Netherlands,False
2018-10-13,Norway,Slovenia,1,0,European Nations League C,Norway,False
2018-10-13,Ireland,Denmark,0,0,European Nations League B,Ireland,False
2018-10-13,Latvia,Kazakhstan,1,1,European Nations League D,Latvia,False
2018-10-13,Bulgaria,Cyprus,2,1,European Nations League C,Bulgaria,False
2018-10-13,Slovakia,Czechia,1,2,European Nations League B,Slovakia,False
2018-10-13,Armenia,Gibraltar,0,1,European Nations League D,Armenia,False
2018-10-13,Georgia,Andorra,3,0,European Nations League D,Georgia,False
2018-10-13,Macedonia,Liechtenstein,4,1,European Nations League D,Macedonia,False
2018-10-14,Thailand,Trinidad and Tobago,1,0,Friendly,Thailand,False
2018-10-14,Kenya,Ethiopia,3,0,African Nations Cup qualifier,Kenya,False
2018-10-14,Guinea-Bissau,Zambia,2,1,African Nations Cup qualifier,Guinea-Bissau,False
2018-10-14,Jamaica,Bonaire,6,0,CONCACAF Nations League q,Curaçao,True
2018-10-14,Nicaragua,Anguilla,6,0,CONCACAF Nations League q,Costa Rica,True
2018-10-14,Saint Kitts and Nevis,Saint Martin,10,0,CONCACAF Nations League q,Anguilla,True
2018-10-14,Montserrat,Belize,1,0,CONCACAF Nations League q,Montserrat,False
2018-10-14,Scotland,Portugal,1,3,Friendly,Scotland,False
2018-10-14,Poland,Italy,0,1,European Nations League A,Poland,False
2018-10-14,Russia,Turkey,2,0,European Nations League B,Russia,False
2018-10-14,Romania,Serbia,0,0,European Nations League C,Romania,False
2018-10-14,Lithuania,Montenegro,1,4,European Nations League C,Lithuania,False
2018-10-14,Israel,Albania,2,0,European Nations League C,Israel,False
2018-10-14,Azerbaijan,Malta,1,1,European Nations League D,Azerbaijan,False
2018-10-14,Faroe Islands,Kosovo,1,1,European Nations League D,Faroe Islands,False
2018-10-15,Kuwait,Australia,0,4,Friendly,Kuwait,False
2018-10-15,Saudi Arabia,Iraq,1,1,Friendly tournament,Saudi Arabia,False
2018-10-15,Croatia,Jordan,2,1,Friendly,Croatia,False
2018-10-15,Spain,England,2,3,European Nations League A,Spain,False
2018-10-15,Bosnia and Herzegovina,Northern Ireland,2,0,European Nations League B,Bosnia and Herzegovina,False
2018-10-15,Estonia,Hungary,3,3,European Nations League C,Estonia,False
2018-10-15,Iceland,Switzerland,1,2,European Nations League A,Iceland,False
2018-10-15,Finland,Greece,2,0,European Nations League C,Finland,False
2018-10-15,Luxembourg,San Marino,3,0,European Nations League D,Luxembourg,False
2018-10-15,Belarus,Moldova,0,0,European Nations League D,Belarus,False
2018-10-16,Japan,Uruguay,4,3,Friendly,Japan,False
2018-10-16,China,Syria,2,0,Friendly,China,False
2018-10-16,Indonesia,Hong Kong,1,1,Friendly,Indonesia,False
2018-10-16,Iran,Bolivia,2,1,Friendly,Iran,False
2018-10-16,Laos,Mongolia,1,4,Friendly,Laos,False
2018-10-16,South Korea,Panama,2,2,Friendly,South Korea,False
2018-10-16,Bahrain,Myanmar,4,1,Friendly,Bahrain,False
2018-10-16,Cambodia,Singapore,1,2,Friendly,Cambodia,False
2018-10-16,Malaysia,Kyrgyzstan,0,1,Friendly,Malaysia,False
2018-10-16,Ecuador,Oman,0,0,Friendly,Qatar,True
2018-10-16,Uzbekistan,Qatar,2,0,Friendly,Uzbekistan,False
2018-10-16,Venezuela,United Arab Emirates,2,0,Friendly,Spain,True
2018-10-16,Eswatini,Egypt,0,2,African Nations Cup qualifier,Eswatini,False
2018-10-16,Seychelles,South Africa,0,0,African Nations Cup qualifier,Seychelles,False
2018-10-16,Lesotho,Uganda,0,2,African Nations Cup qualifier,Lesotho,False
2018-10-16,Tanzania,Cape Verde,2,0,African Nations Cup qualifier,Tanzania,False
2018-10-16,Zimbabwe,DR Congo,1,1,African Nations Cup qualifier,Zimbabwe,False
2018-10-16,Madagascar,Equatorial Guinea,1,0,African Nations Cup qualifier,Madagascar,False
2018-10-16,Nigeria,Libya,3,2,African Nations Cup qualifier,Tunisia,True
2018-10-16,Gambia,Togo,0,1,African Nations Cup qualifier,The Gambia,True
2018-10-16,Burundi,Mali,1,1,African Nations Cup qualifier,Burundi,False
2018-10-16,Sudan,Senegal,0,1,African Nations Cup qualifier,Sudan,False
2018-10-16,Niger,Tunisia,1,2,African Nations Cup qualifier,Niger,False
2018-10-16,Malawi,Cameroon,0,0,African Nations Cup qualifier,Malawi,False
2018-10-16,Comoros,Morocco,2,2,African Nations Cup qualifier,Comoros,False
2018-10-16,Benin,Algeria,1,0,African Nations Cup qualifier,Benin,False
2018-10-16,Central African Republic,Ivory Coast,0,0,African Nations Cup qualifier,Central African Republic,False
2018-10-16,South Sudan,Gabon,0,1,African Nations Cup qualifier,South Sudan,False
2018-10-16,Botswana,Burkina Faso,0,0,African Nations Cup qualifier,Botswana,False
2018-10-16,Liberia,Congo,2,1,African Nations Cup qualifier,Liberia,False
2018-10-16,Rwanda,Guinea,1,1,African Nations Cup qualifier,Rwanda,False
2018-10-16,Mauritania,Angola,1,0,African Nations Cup qualifier,Mauritania,False
2018-10-16,Namibia,Mozambique,1,0,African Nations Cup qualifier,Namibia,False
2018-10-16,United States,Peru,1,1,Friendly,United States,False
2018-10-16,Canada,Dominica,5,0,CONCACAF Nations League q,Canada,False
2018-10-16,Colombia,Costa Rica,3,1,Friendly,United States,True
2018-10-16,Mexico,Chile,0,1,Friendly,Mexico,False
2018-10-16,Guadeloupe,Aruba,0,0,CONCACAF Nations League q,Guadeloupe,False
2018-10-16,Haiti,Saint Lucia,2,1,CONCACAF Nations League q,Martinique,True
2018-10-16,Martinique,British Virgin Islands,4,0,CONCACAF Nations League q,Martinique,False
2018-10-16,Brazil,Argentina,1,0,Friendly tournament,Saudi Arabia,True
2018-10-16,Ireland,Wales,0,1,European Nations League B,Ireland,False
2018-10-16,Denmark,Austria,2,0,Friendly,Denmark,False
2018-10-16,Belgium,Netherlands,1,1,Friendly,Belgium,False
2018-10-16,France,Germany,2,1,European Nations League A,France,False
2018-10-16,Sweden,Slovakia,1,1,Friendly,Sweden,False
2018-10-16,Norway,Bulgaria,1,0,European Nations League C,Norway,False
2018-10-16,Latvia,Georgia,0,3,European Nations League D,Latvia,False
2018-10-16,Ukraine,Czechia,1,0,European Nations League B,Ukraine,False
2018-10-16,Slovenia,Cyprus,1,1,European Nations League C,Slovenia,False
2018-10-16,Armenia,Macedonia,4,0,European Nations League D,Armenia,False
2018-10-16,Kazakhstan,Andorra,4,0,European Nations League D,Kazakhstan,False
2018-10-16,Gibraltar,Liechtenstein,2,1,European Nations League D,Gibraltar,False
2018-11-03,Malaysia,Maldives,3,0,Friendly,Malaysia,False
2018-11-08,Laos,Vietnam,0,3,Southeast Asian Champ,Laos,False
2018-11-08,Cambodia,Malaysia,0,1,Southeast Asian Champ,Cambodia,False
2018-11-09,Singapore,Indonesia,1,0,Southeast Asian Champ,Singapore,False
2018-11-09,Thailand,East Timor,7,0,Southeast Asian Champ,Thailand,False
2018-11-11,North Korea,Mongolia,4,1,East Asian Championship qual,Taiwan,True
2018-11-11,Taiwan,Hong Kong,1,2,East Asian Championship qual,Taiwan,False
2018-11-12,Myanmar,Cambodia,4,1,Southeast Asian Champ,Myanmar,False
2018-11-12,Malaysia,Laos,3,1,Southeast Asian Champ,Malaysia,False
2018-11-13,Philippines,Singapore,1,0,Southeast Asian Champ,Philippines,False
2018-11-13,Indonesia,East Timor,3,1,Southeast Asian Champ,Indonesia,False
2018-11-13,Taiwan,Mongolia,2,1,East Asian Championship qual,Taiwan,False
2018-11-13,Hong Kong,North Korea,0,0,East Asian Championship qual,Taiwan,True
2018-11-14,Switzerland,Qatar,0,1,Friendly,Switzerland,False
2018-11-14,Vanuatu,New Caledonia,0,1,Friendly,Vanuatu,False
2018-11-15,Lebanon,Uzbekistan,0,0,Friendly,Australia,True
2018-11-15,Iran,Trinidad and Tobago,1,0,Friendly,Iran,False
2018-11-15,England,United States,3,0,Friendly,England,False
2018-11-15,Israel,Guatemala,7,0,Friendly,Israel,False
2018-11-15,Peru,Ecuador,0,2,Friendly,Peru,False
2018-11-15,Ireland,Northern Ireland,0,0,Friendly,Ireland,False
2018-11-15,Austria,Bosnia and Herzegovina,0,0,European Nations League B,Austria,False
2018-11-15,Hungary,Estonia,2,0,European Nations League C,Hungary,False
2018-11-15,Belgium,Iceland,2,0,European Nations League A,Belgium,False
2018-11-15,Germany,Russia,3,0,Friendly,Germany,False
2018-11-15,Greece,Finland,1,0,European Nations League C,Greece,False
2018-11-15,Luxembourg,Belarus,0,2,European Nations League D,Luxembourg,False
2018-11-15,Poland,Czechia,0,1,Friendly,Poland,False
2018-11-15,Croatia,Spain,3,2,European Nations League A,Croatia,False
2018-11-15,Kazakhstan,Latvia,1,1,European Nations League D,Kazakhstan,False
2018-11-15,San Marino,Moldova,0,1,European Nations League D,San Marino,False
2018-11-15,Andorra,Georgia,1,1,European Nations League D,Andorra,False
2018-11-16,Japan,Venezuela,1,1,Friendly,Japan,False
2018-11-16,Hong Kong,Mongolia,5,1,East Asian Championship qual,Taiwan,True
2018-11-16,Vietnam,Malaysia,2,0,Southeast Asian Champ,Vietnam,False
2018-11-16,Oman,Syria,1,1,Friendly,Oman,False
2018-11-16,Taiwan,North Korea,0,2,East Asian Championship qual,Taiwan,False
2018-11-16,Laos,Myanmar,1,3,Southeast Asian Champ,Laos,False
2018-11-16,Palestine,Pakistan,2,1,Friendly,Palestine,False
2018-11-16,Saudi Arabia,Yemen,1,0,Friendly,Saudi Arabia,False
2018-11-16,United Arab Emirates,Bolivia,0,0,Friendly,United Arab Emirates,False
2018-11-16,Egypt,Tunisia,3,2,African Nations Cup qualifier,Egypt,False
2018-11-16,South Sudan,Burundi,2,5,African Nations Cup qualifier,South Sudan,False
2018-11-16,Morocco,Cameroon,2,0,African Nations Cup qualifier,Morocco,False
2018-11-16,Chile,Costa Rica,2,3,Friendly,Chile,False
2018-11-16,Bermuda,El Salvador,1,0,CONCACAF Nations League q,Bermuda,False
2018-11-16,Argentina,Mexico,2,0,Friendly,Argentina,False
2018-11-16,Aruba,Montserrat,0,2,CONCACAF Nations League q,Curaçao,True
2018-11-16,Honduras,Panama,1,0,Friendly,Honduras,False
2018-11-16,Grenada,Saint Martin,5,2,CONCACAF Nations League q,Grenada,False
2018-11-16,Belize,Puerto Rico,1,0,CONCACAF Nations League q,Belize,False
2018-11-16,Brazil,Uruguay,1,0,Friendly,England,True
2018-11-16,Wales,Denmark,1,2,European Nations League B,Wales,False
2018-11-16,Netherlands,France,2,0,European Nations League A,Netherlands,False
2018-11-16,Slovenia,Norway,1,1,European Nations League C,Slovenia,False
2018-11-16,Cyprus,Bulgaria,1,1,European Nations League C,Cyprus,False
2018-11-16,Slovakia,Ukraine,4,1,European Nations League B,Slovakia,False
2018-11-16,Gibraltar,Armenia,2,6,European Nations League D,Gibraltar,False
2018-11-16,Liechtenstein,Macedonia,0,2,European Nations League D,Liechtenstein,False
2018-11-17,Philippines,East Timor,3,2,Southeast Asian Champ,Malaysia,True
2018-11-17,Australia,South Korea,1,1,Friendly,Australia,False
2018-11-17,Thailand,Indonesia,4,2,Southeast Asian Champ,Thailand,False
2018-11-17,Jordan,India,2,1,Friendly,Jordan,False
2018-11-17,South Africa,Nigeria,1,1,African Nations Cup qualifier,South Africa,False
2018-11-17,Uganda,Cape Verde,1,0,African Nations Cup qualifier,Uganda,False
2018-11-17,Gambia,Benin,3,1,African Nations Cup qualifier,The Gambia,True
2018-11-17,Namibia,Guinea-Bissau,0,0,African Nations Cup qualifier,Namibia,False
2018-11-17,Seychelles,Libya,1,8,African Nations Cup qualifier,Seychelles,False
2018-11-17,Comoros,Malawi,2,1,African Nations Cup qualifier,Comoros,False
2018-11-17,Gabon,Mali,0,1,African Nations Cup qualifier,Gabon,False
2018-11-17,Equatorial Guinea,Senegal,0,1,African Nations Cup qualifier,Equatorial Guinea,False
2018-11-17,Nicaragua,Haiti,0,2,CONCACAF Nations League q,Nicaragua,False
2018-11-17,Jamaica,Suriname,2,1,CONCACAF Nations League q,Jamaica,False
2018-11-17,Cuba,Dominican Republic,1,0,CONCACAF Nations League q,Cuba,False
2018-11-17,Cayman Islands,Saint Lucia,0,0,CONCACAF Nations League q,Cayman Islands,False
2018-11-17,Vanuatu,New Caledonia,2,2,Friendly,Vanuatu,False
2018-11-17,Albania,Scotland,0,4,European Nations League C,Albania,False
2018-11-17,Turkey,Sweden,0,1,European Nations League B,Turkey,False
2018-11-17,Italy,Portugal,0,0,European Nations League A,Italy,False
2018-11-17,Romania,Lithuania,3,0,European Nations League C,Romania,False
2018-11-17,Serbia,Montenegro,2,1,European Nations League C,Serbia,False
2018-11-17,Malta,Kosovo,0,5,European Nations League D,Malta,False
2018-11-17,Azerbaijan,Faroe Islands,2,0,European Nations League D,Azerbaijan,False
2018-11-18,Lesotho,Tanzania,1,0,African Nations Cup qualifier,Lesotho,False
2018-11-18,Liberia,Zimbabwe,1,0,African Nations Cup qualifier,Liberia,False
2018-11-18,Mozambique,Zambia,1,0,African Nations Cup qualifier,Mozambique,False
2018-11-18,Madagascar,Sudan,1,3,African Nations Cup qualifier,Madagascar,False
2018-11-18,Ethiopia,Ghana,0,2,African Nations Cup qualifier,Ethiopia,False
2018-11-18,Congo,DR Congo,1,1,African Nations Cup qualifier,Congo,False
2018-11-18,Togo,Algeria,1,4,African Nations Cup qualifier,Togo,False
2018-11-18,Rwanda,Central African Republic,2,2,African Nations Cup qualifier,Rwanda,False
2018-11-18,Angola,Burkina Faso,2,1,African Nations Cup qualifier,Angola,False
2018-11-18,Guinea,Ivory Coast,1,1,African Nations Cup qualifier,Guinea,False
2018-11-18,Eswatini,Niger,1,2,African Nations Cup qualifier,Eswatini,False
2018-11-18,Mauritania,Botswana,2,1,African Nations Cup qualifier,Mauritania,False
2018-11-18,Saint Kitts and Nevis,Canada,0,1,CONCACAF Nations League q,Saint Kitts and Nevis,False
2018-11-18,Barbados,US Virgin Islands,3,0,CONCACAF Nations League q,Barbados,False
2018-11-18,Turks and Caicos Islands,St Vincent & Grenadines,3,2,CONCACAF Nations League q,Turks and Caicos Islands,False
2018-11-18,Bahamas,Anguilla,1,1,CONCACAF Nations League q,Bahamas,False
2018-11-18,England,Croatia,2,1,European Nations League A,England,False
2018-11-18,Northern Ireland,Austria,1,2,European Nations League B,Northern Ireland,False
2018-11-18,Hungary,Finland,2,0,European Nations League C,Hungary,False
2018-11-18,Switzerland,Belgium,5,2,European Nations League A,Switzerland,False
2018-11-18,Moldova,Luxembourg,1,1,European Nations League D,Moldova,False
2018-11-18,Greece,Estonia,0,1,European Nations League C,Greece,False
2018-11-18,Spain,Bosnia and Herzegovina,1,0,Friendly,Spain,False
2018-11-18,San Marino,Belarus,0,2,European Nations League D,San Marino,False
2018-11-19,Oman,Bahrain,2,1,Friendly,Oman,False
2018-11-19,Iceland,Qatar,2,2,Friendly,Belgium,True
2018-11-19,Curaçao,Guadeloupe,6,0,CONCACAF Nations League q,Curaçao,False
2018-11-19,Martinique,Antigua and Barbuda,4,2,CONCACAF Nations League q,Martinique,False
2018-11-19,Germany,Netherlands,2,2,European Nations League A,Germany,False
2018-11-19,Cyprus,Norway,0,2,European Nations League C,Cyprus,False
2018-11-19,Denmark,Ireland,0,0,European Nations League B,Denmark,False
2018-11-19,Andorra,Latvia,0,0,European Nations League D,Andorra,False
2018-11-19,Bulgaria,Slovenia,1,1,European Nations League C,Bulgaria,False
2018-11-19,Czechia,Slovakia,1,0,European Nations League B,Czechia,False
2018-11-19,Liechtenstein,Armenia,2,2,European Nations League D,Liechtenstein,False
2018-11-19,Georgia,Kazakhstan,2,1,European Nations League D,Georgia,False
2018-11-19,Macedonia,Gibraltar,4,0,European Nations League D,Macedonia,False
2018-11-20,Japan,Kyrgyzstan,4,0,Friendly,Japan,False
2018-11-20,Australia,Lebanon,3,0,Friendly,Australia,False
2018-11-20,China,Palestine,1,1,Friendly,China,False
2018-11-20,Iran,Venezuela,1,1,Friendly,Qatar,True
2018-11-20,South Korea,Uzbekistan,4,0,Friendly,Australia,True
2018-11-20,Myanmar,Vietnam,0,0,Southeast Asian Champ,Myanmar,False
2018-11-20,Kuwait,Syria,1,2,Friendly,Kuwait,False
2018-11-20,Cambodia,Laos,3,1,Southeast Asian Champ,Cambodia,False
2018-11-20,Bolivia,Iraq,0,0,Friendly,United Arab Emirates,True
2018-11-20,Jordan,Saudi Arabia,1,1,Friendly,Jordan,False
2018-11-20,United Arab Emirates,Yemen,2,0,Friendly,United Arab Emirates,False
2018-11-20,South Africa,Paraguay,1,1,Friendly tournament,South Africa,False
2018-11-20,Nigeria,Uganda,0,0,Friendly,Nigeria,False
2018-11-20,Tunisia,Morocco,0,1,Friendly,Tunisia,False
2018-11-20,Brazil,Cameroon,1,0,Friendly,England,True
2018-11-20,Italy,United States,1,0,Friendly,Belgium,True
2018-11-20,Peru,Costa Rica,2,3,Friendly,Peru,False
2018-11-20,El Salvador,Haiti,1,0,Friendly,El Salvador,False
2018-11-20,Argentina,Mexico,2,0,Friendly,Argentina,False
2018-11-20,Chile,Honduras,4,1,Friendly,Chile,False
2018-11-20,French Guiana,Guyana,2,1,CONCACAF Nations League q,French Guiana,False
2018-11-20,Dominica,Sint Maarten,2,0,CONCACAF Nations League q,Anguilla,True
2018-11-20,Panama,Ecuador,1,2,Friendly,Panama,False
2018-11-20,France,Uruguay,1,0,Friendly,France,False
2018-11-20,Scotland,Israel,3,2,European Nations League C,Scotland,False
2018-11-20,Albania,Wales,1,0,Friendly,Albania,False
2018-11-20,Sweden,Russia,2,0,European Nations League B,Sweden,False
2018-11-20,Portugal,Poland,1,1,European Nations League A,Portugal,False
2018-11-20,Montenegro,Romania,0,1,European Nations League C,Montenegro,False
2018-11-20,Serbia,Lithuania,4,1,European Nations League C,Serbia,False
2018-11-20,Turkey,Ukraine,0,0,Friendly,Turkey,False
2018-11-20,Malta,Faroe Islands,1,1,European Nations League D,Malta,False
2018-11-20,Kosovo,Azerbaijan,4,0,European Nations League D,Kosovo,False
2018-11-21,Philippines,Thailand,1,1,Southeast Asian Champ,Philippines,False
2018-11-21,Singapore,East Timor,6,1,Southeast Asian Champ,Singapore,False
2018-11-24,Vietnam,Cambodia,3,0,Southeast Asian Champ,Vietnam,False
2018-11-24,Malaysia,Myanmar,3,0,Southeast Asian Champ,Malaysia,False
2018-11-25,Indonesia,Philippines,0,0,Southeast Asian Champ,Indonesia,False
2018-11-25,Thailand,Singapore,3,0,Southeast Asian Champ,Thailand,False
2018-12-01,Malaysia,Thailand,0,0,Southeast Asian Champ,Malaysia,False
2018-12-02,Philippines,Vietnam,1,2,Southeast Asian Champ,Philippines,False
2018-12-05,Thailand,Malaysia,2,2,Southeast Asian Champ,Thailand,False
2018-12-06,Vietnam,Philippines,2,1,Southeast Asian Champ,Vietnam,False
2018-12-11,Malaysia,Vietnam,2,2,Southeast Asian Champ,Malaysia,False
2018-12-13,Oman,Tajikistan,2,1,Friendly,Oman,False
2018-12-15,Vietnam,Malaysia,1,0,Southeast Asian Champ,Vietnam,False
2018-12-16,Palestine,Pakistan,2,0,Friendly,Qatar,True
2018-12-16,Oman,Tajikistan,1,0,Friendly,Oman,False
2018-12-20,Kyrgyzstan,Jordan,1,0,Friendly,Qatar,True
2018-12-20,Bahrain,Tajikistan,5,0,Friendly,Bahrain,False
2018-12-23,Qatar,Jordan,2,0,Friendly,Qatar,False
2018-12-24,Iraq,China,2,1,Friendly,Qatar,True
2018-12-24,Iran,Palestine,1,1,Friendly,Qatar,True
2018-12-25,Turkmenistan,Afghanistan,2,0,Friendly,Turkey,True
2018-12-25,Vietnam,North Korea,1,1,Friendly,Vietnam,False
2018-12-25,Qatar,Kyrgyzstan,1,0,Friendly,Qatar,False
2018-12-27,India,Oman,0,0,Friendly,United Arab Emirates,True
2018-12-27,Bahrain,Lebanon,1,0,Friendly,Bahrain,False
2018-12-27,Qatar,Algeria,0,1,Friendly,Qatar,False
2018-12-28,China,Jordan,1,1,Friendly,Qatar,True
2018-12-28,Afghanistan,Turkmenistan,2,2,Friendly,Turkey,True
2018-12-28,Iraq,Palestine,1,0,Friendly,Qatar,True
2018-12-28,United Arab Emirates,Kuwait,0,2,Friendly,United Arab Emirates,False
2018-12-29,Bahrain,North Korea,4,0,Friendly,Bahrain,False
2018-12-30,Australia,Oman,5,0,Friendly,United Arab Emirates,True
2018-12-30,Syria,Yemen,1,0,Friendly,United Arab Emirates,True
2018-12-31,Vietnam,Philippines,4,2,Friendly,Qatar,True
2018-12-31,Qatar,Iran,1,2,Friendly,Qatar,False
2018-12-31,Saudi Arabia,South Korea,0,0,Friendly,United Arab Emirates,True
2018-12-31,Kyrgyzstan,Palestine,2,1,Friendly,Qatar,True
2019-01-02,Oman,Thailand,2,0,Friendly,United Arab Emirates,True
2019-01-05,United Arab Emirates,Bahrain,1,1,Asian Cup,United Arab Emirates,False
2019-01-06,Jordan,Australia,1,0,Asian Cup,United Arab Emirates,True
2019-01-06,India,Thailand,4,1,Asian Cup,United Arab Emirates,True
2019-01-06,Palestine,Syria,0,0,Asian Cup,United Arab Emirates,True
2019-01-07,South Korea,Philippines,1,0,Asian Cup,United Arab Emirates,True
2019-01-07,China,Kyrgyzstan,2,1,Asian Cup,United Arab Emirates,True
2019-01-07,Iran,Yemen,5,0,Asian Cup,United Arab Emirates,True
2019-01-08,Iraq,Vietnam,3,2,Asian Cup,United Arab Emirates,True
2019-01-08,Saudi Arabia,North Korea,4,0,Asian Cup,United Arab Emirates,True
2019-01-08,Finland,Sweden,1,0,Friendly,Qatar,True
2019-01-09,Japan,Turkmenistan,3,2,Asian Cup,United Arab Emirates,True
2019-01-09,Qatar,Lebanon,2,0,Asian Cup,United Arab Emirates,True
2019-01-09,Uzbekistan,Oman,2,1,Asian Cup,United Arab Emirates,True
2019-01-10,United Arab Emirates,India,2,0,Asian Cup,United Arab Emirates,False
2019-01-10,Jordan,Syria,2,0,Asian Cup,United Arab Emirates,True
2019-01-10,Thailand,Bahrain,1,0,Asian Cup,United Arab Emirates,True
2019-01-11,China,Philippines,3,0,Asian Cup,United Arab Emirates,True
2019-01-11,Australia,Palestine,3,0,Asian Cup,United Arab Emirates,True
2019-01-11,South Korea,Kyrgyzstan,1,0,Asian Cup,United Arab Emirates,True
2019-01-11,Iceland,Sweden,2,2,Friendly,Qatar,True
2019-01-11,Estonia,Finland,2,1,Friendly,Qatar,True
2019-01-12,Saudi Arabia,Lebanon,2,0,Asian Cup,United Arab Emirates,True
2019-01-12,Iran,Vietnam,2,0,Asian Cup,United Arab Emirates,True
2019-01-12,Iraq,Yemen,3,0,Asian Cup,United Arab Emirates,True
2019-01-13,Japan,Oman,1,0,Asian Cup,United Arab Emirates,True
2019-01-13,Qatar,North Korea,6,0,Asian Cup,United Arab Emirates,True
2019-01-13,Uzbekistan,Turkmenistan,4,0,Asian Cup,United Arab Emirates,True
2019-01-14,Bahrain,India,1,0,Asian Cup,United Arab Emirates,True
2019-01-14,United Arab Emirates,Thailand,1,1,Asian Cup,United Arab Emirates,False
2019-01-15,Australia,Syria,3,2,Asian Cup,United Arab Emirates,True
2019-01-15,Jordan,Palestine,0,0,Asian Cup,United Arab Emirates,True
2019-01-15,Estonia,Iceland,0,0,Friendly,Qatar,True
2019-01-16,Kyrgyzstan,Philippines,3,1,Asian Cup,United Arab Emirates,True
2019-01-16,South Korea,China,2,0,Asian Cup,United Arab Emirates,True
2019-01-16,Iran,Iraq,0,0,Asian Cup,United Arab Emirates,True
2019-01-16,Vietnam,Yemen,2,0,Asian Cup,United Arab Emirates,True
2019-01-17,Japan,Uzbekistan,2,1,Asian Cup,United Arab Emirates,True
2019-01-17,Lebanon,North Korea,4,1,Asian Cup,United Arab Emirates,True
2019-01-17,Qatar,Saudi Arabia,2,0,Asian Cup,United Arab Emirates,True
2019-01-17,Oman,Turkmenistan,3,1,Asian Cup,United Arab Emirates,True
2019-01-20,China,Thailand,2,1,Asian Cup,United Arab Emirates,True
2019-01-20,Iran,Oman,2,0,Asian Cup,United Arab Emirates,True
2019-01-20,Jordan,Vietnam,1,1,Asian Cup,United Arab Emirates,True
2019-01-21,Japan,Saudi Arabia,1,0,Asian Cup,United Arab Emirates,True
2019-01-21,Australia,Uzbekistan,0,0,Asian Cup,United Arab Emirates,True
2019-01-21,United Arab Emirates,Kyrgyzstan,3,2,Asian Cup,United Arab Emirates,False
2019-01-22,South Korea,Bahrain,2,1,Asian Cup,United Arab Emirates,True
2019-01-22,Qatar,Iraq,1,0,Asian Cup,United Arab Emirates,True
2019-01-24,Japan,Vietnam,1,0,Asian Cup,United Arab Emirates,True
2019-01-24,Iran,China,3,0,Asian Cup,United Arab Emirates,True
2019-01-25,United Arab Emirates,Australia,1,0,Asian Cup,United Arab Emirates,False
2019-01-25,Qatar,South Korea,1,0,Asian Cup,United Arab Emirates,True
2019-01-27,United States,Panama,3,0,Friendly,United States,False
2019-01-28,Japan,Iran,3,0,Asian Cup,United Arab Emirates,True
2019-01-29,United Arab Emirates,Qatar,0,4,Asian Cup,United Arab Emirates,False
2019-02-01,Qatar,Japan,3,1,Asian Cup,United Arab Emirates,True
2019-02-02,United States,Costa Rica,2,0,Friendly,United States,False
2019-02-16,Dominican Republic,Guadeloupe,1,0,Friendly,Dominican Republic,False
2019-02-21,Kazakhstan,Moldova,1,0,Friendly,Turkey,True
2019-02-23,Sint Maarten,Saint Barthelemy,1,1,Friendly,Sint Maarten,False
2019-02-25,Cuba,Bermuda,2,2,Friendly,Cuba,False
2019-02-27,Cuba,Bermuda,5,0,Friendly,Cuba,False
2019-02-28,St Vincent & Grenadines,Barbados,2,0,Windward Islands Champ,St Vincent & Grenadines,False
2019-02-28,Grenada,Saint Lucia,1,0,Windward Islands Champ,St Vincent & Grenadines,True
2019-03-02,Dominica,Grenada,1,0,Windward Islands Champ,St Vincent & Grenadines,True
2019-03-02,St Vincent & Grenadines,Saint Lucia,2,1,Windward Islands Champ,St Vincent & Grenadines,False
2019-03-03,Bolivia,Nicaragua,2,2,Friendly,Bolivia,False
2019-03-04,Barbados,Grenada,0,0,Windward Islands Champ,St Vincent & Grenadines,True
2019-03-04,Dominica,Saint Lucia,1,1,Windward Islands Champ,St Vincent & Grenadines,True
2019-03-06,El Salvador,Guatemala,3,1,Friendly,United States,True
2019-03-06,Barbados,Saint Lucia,2,0,Windward Islands Champ,St Vincent & Grenadines,True
2019-03-06,St Vincent & Grenadines,Dominica,2,1,Windward Islands Champ,St Vincent & Grenadines,False
2019-03-08,Barbados,Dominica,2,0,Windward Islands Champ,St Vincent & Grenadines,True
2019-03-08,St Vincent & Grenadines,Grenada,1,1,Windward Islands Champ,St Vincent & Grenadines,False
2019-03-09,Cambodia,Bangladesh,0,1,Friendly,Cambodia,False
2019-03-10,Mozambique,Eswatini,1,1,Friendly,South Africa,True
2019-03-10,Anguilla,Saint Martin,2,1,Friendly,Anguilla,False
2019-03-16,Suriname,Guyana,3,1,Friendly,Suriname,False
2019-03-16,Bahamas,Turks and Caicos Islands,6,1,Friendly,Bahamas,False
2019-03-17,Saint Barthelemy,Saint Martin,4,3,Friendly,Saint Barthelemy,False
2019-03-18,Fiji,New Caledonia,3,0,Friendly tournament,Fiji,False
2019-03-18,Solomon Islands,Vanuatu,3,1,Friendly,Solomon Islands,False
2019-03-19,Myanmar,Taiwan,0,0,Friendly,Myanmar,False
2019-03-20,Oman,Afghanistan,5,0,Friendly tournament,Malaysia,True
2019-03-20,Iraq,Syria,1,0,Friendly tournament,Iraq,False
2019-03-20,Malaysia,Singapore,0,1,Friendly tournament,Malaysia,False
2019-03-20,Wales,Trinidad and Tobago,1,0,Friendly,Wales,False
2019-03-20,Germany,Serbia,1,1,Friendly,Germany,False
2019-03-21,China,Thailand,0,1,Friendly tournament,China,False
2019-03-21,Kuwait,Nepal,0,0,Friendly,Kuwait,False
2019-03-21,United Arab Emirates,Saudi Arabia,2,1,Friendly,United Arab Emirates,False
2019-03-21,Mauritius,New Caledonia,3,1,Friendly tournament,Fiji,True
2019-03-21,United States,Ecuador,1,0,Friendly,United States,False
2019-03-21,St Vincent & Grenadines,Bonaire,2,1,CONCACAF Nations League q,St Vincent & Grenadines,False
2019-03-21,British Virgin Islands,Turks and Caicos Islands,2,2,CONCACAF Nations League q,Anguilla,True
2019-03-21,Kazakhstan,Scotland,3,0,European Championship qual,Kazakhstan,False
2019-03-21,Northern Ireland,Estonia,2,0,European Championship qual,Northern Ireland,False
2019-03-21,Austria,Poland,0,1,European Championship qual,Austria,False
2019-03-21,Slovakia,Hungary,2,0,European Championship qual,Slovakia,False
2019-03-21,Belgium,Russia,3,1,European Championship qual,Belgium,False
2019-03-21,Netherlands,Belarus,4,0,European Championship qual,Netherlands,False
2019-03-21,Kosovo,Denmark,2,2,Friendly,Kosovo,False
2019-03-21,North Macedonia,Latvia,3,1,European Championship qual,North Macedonia,False
2019-03-21,Israel,Slovenia,1,1,European Championship qual,Israel,False
2019-03-21,Croatia,Azerbaijan,2,1,European Championship qual,Croatia,False
2019-03-21,Cyprus,San Marino,5,0,European Championship qual,Cyprus,False
2019-03-22,Japan,Colombia,0,1,Friendly,Japan,False
2019-03-22,South Korea,Bolivia,1,0,Friendly,South Korea,False
2019-03-22,Uruguay,Uzbekistan,3,0,Friendly tournament,China,True
2019-03-22,Nigeria,Seychelles,3,1,African Nations Cup qualifier,Nigeria,False
2019-03-22,Algeria,Gambia,1,1,African Nations Cup qualifier,Algeria,False
2019-03-22,Sudan,Equatorial Guinea,1,4,African Nations Cup qualifier,Sudan,False
2019-03-22,Tunisia,Eswatini,4,0,African Nations Cup qualifier,Tunisia,False
2019-03-22,Malawi,Morocco,0,0,African Nations Cup qualifier,Malawi,False
2019-03-22,Burkina Faso,Mauritania,1,0,African Nations Cup qualifier,Burkina Faso,False
2019-03-22,Botswana,Angola,0,1,African Nations Cup qualifier,Botswana,False
2019-03-22,Guatemala,Costa Rica,1,0,Friendly,Guatemala,False
2019-03-22,Mexico,Chile,3,1,Friendly,United States,True
2019-03-22,Saint Lucia,Aruba,3,2,CONCACAF Nations League q,Antigua and Barbuda,True
2019-03-22,Cayman Islands,Montserrat,1,2,CONCACAF Nations League q,Cayman Islands,False
2019-03-22,Anguilla,US Virgin Islands,0,3,CONCACAF Nations League q,Anguilla,False
2019-03-22,Venezuela,Argentina,3,1,Friendly,Spain,True
2019-03-22,Peru,Paraguay,1,0,Friendly,United States,True
2019-03-22,England,Czechia,5,0,European Championship qual,England,False
2019-03-22,Moldova,France,1,4,European Championship qual,Moldova,False
2019-03-22,Luxembourg,Lithuania,2,1,European Championship qual,Luxembourg,False
2019-03-22,Portugal,Ukraine,0,0,European Championship qual,Portugal,False
2019-03-22,Albania,Turkey,0,2,European Championship qual,Albania,False
2019-03-22,Bulgaria,Montenegro,1,1,European Championship qual,Bulgaria,False
2019-03-22,Andorra,Iceland,0,2,European Championship qual,Andorra,False
2019-03-23,Malaysia,Afghanistan,2,1,Friendly tournament,Malaysia,False
2019-03-23,Syria,Jordan,1,0,Friendly tournament,Iraq,True
2019-03-23,Oman,Singapore,1,1,Friendly tournament,Malaysia,True
2019-03-23,Niger,Egypt,1,1,African Nations Cup qualifier,Niger,False
2019-03-23,Ghana,Kenya,1,0,African Nations Cup qualifier,Ghana,False
2019-03-23,Zambia,Namibia,4,1,African Nations Cup qualifier,Zambia,False
2019-03-23,Senegal,Madagascar,2,0,African Nations Cup qualifier,Senegal,False
2019-03-23,Guinea-Bissau,Mozambique,2,2,African Nations Cup qualifier,Guinea-Bissau,False
2019-03-23,Burundi,Gabon,1,1,African Nations Cup qualifier,Burundi,False
2019-03-23,Cameroon,Comoros,3,0,African Nations Cup qualifier,Cameroon,False
2019-03-23,Mali,South Sudan,3,0,African Nations Cup qualifier,Mali,False
2019-03-23,Ivory Coast,Rwanda,3,0,African Nations Cup qualifier,Ivory Coast,False
2019-03-23,El Salvador,Jamaica,2,0,CONCACAF Nations League q,El Salvador,False
2019-03-23,Antigua and Barbuda,Curaçao,2,1,CONCACAF Nations League q,Antigua and Barbuda,False
2019-03-23,Guyana,Belize,2,1,CONCACAF Nations League q,Guyana,False
2019-03-23,Guadeloupe,Martinique,0,1,CONCACAF Nations League q,Guadeloupe,False
2019-03-23,Dominica,Bahamas,4,0,CONCACAF Nations League q,Dominica,False
2019-03-23,Suriname,Saint Kitts and Nevis,2,0,CONCACAF Nations League q,Suriname,False
2019-03-23,Brazil,Panama,1,1,Friendly,Portugal,True
2019-03-23,Sint Maarten,Saint Martin,4,3,CONCACAF Nations League q,Anguilla,True
2019-03-23,Georgia,Switzerland,0,2,European Championship qual,Georgia,False
2019-03-23,Sweden,Romania,2,1,European Championship qual,Sweden,False
2019-03-23,Spain,Norway,2,1,European Championship qual,Spain,False
2019-03-23,Italy,Finland,2,0,European Championship qual,Italy,False
2019-03-23,Gibraltar,Ireland,0,1,European Championship qual,Gibraltar,False
2019-03-23,Liechtenstein,Greece,0,2,European Championship qual,Liechtenstein,False
2019-03-23,Malta,Faroe Islands,2,1,European Championship qual,Malta,False
2019-03-23,Bosnia and Herzegovina,Armenia,2,1,European Championship qual,Bosnia and Herzegovina,False
2019-03-24,Taiwan,Solomon Islands,0,1,Friendly,Taiwan,False
2019-03-24,South Africa,Libya,2,1,African Nations Cup qualifier,Tunisia,True
2019-03-24,Tanzania,Uganda,3,0,African Nations Cup qualifier,Tanzania,False
2019-03-24,Zimbabwe,Congo,2,0,African Nations Cup qualifier,Zimbabwe,False
2019-03-24,Fiji,Mauritius,1,0,Friendly tournament,Fiji,False
2019-03-24,DR Congo,Liberia,1,0,African Nations Cup qualifier,DR Congo,False
2019-03-24,Benin,Togo,2,1,African Nations Cup qualifier,Benin,False
2019-03-24,Cape Verde,Lesotho,0,0,African Nations Cup qualifier,Cape Verde,False
2019-03-24,Central African Republic,Guinea,0,0,African Nations Cup qualifier,Central African Republic,False
2019-03-24,Canada,French Guiana,4,1,CONCACAF Nations League q,Canada,False
2019-03-24,Haiti,Cuba,2,1,CONCACAF Nations League q,Haiti,False
2019-03-24,Barbados,Nicaragua,0,1,CONCACAF Nations League q,Barbados,False
2019-03-24,Puerto Rico,Grenada,0,2,CONCACAF Nations League q,Puerto Rico,False
2019-03-24,Dominican Republic,Bermuda,1,3,CONCACAF Nations League q,Dominican Republic,False
2019-03-24,Bonaire,British Virgin Islands,2,1,CONCACAF Nations League q,Anguilla,True
2019-03-24,San Marino,Scotland,0,2,European Championship qual,San Marino,False
2019-03-24,Wales,Slovakia,1,0,European Championship qual,Wales,False
2019-03-24,Northern Ireland,Belarus,2,1,European Championship qual,Northern Ireland,False
2019-03-24,Israel,Austria,4,2,European Championship qual,Israel,False
2019-03-24,Hungary,Croatia,2,1,European Championship qual,Hungary,False
2019-03-24,Cyprus,Belgium,0,2,European Championship qual,Cyprus,False
2019-03-24,Netherlands,Germany,2,3,European Championship qual,Netherlands,False
2019-03-24,Kazakhstan,Russia,0,4,European Championship qual,Kazakhstan,False
2019-03-24,Poland,Latvia,2,0,European Championship qual,Poland,False
2019-03-24,Slovenia,North Macedonia,1,1,European Championship qual,Slovenia,False
2019-03-25,China,Uzbekistan,0,1,Friendly tournament,China,False
2019-03-25,Myanmar,Indonesia,0,2,Friendly,Myanmar,False
2019-03-25,Uruguay,Thailand,4,0,Friendly tournament,China,True
2019-03-25,Kuwait,Nepal,1,0,Friendly,Kuwait,False
2019-03-25,Saudi Arabia,Equatorial Guinea,3,2,Friendly,Saudi Arabia,False
2019-03-25,Montenegro,England,1,5,European Championship qual,Montenegro,False
2019-03-25,France,Iceland,4,0,European Championship qual,France,False
2019-03-25,Luxembourg,Ukraine,1,2,European Championship qual,Luxembourg,False
2019-03-25,Portugal,Serbia,1,1,European Championship qual,Portugal,False
2019-03-25,Azerbaijan,Lithuania,0,0,Friendly,Azerbaijan,False
2019-03-25,Turkey,Moldova,4,0,European Championship qual,Turkey,False
2019-03-25,Kosovo,Bulgaria,1,1,European Championship qual,Kosovo,False
2019-03-25,Andorra,Albania,0,3,European Championship qual,Andorra,False
2019-03-26,Japan,Bolivia,1,0,Friendly,Japan,False
2019-03-26,South Korea,Colombia,2,1,Friendly,South Korea,False
2019-03-26,United Arab Emirates,Syria,0,0,Friendly,United Arab Emirates,False
2019-03-26,Iraq,Jordan,3,2,Friendly tournament,Iraq,False
2019-03-26,Nigeria,Egypt,1,0,Friendly,Nigeria,False
2019-03-26,Ghana,Mauritania,3,1,Friendly,Ghana,False
2019-03-26,Algeria,Tunisia,1,0,Friendly,Algeria,False
2019-03-26,Morocco,Argentina,0,1,Friendly,Morocco,False
2019-03-26,Senegal,Mali,2,1,Friendly,Senegal,False
2019-03-26,Ivory Coast,Liberia,1,0,Friendly,Ivory Coast,False
2019-03-26,United States,Chile,1,1,Friendly,United States,False
2019-03-26,Costa Rica,Jamaica,1,0,Friendly,Costa Rica,False
2019-03-26,El Salvador,Peru,2,0,Friendly,United States,True
2019-03-26,Nicaragua,Guatemala,0,1,Friendly,Nicaragua,False
2019-03-26,Mexico,Paraguay,4,2,Friendly,United States,True
2019-03-26,Ecuador,Honduras,0,0,Friendly,United States,True
2019-03-26,Czechia,Brazil,1,3,Friendly,Czechia,False
2019-03-26,Switzerland,Denmark,3,3,European Championship qual,Switzerland,False
2019-03-26,Norway,Sweden,3,3,European Championship qual,Norway,False
2019-03-26,Italy,Liechtenstein,6,0,European Championship qual,Italy,False
2019-03-26,Armenia,Finland,0,2,European Championship qual,Armenia,False
2019-03-26,Gibraltar,Estonia,0,1,Friendly,Gibraltar,False
2019-03-26,Malta,Spain,0,2,European Championship qual,Malta,False
2019-03-26,Romania,Faroe Islands,4,1,European Championship qual,Romania,False
2019-03-26,Ireland,Georgia,1,0,European Championship qual,Ireland,False
2019-03-26,Bosnia and Herzegovina,Greece,2,2,European Championship qual,Bosnia and Herzegovina,False
2019-05-25,Mauritius,Eswatini,2,2,COSAFA Cup,South Africa,True
2019-05-26,Malawi,Seychelles,3,0,COSAFA Cup,South Africa,True
2019-05-26,Namibia,Mozambique,2,1,COSAFA Cup,South Africa,True
2019-05-27,Comoros,Eswatini,2,2,COSAFA Cup,South Africa,True
2019-05-28,Laos,Sri Lanka,2,1,Friendly,Laos,False
2019-05-28,Malawi,Namibia,2,1,COSAFA Cup,South Africa,True
2019-05-28,Mozambique,Seychelles,0,0,COSAFA Cup,South Africa,True
2019-05-29,Comoros,Mauritius,2,1,COSAFA Cup,South Africa,True
2019-05-29,Cayman Islands,Cuba,0,0,Friendly,Cayman Islands,False
2019-05-30,Malawi,Mozambique,1,1,COSAFA Cup,South Africa,True
2019-05-30,Namibia,Seychelles,3,0,COSAFA Cup,South Africa,True
2019-05-30,Turkey,Greece,2,1,Friendly,Turkey,False
2019-05-31,Laos,Sri Lanka,2,2,Friendly,Laos,False
2019-05-31,Cayman Islands,Cuba,0,1,Friendly,Cayman Islands,False
2019-06-01,Lesotho,Uganda,0,0,COSAFA Cup,South Africa,True
2019-06-01,Zimbabwe,Comoros,2,0,COSAFA Cup,South Africa,True
2019-06-01,Ecuador,Venezuela,1,1,Friendly,United States,True
2019-06-02,Malaysia,Nepal,2,0,Friendly,Malaysia,False
2019-06-02,Turkey,Uzbekistan,2,0,Friendly,Turkey,False
2019-06-02,South Africa,Botswana,2,2,COSAFA Cup,South Africa,False
2019-06-02,Malawi,Zambia,2,2,COSAFA Cup,South Africa,True
2019-06-02,Luxembourg,Madagascar,3,3,Friendly,Luxembourg,False
2019-06-02,El Salvador,Haiti,1,0,Friendly,United States,True
2019-06-02,France,Bolivia,2,0,Friendly,France,False
2019-06-03,Colombia,Panama,3,0,Friendly,Colombia,False
2019-06-04,South Africa,Uganda,1,1,COSAFA Cup,South Africa,False
2019-06-04,Malawi,Comoros,2,1,COSAFA Cup,South Africa,True
2019-06-04,Vanuatu,Tahiti,2,0,Friendly tournament,Vanuatu,False
2019-06-05,Japan,Trinidad and Tobago,0,0,Friendly,Japan,False
2019-06-05,Curaçao,India,3,1,King's Cup,Thailand,True
2019-06-05,Thailand,Vietnam,0,1,King's Cup,Thailand,False
2019-06-05,Brazil,Qatar,2,0,Friendly,Brazil,False
2019-06-05,Zambia,Zimbabwe,0,0,COSAFA Cup,South Africa,True
2019-06-05,Botswana,Lesotho,2,1,COSAFA Cup,South Africa,True
2019-06-05,United States,Jamaica,0,1,Friendly,United States,False
2019-06-05,Peru,Costa Rica,1,0,Friendly,Peru,False
2019-06-05,Mexico,Venezuela,3,1,Friendly,United States,True
2019-06-05,Paraguay,Honduras,1,1,Friendly,Paraguay,False
2019-06-05,Portugal,Switzerland,3,1,European Nations League,Portugal,False
2019-06-06,Iran,Syria,5,0,Friendly,Iran,False
2019-06-06,Mongolia,Brunei,2,0,World Cup and Asian Cup qual,Mongolia,False
2019-06-06,Macao,Sri Lanka,1,0,World Cup and Asian Cup qual,China,True
2019-06-06,Taiwan,Nepal,1,1,Friendly,Taiwan,False
2019-06-06,Cambodia,Pakistan,2,0,World Cup and Asian Cup qual,Cambodia,False
2019-06-06,Laos,Bangladesh,0,1,World Cup and Asian Cup qual,Laos,False
2019-06-06,Bhutan,Guam,1,0,World Cup and Asian Cup qual,Bhutan,False
2019-06-06,Chile,Haiti,2,1,Friendly,Chile,False
2019-06-06,Bermuda,Guyana,1,0,Friendly,Bermuda,False
2019-06-06,Netherlands,England,3,1,European Nations League,Portugal,True
2019-06-07,China,Philippines,2,0,Friendly,China,False
2019-06-07,South Korea,Australia,1,0,Friendly,South Korea,False
2019-06-07,Tajikistan,Afghanistan,1,1,Friendly,Tajikistan,False
2019-06-07,Malaysia,East Timor,7,1,World Cup qualifier,Malaysia,False
2019-06-07,Uzbekistan,North Korea,4,0,Friendly,Uzbekistan,False
2019-06-07,Tunisia,Iraq,2,0,Friendly,Tunisia,False
2019-06-07,Slovakia,Jordan,5,1,Friendly,Slovakia,False
2019-06-07,South Africa,Malawi,0,0,COSAFA Cup,South Africa,False
2019-06-07,Kenya,Madagascar,1,0,Friendly,France,True
2019-06-07,Lesotho,Zimbabwe,2,2,COSAFA Cup,South Africa,True
2019-06-07,Gambia,Guinea,1,0,Friendly,Morocco,True
2019-06-07,Ivory Coast,Comoros,3,1,Friendly,France,True
2019-06-07,Argentina,Nicaragua,5,1,Friendly,Argentina,False
2019-06-07,Uruguay,Panama,3,0,Friendly,Uruguay,False
2019-06-07,Fiji,Tahiti,1,1,Friendly tournament,Vanuatu,True
2019-06-07,Austria,Slovenia,1,0,European Championship qual,Austria,False
2019-06-07,Sweden,Malta,3,0,European Championship qual,Sweden,False
2019-06-07,Norway,Romania,2,2,European Championship qual,Norway,False
2019-06-07,Lithuania,Luxembourg,1,1,European Championship qual,Lithuania,False
2019-06-07,Denmark,Ireland,1,1,European Championship qual,Denmark,False
2019-06-07,North Macedonia,Poland,0,1,European Championship qual,North Macedonia,False
2019-06-07,Faroe Islands,Spain,1,4,European Championship qual,Faroe Islands,False
2019-06-07,Latvia,Israel,0,3,European Championship qual,Latvia,False
2019-06-07,Czechia,Bulgaria,2,1,European Championship qual,Czechia,False
2019-06-07,Ukraine,Serbia,5,0,European Championship qual,Ukraine,False
2019-06-07,Montenegro,Kosovo,1,1,European Championship qual,Montenegro,False
2019-06-07,Georgia,Gibraltar,3,0,European Championship qual,Georgia,False
2019-06-08,Thailand,India,0,1,King's Cup,Thailand,False
2019-06-08,Curaçao,Vietnam,1,1,King's Cup,Thailand,True
2019-06-08,Singapore,Solomon Islands,4,3,Friendly,Singapore,False
2019-06-08,Nigeria,Zimbabwe,0,0,Friendly,Nigeria,False
2019-06-08,Zambia,Botswana,1,0,COSAFA Cup,South Africa,True
2019-06-08,Angola,Guinea-Bissau,2,0,Friendly,Portugal,True
2019-06-08,Scotland,Cyprus,2,1,European Championship qual,Scotland,False
2019-06-08,Croatia,Wales,2,1,European Championship qual,Croatia,False
2019-06-08,Estonia,Northern Ireland,1,2,European Championship qual,Estonia,False
2019-06-08,Azerbaijan,Hungary,1,3,European Championship qual,Azerbaijan,False
2019-06-08,Belgium,Kazakhstan,3,0,European Championship qual,Belgium,False
2019-06-08,Turkey,France,2,0,European Championship qual,Turkey,False
2019-06-08,Belarus,Germany,0,2,European Championship qual,Belarus,False
2019-06-08,Greece,Italy,0,3,European Championship qual,Greece,False
2019-06-08,Finland,Bosnia and Herzegovina,2,0,European Championship qual,Finland,False
2019-06-08,Russia,San Marino,9,0,European Championship qual,Russia,False
2019-06-08,Iceland,Albania,1,0,European Championship qual,Iceland,False
2019-06-08,Moldova,Andorra,1,0,European Championship qual,Moldova,False
2019-06-08,Armenia,Liechtenstein,3,0,European Championship qual,Armenia,False
2019-06-09,Japan,El Salvador,2,0,Friendly,Japan,False
2019-06-09,Turkmenistan,Uganda,0,0,Friendly,United Arab Emirates,True
2019-06-09,Cameroon,Zambia,2,1,Friendly,Spain,True
2019-06-09,Burkina Faso,DR Congo,0,0,Friendly,Spain,True
2019-06-09,Namibia,Ghana,1,0,Friendly,United Arab Emirates,True
2019-06-09,United States,Venezuela,0,3,Friendly,United States,False
2019-06-09,Paraguay,Guatemala,2,0,Friendly,Paraguay,False
2019-06-09,Mexico,Ecuador,3,2,Friendly,United States,True
2019-06-09,Brazil,Honduras,7,0,Friendly,Brazil,False
2019-06-09,Peru,Colombia,0,3,Friendly,Peru,False
2019-06-09,England,Switzerland,0,0,European Nations League,Portugal,True
2019-06-09,Portugal,Netherlands,1,0,European Nations League,Portugal,False
2019-06-10,Canada,Trinidad and Tobago,2,0,Friendly,United States,True
2019-06-10,Vanuatu,Fiji,0,0,Friendly tournament,Vanuatu,False
2019-06-10,North Macedonia,Austria,1,4,European Championship qual,North Macedonia,False
2019-06-10,Spain,Sweden,3,0,European Championship qual,Spain,False
2019-06-10,Faroe Islands,Norway,0,2,European Championship qual,Faroe Islands,False
2019-06-10,Ukraine,Luxembourg,1,0,European Championship qual,Ukraine,False
2019-06-10,Denmark,Georgia,5,1,European Championship qual,Denmark,False
2019-06-10,Poland,Israel,4,0,European Championship qual,Poland,False
2019-06-10,Malta,Romania,0,4,European Championship qual,Malta,False
2019-06-10,Latvia,Slovenia,0,5,European Championship qual,Latvia,False
2019-06-10,Serbia,Lithuania,4,1,European Championship qual,Serbia,False
2019-06-10,Bulgaria,Kosovo,2,3,European Championship qual,Bulgaria,False
2019-06-10,Ireland,Gibraltar,2,0,European Championship qual,Ireland,False
2019-06-10,Czechia,Montenegro,3,0,European Championship qual,Czechia,False
2019-06-11,China,Tajikistan,1,0,Friendly,China,False
2019-06-11,Jordan,Indonesia,4,1,Friendly,Jordan,False
2019-06-11,South Korea,Iran,1,1,Friendly,South Korea,False
2019-06-11,Brunei,Mongolia,2,1,World Cup and Asian Cup qual,Brunei,False
2019-06-11,Uzbekistan,Syria,2,0,Friendly,Uzbekistan,False
2019-06-11,Hong Kong,Taiwan,0,2,Friendly,Hong Kong,False
2019-06-11,Singapore,Myanmar,1,2,Friendly,Singapore,False
2019-06-11,Cambodia,Pakistan,2,1,World Cup and Asian Cup qual,Qatar,True
2019-06-11,Malaysia,East Timor,5,1,World Cup qualifier,Malaysia,False
2019-06-11,Kyrgyzstan,Palestine,2,2,Friendly,Kyrgyzstan,False
2019-06-11,Bangladesh,Laos,0,0,World Cup and Asian Cup qual,Bangladesh,False
2019-06-11,Guam,Bhutan,5,0,World Cup and Asian Cup qual,Guam,False
2019-06-11,Algeria,Burundi,1,1,Friendly,Qatar,True
2019-06-11,Croatia,Tunisia,1,2,Friendly,Croatia,False
2019-06-11,Benin,Guinea,1,0,Friendly,Morocco,True
2019-06-11,Haiti,Guyana,3,1,Friendly,Costa Rica,True
2019-06-11,Belgium,Scotland,3,0,European Championship qual,Belgium,False
2019-06-11,Hungary,Wales,1,0,European Championship qual,Hungary,False
2019-06-11,Belarus,Northern Ireland,0,1,European Championship qual,Belarus,False
2019-06-11,Andorra,France,0,4,European Championship qual,Andorra,False
2019-06-11,Germany,Estonia,8,0,European Championship qual,Germany,False
2019-06-11,Italy,Bosnia and Herzegovina,2,1,European Championship qual,Italy,False
2019-06-11,Liechtenstein,Finland,0,2,European Championship qual,Liechtenstein,False
2019-06-11,Russia,Cyprus,1,0,European Championship qual,Russia,False
2019-06-11,Iceland,Turkey,2,1,European Championship qual,Iceland,False
2019-06-11,Greece,Armenia,2,3,European Championship qual,Greece,False
2019-06-11,Azerbaijan,Slovakia,1,5,European Championship qual,Azerbaijan,False
2019-06-11,Albania,Moldova,2,0,European Championship qual,Albania,False
2019-06-11,Kazakhstan,San Marino,4,0,European Championship qual,Kazakhstan,False
2019-06-12,Morocco,Gambia,0,1,Friendly,Morocco,False
2019-06-13,Egypt,Tanzania,1,0,Friendly,Egypt,False
2019-06-14,Mauritania,Madagascar,3,1,Friendly,Morocco,True
2019-06-14,Cameroon,Mali,1,1,Friendly,Qatar,True
2019-06-14,Brazil,Bolivia,3,0,Copa America,Brazil,False
2019-06-15,Indonesia,Vanuatu,6,0,Friendly,Indonesia,False
2019-06-15,Ghana,South Africa,0,0,Friendly,United Arab Emirates,True
2019-06-15,DR Congo,Kenya,1,1,Friendly,Spain,True
2019-06-15,Uganda,Ivory Coast,1,0,Friendly,United Arab Emirates,True
2019-06-15,Canada,Martinique,4,0,CONCACAF Championship,United States,True
2019-06-15,Mexico,Cuba,7,0,CONCACAF Championship,United States,True
2019-06-15,Colombia,Argentina,2,0,Copa America,Brazil,True
2019-06-15,Peru,Venezuela,0,0,Copa America,Brazil,True
2019-06-16,Paraguay,Qatar,2,2,Copa America,Brazil,True
2019-06-16,Egypt,Guinea,3,1,Friendly,Egypt,False
2019-06-16,Tanzania,Zimbabwe,1,1,Friendly,Egypt,True
2019-06-16,Morocco,Zambia,2,3,Friendly,Morocco,False
2019-06-16,Senegal,Nigeria,1,0,Friendly,Egypt,True
2019-06-16,Algeria,Mali,3,2,Friendly,Qatar,True
2019-06-16,Costa Rica,Nicaragua,4,0,CONCACAF Championship,Costa Rica,False
2019-06-16,Haiti,Bermuda,2,1,CONCACAF Championship,Costa Rica,True
2019-06-16,Uruguay,Ecuador,4,0,Copa America,Brazil,True
2019-06-17,Chile,Japan,4,0,Copa America,Brazil,True
2019-06-17,Tunisia,Burundi,2,1,Friendly,Tunisia,False
2019-06-17,El Salvador,Curaçao,1,0,CONCACAF Championship,Jamaica,True
2019-06-17,Jamaica,Honduras,3,2,CONCACAF Championship,Jamaica,False
2019-06-18,Benin,Mauritania,3,1,Friendly,Morocco,True
2019-06-18,United States,Guyana,4,0,CONCACAF Championship,United States,False
2019-06-18,Panama,Trinidad and Tobago,2,0,CONCACAF Championship,United States,True
2019-06-18,Brazil,Venezuela,0,0,Copa America,Brazil,False
2019-06-18,Peru,Bolivia,3,1,Copa America,Brazil,True
2019-06-19,Colombia,Qatar,1,0,Copa America,Brazil,True
2019-06-19,Ivory Coast,Zambia,4,1,Friendly,United Arab Emirates,True
2019-06-19,Mexico,Canada,3,1,CONCACAF Championship,United States,True
2019-06-19,Martinique,Cuba,3,0,CONCACAF Championship,United States,True
2019-06-19,Argentina,Paraguay,1,1,Copa America,Brazil,True
2019-06-20,Japan,Uruguay,2,2,Copa America,Brazil,True
2019-06-20,Costa Rica,Bermuda,2,1,CONCACAF Championship,United States,True
2019-06-20,Haiti,Nicaragua,2,0,CONCACAF Championship,United States,True
2019-06-21,Egypt,Zimbabwe,1,0,African Nations Cup,Egypt,False
2019-06-21,El Salvador,Jamaica,0,0,CONCACAF Championship,United States,True
2019-06-21,Curaçao,Honduras,1,0,CONCACAF Championship,United States,True
2019-06-21,Chile,Ecuador,2,1,Copa America,Brazil,True
2019-06-22,Uganda,DR Congo,2,0,African Nations Cup,Egypt,True
2019-06-22,Guinea,Madagascar,2,2,African Nations Cup,Egypt,True
2019-06-22,Nigeria,Burundi,1,0,African Nations Cup,Egypt,True
2019-06-22,United States,Trinidad and Tobago,6,0,CONCACAF Championship,United States,False
2019-06-22,Panama,Guyana,4,2,CONCACAF Championship,United States,True
2019-06-22,Brazil,Peru,5,0,Copa America,Brazil,False
2019-06-22,Venezuela,Bolivia,3,1,Copa America,Brazil,True
2019-06-23,Argentina,Qatar,2,0,Copa America,Brazil,True
2019-06-23,Algeria,Kenya,2,0,African Nations Cup,Egypt,True
2019-06-23,Senegal,Tanzania,2,0,African Nations Cup,Egypt,True
2019-06-23,Morocco,Namibia,1,0,African Nations Cup,Egypt,True
2019-06-23,Canada,Cuba,7,0,CONCACAF Championship,United States,True
2019-06-23,Mexico,Martinique,3,2,CONCACAF Championship,United States,True
2019-06-23,Colombia,Paraguay,1,0,Copa America,Brazil,True
2019-06-24,Ecuador,Japan,1,1,Copa America,Brazil,True
2019-06-24,Ivory Coast,South Africa,1,0,African Nations Cup,Egypt,True
2019-06-24,Angola,Tunisia,1,1,African Nations Cup,Egypt,True
2019-06-24,Mali,Mauritania,4,1,African Nations Cup,Egypt,True
2019-06-24,Haiti,Costa Rica,2,1,CONCACAF Championship,United States,True
2019-06-24,Bermuda,Nicaragua,2,0,CONCACAF Championship,United States,True
2019-06-24,Uruguay,Chile,1,0,Copa America,Brazil,True
2019-06-25,Benin,Ghana,2,2,African Nations Cup,Egypt,True
2019-06-25,Cameroon,Guinea-Bissau,2,0,African Nations Cup,Egypt,True
2019-06-25,Honduras,El Salvador,4,0,CONCACAF Championship,United States,True
2019-06-25,Curaçao,Jamaica,1,1,CONCACAF Championship,United States,True
2019-06-26,Egypt,DR Congo,2,0,African Nations Cup,Egypt,False
2019-06-26,Uganda,Zimbabwe,1,1,African Nations Cup,Egypt,True
2019-06-26,Nigeria,Guinea,1,0,African Nations Cup,Egypt,True
2019-06-26,United States,Panama,1,0,CONCACAF Championship,United States,False
2019-06-26,Guyana,Trinidad and Tobago,1,1,CONCACAF Championship,United States,True
2019-06-27,Kenya,Tanzania,3,2,African Nations Cup,Egypt,True
2019-06-27,Madagascar,Burundi,1,0,African Nations Cup,Egypt,True
2019-06-27,Algeria,Senegal,1,0,African Nations Cup,Egypt,True
2019-06-27,Brazil,Paraguay,0,0,Copa America,Brazil,False
2019-06-28,South Africa,Namibia,1,0,African Nations Cup,Egypt,True
2019-06-28,Mali,Tunisia,1,1,African Nations Cup,Egypt,True
2019-06-28,Morocco,Ivory Coast,1,0,African Nations Cup,Egypt,True
2019-06-28,Argentina,Venezuela,2,0,Copa America,Brazil,True
2019-06-28,Chile,Colombia,0,0,Copa America,Brazil,True
2019-06-29,Cameroon,Ghana,0,0,African Nations Cup,Egypt,True
2019-06-29,Benin,Guinea-Bissau,0,0,African Nations Cup,Egypt,True
2019-06-29,Angola,Mauritania,0,0,African Nations Cup,Egypt,True
2019-06-29,Haiti,Canada,3,2,CONCACAF Championship,United States,True
2019-06-29,Costa Rica,Mexico,1,1,CONCACAF Championship,United States,True
2019-06-29,Peru,Uruguay,0,0,Copa America,Brazil,True
2019-06-30,Egypt,Uganda,2,0,African Nations Cup,Egypt,False
2019-06-30,DR Congo,Zimbabwe,4,0,African Nations Cup,Egypt,True
2019-06-30,Madagascar,Nigeria,2,0,African Nations Cup,Egypt,True
2019-06-30,Guinea,Burundi,2,0,African Nations Cup,Egypt,True
2019-06-30,United States,Curaçao,1,0,CONCACAF Championship,United States,False
2019-06-30,Jamaica,Panama,1,0,CONCACAF Championship,United States,True
2019-07-01,Morocco,South Africa,1,0,African Nations Cup,Egypt,True
2019-07-01,Senegal,Kenya,3,0,African Nations Cup,Egypt,True
2019-07-01,Algeria,Tanzania,3,0,African Nations Cup,Egypt,True
2019-07-01,Ivory Coast,Namibia,4,1,African Nations Cup,Egypt,True
2019-07-02,Ghana,Guinea-Bissau,2,0,African Nations Cup,Egypt,True
2019-07-02,Mauritania,Tunisia,0,0,African Nations Cup,Egypt,True
2019-07-02,Benin,Cameroon,0,0,African Nations Cup,Egypt,True
2019-07-02,Mali,Angola,1,0,African Nations Cup,Egypt,True
2019-07-02,Mexico,Haiti,1,0,CONCACAF Championship,United States,True
2019-07-02,Brazil,Argentina,2,0,Copa America,Brazil,False
2019-07-03,United States,Jamaica,3,1,CONCACAF Championship,United States,False
2019-07-03,Peru,Chile,3,0,Copa America,Brazil,True
2019-07-05,Senegal,Uganda,1,0,African Nations Cup,Egypt,True
2019-07-05,Benin,Morocco,1,1,African Nations Cup,Egypt,True
2019-07-06,Egypt,South Africa,0,1,African Nations Cup,Egypt,False
2019-07-06,Nigeria,Cameroon,3,2,African Nations Cup,Egypt,True
2019-07-06,Argentina,Chile,2,1,Copa America,Brazil,True
2019-07-07,India,Tajikistan,2,4,Friendly tournament,India,False
2019-07-07,DR Congo,Madagascar,2,2,African Nations Cup,Egypt,True
2019-07-07,Algeria,Guinea,3,0,African Nations Cup,Egypt,True
2019-07-07,United States,Mexico,0,1,CONCACAF Championship,United States,False
2019-07-07,Brazil,Peru,3,1,Copa America,Brazil,False
2019-07-08,Syria,North Korea,5,2,Friendly tournament,India,True
2019-07-08,Ghana,Tunisia,1,1,African Nations Cup,Egypt,True
2019-07-08,Ivory Coast,Mali,1,0,African Nations Cup,Egypt,True
2019-07-08,New Caledonia,Eastern Samoa,5,0,Pacific Games,Samoa,True
2019-07-08,Fiji,Tahiti,2,1,Pacific Games,Samoa,True
2019-07-08,Samoa,Papua New Guinea,0,6,Pacific Games,Samoa,False
2019-07-08,Solomon Islands,Tuvalu,13,0,Pacific Games,Samoa,True
2019-07-10,Tajikistan,Syria,2,0,Friendly tournament,India,True
2019-07-10,Nigeria,South Africa,2,1,African Nations Cup,Egypt,True
2019-07-10,Senegal,Benin,1,0,African Nations Cup,Egypt,True
2019-07-10,New Caledonia,Solomon Islands,2,0,Pacific Games,Samoa,True
2019-07-10,Papua New Guinea,Vanuatu,2,0,Pacific Games,Samoa,True
2019-07-10,Fiji,Eastern Samoa,9,0,Pacific Games,Samoa,True
2019-07-10,Tahiti,Tuvalu,7,0,Pacific Games,Samoa,True
2019-07-11,Tunisia,Madagascar,3,0,African Nations Cup,Egypt,True
2019-07-11,Algeria,Ivory Coast,1,1,African Nations Cup,Egypt,True
2019-07-12,New Caledonia,Fiji,1,0,Pacific Games,Samoa,True
2019-07-12,Tahiti,Solomon Islands,3,0,Pacific Games,Samoa,True
2019-07-12,Samoa,Tonga,2,0,Pacific Games,Samoa,False
2019-07-12,Eastern Samoa,Tuvalu,1,1,Pacific Games,Samoa,True
2019-07-13,India,North Korea,2,5,Friendly tournament,India,False
2019-07-14,Algeria,Nigeria,2,1,African Nations Cup,Egypt,True
2019-07-14,Senegal,Tunisia,1,0,African Nations Cup,Egypt,True
2019-07-15,North Korea,Tajikistan,1,0,Friendly tournament,India,True
2019-07-15,New Caledonia,Tahiti,3,0,Pacific Games,Samoa,True
2019-07-15,Vanuatu,Tonga,14,0,Pacific Games,Samoa,True
2019-07-15,Fiji,Tuvalu,10,1,Pacific Games,Samoa,True
2019-07-15,Solomon Islands,Eastern Samoa,13,0,Pacific Games,Samoa,True
2019-07-16,India,Syria,1,1,Friendly tournament,India,False
2019-07-17,Nigeria,Tunisia,1,0,African Nations Cup,Egypt,True
2019-07-18,Reunion,Maldives,4,0,Indian Ocean Games,Mauritius,True
2019-07-18,Mauritius,Seychelles,1,1,Indian Ocean Games,Mauritius,False
2019-07-18,Mayotte,Comoros,2,0,Indian Ocean Games,Mauritius,True
2019-07-18,New Caledonia,Tuvalu,11,0,Pacific Games,Samoa,True
2019-07-18,Samoa,Vanuatu,0,11,Pacific Games,Samoa,False
2019-07-18,Fiji,Solomon Islands,4,4,Pacific Games,Samoa,True
2019-07-18,Tahiti,Eastern Samoa,8,1,Pacific Games,Samoa,True
2019-07-18,Papua New Guinea,Tonga,8,0,Pacific Games,Samoa,True
2019-07-19,North Korea,Tajikistan,1,0,Friendly tournament,India,True
2019-07-19,Algeria,Senegal,1,0,African Nations Cup,Egypt,True
2019-07-20,Comoros,Maldives,3,0,Indian Ocean Games,Mauritius,True
2019-07-20,Madagascar,Seychelles,0,0,Indian Ocean Games,Mauritius,True
2019-07-20,Reunion,Mayotte,1,0,Indian Ocean Games,Mauritius,True
2019-07-20,Fiji,Papua New Guinea,1,1,Pacific Games,Samoa,True
2019-07-22,Mayotte,Maldives,3,1,Indian Ocean Games,Mauritius,True
2019-07-22,Mauritius,Madagascar,1,1,Indian Ocean Games,Mauritius,False
2019-07-22,Comoros,Reunion,1,0,Indian Ocean Games,Mauritius,True
2019-07-22,Djibouti,Somalia,1,0,Friendly,Djibouti,False
2019-07-24,Mauritius,Mayotte,1,0,Indian Ocean Games,Mauritius,False
2019-07-24,Reunion,Seychelles,4,0,Indian Ocean Games,Mauritius,True
2019-07-26,Mayotte,Seychelles,3,1,Indian Ocean Games,Mauritius,True
2019-07-28,Mauritius,Reunion,1,1,Indian Ocean Games,Mauritius,False
2019-07-30,Iraq,Lebanon,1,0,West Asian Championship,Iraq,False
2019-07-30,Palestine,Yemen,1,0,West Asian Championship,Iraq,True
2019-08-02,Lebanon,Syria,2,1,West Asian Championship,Iraq,True
2019-08-02,Iraq,Palestine,2,1,West Asian Championship,Iraq,False
2019-08-04,Kuwait,Saudi Arabia,2,1,West Asian Championship,Iraq,True
2019-08-04,Bahrain,Jordan,1,0,West Asian Championship,Iraq,True
2019-08-05,Lebanon,Palestine,0,0,West Asian Championship,Iraq,True
2019-08-05,Syria,Yemen,1,1,West Asian Championship,Iraq,True
2019-08-07,Jordan,Kuwait,1,1,West Asian Championship,Iraq,True
2019-08-07,Bahrain,Saudi Arabia,0,0,West Asian Championship,Iraq,True
2019-08-08,Yemen,Lebanon,2,1,West Asian Championship,Iraq,True
2019-08-08,Iraq,Syria,0,0,West Asian Championship,Iraq,False
2019-08-10,Bahrain,Kuwait,1,0,West Asian Championship,Iraq,True
2019-08-10,Jordan,Saudi Arabia,3,0,West Asian Championship,Iraq,True
2019-08-11,Palestine,Syria,4,3,West Asian Championship,Iraq,True
2019-08-11,Iraq,Yemen,2,1,West Asian Championship,Iraq,False
2019-08-11,St Vincent & Grenadines,Trinidad and Tobago,1,0,Friendly,St Vincent & Grenadines,False
2019-08-14,Iraq,Bahrain,0,1,West Asian Championship,Iraq,False
2019-08-14,Dominican Republic,Guatemala,0,0,Friendly,Dominican Republic,False
2019-08-18,Sint Maarten,Anguilla,2,0,Friendly,Sint Maarten,False
2019-08-25,Saint Kitts and Nevis,Antigua and Barbuda,3,0,Friendly,Saint Kitts and Nevis,False
2019-08-27,Saint Kitts and Nevis,Antigua and Barbuda,4,3,Friendly,Saint Kitts and Nevis,False
2019-08-28,Oman,Yemen,1,0,Friendly,Oman,False
2019-08-29,Taiwan,Guam,3,0,Friendly,Taiwan,False
2019-08-30,China,Myanmar,4,1,Friendly,China,False
2019-08-30,Malaysia,Jordan,0,1,Friendly,Malaysia,False
2019-08-30,United Arab Emirates,Dominican Republic,4,0,Friendly,Bahrain,True
2019-08-30,Belize,St Vincent & Grenadines,1,1,Friendly,Belize,False
2019-08-31,United Arab Emirates,Sri Lanka,5,1,Friendly,Bahrain,True
2019-09-01,Belize,St Vincent & Grenadines,1,0,Friendly,Belize,False
2019-09-04,Burundi,Tanzania,1,1,World Cup qualifier,Burundi,False
2019-09-04,Mauritius,Mozambique,0,1,World Cup qualifier,Mauritius,False
2019-09-04,Djibouti,Eswatini,2,1,World Cup qualifier,Djibouti,False
2019-09-04,Ethiopia,Lesotho,0,0,World Cup qualifier,Ethiopia,False
2019-09-04,Liberia,Sierra Leone,3,1,World Cup qualifier,Liberia,False
2019-09-04,Sao Tome and Principe,Guinea-Bissau,0,1,World Cup qualifier,Sao Tome and Principe,False
2019-09-04,Burkina Faso,Libya,1,0,Friendly,Morocco,True
2019-09-04,Equatorial Guinea,South Sudan,1,1,World Cup qualifier,Sudan,True
2019-09-04,Eritrea,Namibia,1,2,World Cup qualifier,Eritrea,False
2019-09-05,Japan,Paraguay,2,0,Friendly,Japan,False
2019-09-05,Philippines,Syria,2,5,World Cup and Asian Cup qual,Philippines,False
2019-09-05,Indonesia,Malaysia,2,3,World Cup and Asian Cup qual,Indonesia,False
2019-09-05,India,Oman,1,2,World Cup and Asian Cup qual,India,False
2019-09-05,North Korea,Lebanon,2,0,World Cup and Asian Cup qual,North Korea,False
2019-09-05,Qatar,Afghanistan,6,0,World Cup and Asian Cup qual,Qatar,False
2019-09-05,Mongolia,Myanmar,1,0,World Cup and Asian Cup qual,Mongolia,False
2019-09-05,Georgia,South Korea,2,2,Friendly,Turkey,True
2019-09-05,Thailand,Vietnam,0,0,World Cup and Asian Cup qual,Thailand,False
2019-09-05,Taiwan,Jordan,1,2,World Cup and Asian Cup qual,Taiwan,False
2019-09-05,Sri Lanka,Turkmenistan,0,2,World Cup and Asian Cup qual,Sri Lanka,False
2019-09-05,Cambodia,Hong Kong,1,1,World Cup and Asian Cup qual,Cambodia,False
2019-09-05,Singapore,Yemen,2,2,World Cup and Asian Cup qual,Singapore,False
2019-09-05,Tajikistan,Kyrgyzstan,1,0,World Cup and Asian Cup qual,Tajikistan,False
2019-09-05,Bahrain,Iraq,1,1,World Cup and Asian Cup qual,Bahrain,False
2019-09-05,Kuwait,Nepal,7,0,World Cup and Asian Cup qual,Kuwait,False
2019-09-05,Saudi Arabia,Mali,1,1,Friendly,Saudi Arabia,False
2019-09-05,Palestine,Uzbekistan,2,0,World Cup and Asian Cup qual,Palestine,False
2019-09-05,Guam,Maldives,0,1,World Cup and Asian Cup qual,Guam,False
2019-09-05,Somalia,Zimbabwe,1,0,World Cup qualifier,Djibouti,True
2019-09-05,Chad,Sudan,1,3,World Cup qualifier,Chad,False
2019-09-05,Seychelles,Rwanda,0,3,World Cup qualifier,Seychelles,False
2019-09-05,Guatemala,Anguilla,10,0,CONCACAF Nations League C,Guatemala,False
2019-09-05,Honduras,Puerto Rico,4,0,Friendly,Honduras,False
2019-09-05,Barbados,Saint Martin,4,0,CONCACAF Nations League C,Barbados,False
2019-09-05,Nicaragua,St Vincent & Grenadines,1,1,CONCACAF Nations League B,Nicaragua,False
2019-09-05,Dominica,Suriname,1,2,CONCACAF Nations League B,Dominica,False
2019-09-05,Grenada,Saint Kitts and Nevis,2,1,CONCACAF Nations League B,Grenada,False
2019-09-05,Bermuda,Panama,1,4,CONCACAF Nations League A,Bermuda,False
2019-09-05,US Virgin Islands,Cayman Islands,0,2,CONCACAF Nations League C,US Virgin Islands,False
2019-09-05,Argentina,Chile,0,0,Friendly,United States,True
2019-09-05,Ecuador,Peru,1,0,Friendly,United States,True
2019-09-05,Northern Ireland,Luxembourg,1,0,Friendly,Northern Ireland,False
2019-09-05,Montenegro,Hungary,2,1,Friendly,Montenegro,False
2019-09-05,Ireland,Switzerland,1,1,European Championship qual,Ireland,False
2019-09-05,Faroe Islands,Sweden,0,4,European Championship qual,Faroe Islands,False
2019-09-05,Norway,Malta,2,0,European Championship qual,Norway,False
2019-09-05,Armenia,Italy,1,3,European Championship qual,Armenia,False
2019-09-05,Finland,Greece,1,0,European Championship qual,Finland,False
2019-09-05,Gibraltar,Denmark,0,6,European Championship qual,Gibraltar,False
2019-09-05,Romania,Spain,1,2,European Championship qual,Romania,False
2019-09-05,Israel,North Macedonia,1,1,European Championship qual,Israel,False
2019-09-05,Bosnia and Herzegovina,Liechtenstein,5,0,European Championship qual,Bosnia and Herzegovina,False
2019-09-06,Gambia,Angola,0,1,World Cup qualifier,The Gambia,True
2019-09-06,Comoros,Togo,1,1,World Cup qualifier,Comoros,False
2019-09-06,Tunisia,Mauritania,1,0,Friendly,Tunisia,False
2019-09-06,Morocco,Burkina Faso,1,1,Friendly,Morocco,False
2019-09-06,Benin,Ivory Coast,2,1,Friendly,France,True
2019-09-06,United States,Mexico,0,3,Friendly,United States,False
2019-09-06,Costa Rica,Uruguay,1,2,Friendly,Costa Rica,False
2019-09-06,Guyana,Aruba,1,0,CONCACAF Nations League B,Curaçao,True
2019-09-06,Jamaica,Antigua and Barbuda,6,0,CONCACAF Nations League B,Jamaica,False
2019-09-06,Martinique,Trinidad and Tobago,1,1,CONCACAF Nations League A,Martinique,False
2019-09-06,Bonaire,British Virgin Islands,4,2,CONCACAF Nations League C,Curaçao,True
2019-09-06,Brazil,Colombia,2,2,Friendly,United States,True
2019-09-06,Scotland,Russia,1,2,European Championship qual,Scotland,False
2019-09-06,Wales,Azerbaijan,2,1,European Championship qual,Wales,False
2019-09-06,Austria,Latvia,6,0,European Championship qual,Austria,False
2019-09-06,San Marino,Belgium,0,4,European Championship qual,San Marino,False
2019-09-06,Germany,Netherlands,2,4,European Championship qual,Germany,False
2019-09-06,Estonia,Belarus,1,2,European Championship qual,Estonia,False
2019-09-06,Slovenia,Poland,2,0,European Championship qual,Slovenia,False
2019-09-06,Slovakia,Croatia,0,4,European Championship qual,Slovakia,False
2019-09-06,Cyprus,Kazakhstan,1,1,European Championship qual,Cyprus,False
2019-09-07,Libya,Niger,2,0,Friendly,Morocco,True
2019-09-07,Botswana,Malawi,0,0,World Cup qualifier,Botswana,False
2019-09-07,Canada,Cuba,6,0,CONCACAF Nations League A,Canada,False
2019-09-07,El Salvador,Saint Lucia,3,0,CONCACAF Nations League B,El Salvador,False
2019-09-07,Curaçao,Haiti,1,0,CONCACAF Nations League A,Curaçao,False
2019-09-07,Guadeloupe,Sint Maarten,5,1,CONCACAF Nations League C,Guadeloupe,False
2019-09-07,Montserrat,Dominican Republic,2,1,CONCACAF Nations League B,Montserrat,False
2019-09-07,England,Bulgaria,4,0,European Championship qual,England,False
2019-09-07,France,Albania,4,1,European Championship qual,France,False
2019-09-07,Serbia,Portugal,2,4,European Championship qual,Serbia,False
2019-09-07,Lithuania,Ukraine,0,3,European Championship qual,Lithuania,False
2019-09-07,Turkey,Andorra,1,0,European Championship qual,Turkey,False
2019-09-07,Iceland,Moldova,3,0,European Championship qual,Iceland,False
2019-09-07,Kosovo,Czechia,2,1,European Championship qual,Kosovo,False
2019-09-08,Kenya,Uganda,1,1,Friendly,Kenya,False
2019-09-08,Tanzania,Burundi,1,1,World Cup qualifier,Tanzania,False
2019-09-08,Lesotho,Ethiopia,1,1,World Cup qualifier,Lesotho,False
2019-09-08,Sierra Leone,Liberia,1,0,World Cup qualifier,Sierra Leone,False
2019-09-08,Equatorial Guinea,South Sudan,1,0,World Cup qualifier,Equatorial Guinea,False
2019-09-08,Cayman Islands,Barbados,3,2,CONCACAF Nations League C,Cayman Islands,False
2019-09-08,Suriname,Nicaragua,6,0,CONCACAF Nations League B,Suriname,False
2019-09-08,St Vincent & Grenadines,Dominica,1,0,CONCACAF Nations League B,St Vincent & Grenadines,False
2019-09-08,Saint Kitts and Nevis,French Guiana,2,2,CONCACAF Nations League B,Saint Kitts and Nevis,False
2019-09-08,Belize,Grenada,1,2,CONCACAF Nations League B,Belize,False
2019-09-08,Panama,Bermuda,0,2,CONCACAF Nations League A,Panama,False
2019-09-08,US Virgin Islands,Saint Martin,2,1,CONCACAF Nations League C,Anguilla,True
2019-09-08,Switzerland,Gibraltar,4,0,European Championship qual,Switzerland,False
2019-09-08,Sweden,Norway,1,1,European Championship qual,Sweden,False
2019-09-08,Finland,Italy,1,2,European Championship qual,Finland,False
2019-09-08,Georgia,Denmark,0,0,European Championship qual,Georgia,False
2019-09-08,Spain,Faroe Islands,4,0,European Championship qual,Spain,False
2019-09-08,Romania,Malta,1,0,European Championship qual,Romania,False
2019-09-08,Greece,Liechtenstein,1,1,European Championship qual,Greece,False
2019-09-08,Armenia,Bosnia and Herzegovina,4,2,European Championship qual,Armenia,False
2019-09-09,Iraq,Uzbekistan,0,0,Friendly,Jordan,True
2019-09-09,Algeria,Benin,1,0,Friendly,Algeria,False
2019-09-09,Antigua and Barbuda,Aruba,2,1,CONCACAF Nations League B,Antigua and Barbuda,False
2019-09-09,Guyana,Jamaica,0,4,CONCACAF Nations League B,Guyana,False
2019-09-09,Trinidad and Tobago,Martinique,2,2,CONCACAF Nations League A,Trinidad and Tobago,False
2019-09-09,Bahamas,Bonaire,2,1,CONCACAF Nations League C,Bahamas,False
2019-09-09,Scotland,Belgium,0,4,European Championship qual,Scotland,False
2019-09-09,Wales,Belarus,1,0,Friendly,Wales,False
2019-09-09,Northern Ireland,Germany,0,2,European Championship qual,Northern Ireland,False
2019-09-09,Poland,Austria,0,0,European Championship qual,Poland,False
2019-09-09,Hungary,Slovakia,1,2,European Championship qual,Hungary,False
2019-09-09,Estonia,Netherlands,0,4,European Championship qual,Estonia,False
2019-09-09,Russia,Kazakhstan,1,0,European Championship qual,Russia,False
2019-09-09,Latvia,North Macedonia,0,2,European Championship qual,Latvia,False
2019-09-09,Slovenia,Israel,3,2,European Championship qual,Slovenia,False
2019-09-09,Azerbaijan,Croatia,1,1,European Championship qual,Azerbaijan,False
2019-09-09,San Marino,Cyprus,0,4,European Championship qual,San Marino,False
2019-09-10,Myanmar,Japan,0,2,World Cup and Asian Cup qual,Myanmar,False
2019-09-10,Guam,Philippines,1,4,World Cup and Asian Cup qual,Guam,False
2019-09-10,Kuwait,Australia,0,3,World Cup and Asian Cup qual,Kuwait,False
2019-09-10,Maldives,China,0,5,World Cup and Asian Cup qual,Maldives,False
2019-09-10,Indonesia,Thailand,0,3,World Cup and Asian Cup qual,Indonesia,False
2019-09-10,Qatar,India,0,0,World Cup and Asian Cup qual,Qatar,False
2019-09-10,Oman,Lebanon,1,0,Friendly,Oman,False
2019-09-10,Afghanistan,Bangladesh,1,0,World Cup and Asian Cup qual,Tajikistan,True
2019-09-10,Hong Kong,Iran,0,2,World Cup and Asian Cup qual,Hong Kong,False
2019-09-10,Mongolia,Tajikistan,0,1,World Cup and Asian Cup qual,Mongolia,False
2019-09-10,Turkmenistan,South Korea,0,2,World Cup and Asian Cup qual,Turkmenistan,False
2019-09-10,Taiwan,Nepal,0,2,World Cup and Asian Cup qual,Taiwan,False
2019-09-10,Sri Lanka,North Korea,0,1,World Cup and Asian Cup qual,Sri Lanka,False
2019-09-10,Singapore,Palestine,2,1,World Cup and Asian Cup qual,Singapore,False
2019-09-10,Malaysia,United Arab Emirates,1,2,World Cup and Asian Cup qual,Malaysia,False
2019-09-10,Cambodia,Bahrain,0,1,World Cup and Asian Cup qual,Cambodia,False
2019-09-10,Jordan,Paraguay,2,4,Friendly,Jordan,False
2019-09-10,Saudi Arabia,Yemen,2,2,World Cup and Asian Cup qual,Bahrain,True
2019-09-10,Zimbabwe,Somalia,3,1,World Cup qualifier,Zimbabwe,False
2019-09-10,Mozambique,Mauritius,2,0,World Cup qualifier,Mozambique,False
2019-09-10,Eswatini,Djibouti,0,0,World Cup qualifier,Eswatini,False
2019-09-10,Ukraine,Nigeria,2,2,Friendly,Ukraine,False
2019-09-10,Angola,Gambia,2,1,World Cup qualifier,Angola,False
2019-09-10,Guinea-Bissau,Sao Tome and Principe,2,1,World Cup qualifier,Guinea-Bissau,False
2019-09-10,Togo,Comoros,2,0,World Cup qualifier,Togo,False
2019-09-10,Sudan,Chad,0,0,World Cup qualifier,Sudan,False
2019-09-10,Ivory Coast,Tunisia,2,1,Friendly,France,True
2019-09-10,Malawi,Botswana,1,0,World Cup qualifier,Malawi,False
2019-09-10,Morocco,Niger,1,0,Friendly,Morocco,False
2019-09-10,Rwanda,Seychelles,7,0,World Cup qualifier,Rwanda,False
2019-09-10,Namibia,Eritrea,2,0,World Cup qualifier,Namibia,False
2019-09-10,United States,Uruguay,1,1,Friendly,United States,False
2019-09-10,Canada,Cuba,1,0,CONCACAF Nations League A,Cayman Islands,True
2019-09-10,Dominican Republic,El Salvador,1,0,CONCACAF Nations League B,Dominican Republic,False
2019-09-10,Puerto Rico,Guatemala,0,5,CONCACAF Nations League C,Puerto Rico,False
2019-09-10,Argentina,Mexico,4,0,Friendly,United States,True
2019-09-10,Haiti,Curaçao,1,1,CONCACAF Nations League A,Haiti,False
2019-09-10,Honduras,Chile,2,1,Friendly,Honduras,False
2019-09-10,Turks and Caicos Islands,Guadeloupe,0,3,CONCACAF Nations League C,Turks and Caicos Islands,False
2019-09-10,Montserrat,Saint Lucia,1,1,CONCACAF Nations League B,Montserrat,False
2019-09-10,Peru,Brazil,1,0,Friendly,United States,True
2019-09-10,Ecuador,Bolivia,3,0,Friendly,Ecuador,False
2019-09-10,Colombia,Venezuela,0,0,Friendly,United States,True
2019-09-10,England,Kosovo,5,3,European Championship qual,England,False
2019-09-10,France,Andorra,3,0,European Championship qual,France,False
2019-09-10,Luxembourg,Serbia,1,3,European Championship qual,Luxembourg,False
2019-09-10,Lithuania,Portugal,1,5,European Championship qual,Lithuania,False
2019-09-10,Moldova,Turkey,0,4,European Championship qual,Moldova,False
2019-09-10,Ireland,Bulgaria,3,1,Friendly,Ireland,False
2019-09-10,Albania,Iceland,4,2,European Championship qual,Albania,False
2019-09-10,Montenegro,Czechia,0,3,European Championship qual,Montenegro,False
2019-09-29,Bangladesh,Bhutan,4,1,Friendly,Bangladesh,False
2019-09-30,Botswana,Liberia,0,0,Friendly,Botswana,False
2019-10-02,Mexico,Trinidad and Tobago,2,0,Friendly,Mexico,False
2019-10-02,Dominican Republic,Cuba,0,0,Friendly,Dominican Republic,False
2019-10-03,Bangladesh,Bhutan,2,0,Friendly,Bangladesh,False
2019-10-04,Saint Lucia,Dominica,3,1,Friendly,Saint Lucia,False
2019-10-05,Malaysia,Sri Lanka,6,0,Friendly,Malaysia,False
2019-10-05,Jordan,Singapore,0,0,Friendly,Jordan,False
2019-10-06,Saint Lucia,Dominica,1,4,Friendly,Saint Lucia,False
2019-10-09,Bahrain,Azerbaijan,2,3,Friendly,Bahrain,False
2019-10-09,Mauritius,Sao Tome and Principe,1,3,African Nations Cup qualifier,Mauritius,False
2019-10-09,Djibouti,Gambia,1,1,African Nations Cup qualifier,Djibouti,False
2019-10-09,Liberia,Chad,1,0,African Nations Cup qualifier,Liberia,False
2019-10-09,South Sudan,Seychelles,2,1,African Nations Cup qualifier,Sudan,True
2019-10-09,Germany,Argentina,2,2,Friendly,Germany,False
2019-10-10,Japan,Mongolia,6,0,World Cup and Asian Cup qual,Japan,False
2019-10-10,Australia,Nepal,5,0,World Cup and Asian Cup qual,Australia,False
2019-10-10,China,Guam,7,0,World Cup and Asian Cup qual,China,False
2019-10-10,United Arab Emirates,Indonesia,5,0,World Cup and Asian Cup qual,United Arab Emirates,False
2019-10-10,Lebanon,Turkmenistan,2,1,World Cup and Asian Cup qual,Lebanon,False
2019-10-10,Oman,Afghanistan,3,0,World Cup and Asian Cup qual,Oman,False
2019-10-10,Iran,Cambodia,14,0,World Cup and Asian Cup qual,Iran,False
2019-10-10,South Korea,Sri Lanka,8,0,World Cup and Asian Cup qual,South Korea,False
2019-10-10,Vietnam,Malaysia,1,0,World Cup and Asian Cup qual,Vietnam,False
2019-10-10,Syria,Maldives,2,1,World Cup and Asian Cup qual,United Arab Emirates,True
2019-10-10,Kyrgyzstan,Myanmar,7,0,World Cup and Asian Cup qual,Kyrgyzstan,False
2019-10-10,Iraq,Hong Kong,2,0,World Cup and Asian Cup qual,Iraq,False
2019-10-10,Saudi Arabia,Singapore,3,0,World Cup and Asian Cup qual,Saudi Arabia,False
2019-10-10,Thailand,Congo,1,1,Friendly,Thailand,False
2019-10-10,Jordan,Kuwait,0,0,World Cup and Asian Cup qual,Jordan,False
2019-10-10,Uzbekistan,Yemen,5,0,World Cup and Asian Cup qual,Uzbekistan,False
2019-10-10,Bangladesh,Qatar,0,2,World Cup and Asian Cup qual,Bangladesh,False
2019-10-10,Niger,Zambia,1,1,Friendly,Niger,False
2019-10-10,Algeria,DR Congo,1,1,Friendly,Algeria,False
2019-10-10,Cape Verde,Togo,2,1,Friendly,France,True
2019-10-10,Gabon,Burkina Faso,1,0,Friendly,France,True
2019-10-10,Brazil,Senegal,1,1,Friendly,Singapore,True
2019-10-10,Costa Rica,Haiti,1,1,CONCACAF Nations League A,Bahamas,True
2019-10-10,Trinidad and Tobago,Honduras,0,2,CONCACAF Nations League A,Trinidad and Tobago,False
2019-10-10,French Guiana,Grenada,0,0,CONCACAF Nations League B,French Guiana,False
2019-10-10,Belize,Saint Kitts and Nevis,0,4,CONCACAF Nations League B,Belize,False
2019-10-10,Bahamas,British Virgin Islands,4,0,CONCACAF Nations League C,Saint Kitts and Nevis,True
2019-10-10,Turks and Caicos Islands,Sint Maarten,5,2,CONCACAF Nations League C,Curaçao,True
2019-10-10,Serbia,Paraguay,1,0,Friendly,Serbia,False
2019-10-10,Venezuela,Bolivia,4,1,Friendly,Venezuela,False
2019-10-10,Russia,Scotland,4,0,European Championship qual,Russia,False
2019-10-10,Slovakia,Wales,1,1,European Championship qual,Slovakia,False
2019-10-10,Netherlands,Northern Ireland,3,1,European Championship qual,Netherlands,False
2019-10-10,Austria,Israel,3,1,European Championship qual,Austria,False
2019-10-10,Croatia,Hungary,3,0,European Championship qual,Croatia,False
2019-10-10,Belgium,San Marino,9,0,European Championship qual,Belgium,False
2019-10-10,Belarus,Estonia,0,0,European Championship qual,Belarus,False
2019-10-10,Latvia,Poland,0,3,European Championship qual,Latvia,False
2019-10-10,Kazakhstan,Cyprus,1,2,European Championship qual,Kazakhstan,False
2019-10-10,North Macedonia,Slovenia,2,1,European Championship qual,North Macedonia,False
2019-10-10,Kosovo,Gibraltar,1,0,Friendly,Kosovo,False
2019-10-11,Morocco,Libya,1,1,Friendly,Morocco,False
2019-10-11,United States,Cuba,7,0,CONCACAF Nations League A,United States,False
2019-10-11,Bermuda,Mexico,1,5,CONCACAF Nations League A,Bermuda,False
2019-10-11,Antigua and Barbuda,Guyana,2,1,CONCACAF Nations League B,Antigua and Barbuda,False
2019-10-11,Nicaragua,Dominica,3,1,CONCACAF Nations League B,Nicaragua,False
2019-10-11,St Vincent & Grenadines,Suriname,2,2,CONCACAF Nations League B,St Vincent & Grenadines,False
2019-10-11,Uruguay,Peru,1,0,Friendly,Uruguay,False
2019-10-11,Czechia,England,2,1,European Championship qual,Czechia,False
2019-10-11,Iceland,France,0,1,European Championship qual,Iceland,False
2019-10-11,Portugal,Luxembourg,3,0,European Championship qual,Portugal,False
2019-10-11,Ukraine,Lithuania,2,0,European Championship qual,Ukraine,False
2019-10-11,Turkey,Albania,1,0,European Championship qual,Turkey,False
2019-10-11,Montenegro,Bulgaria,0,0,European Championship qual,Montenegro,False
2019-10-11,Andorra,Moldova,1,0,European Championship qual,Andorra,False
2019-10-12,Tunisia,Cameroon,0,0,Friendly,Tunisia,False
2019-10-12,Comoros,Guinea,1,0,Friendly,France,True
2019-10-12,Montserrat,El Salvador,0,2,CONCACAF Nations League B,Montserrat,False
2019-10-12,Anguilla,Guatemala,0,5,CONCACAF Nations League C,Anguilla,False
2019-10-12,Jamaica,Aruba,2,0,CONCACAF Nations League B,Jamaica,False
2019-10-12,Barbados,US Virgin Islands,1,0,CONCACAF Nations League C,Barbados,False
2019-10-12,Dominican Republic,Saint Lucia,3,0,CONCACAF Nations League B,Dominican Republic,False
2019-10-12,Saint Martin,Cayman Islands,3,0,CONCACAF Nations League C,Anguilla,True
2019-10-12,Chile,Colombia,0,0,Friendly,Spain,True
2019-10-12,Denmark,Switzerland,1,0,European Championship qual,Denmark,False
2019-10-12,Malta,Sweden,0,4,European Championship qual,Malta,False
2019-10-12,Norway,Spain,1,1,European Championship qual,Norway,False
2019-10-12,Italy,Greece,2,0,European Championship qual,Italy,False
2019-10-12,Bosnia and Herzegovina,Finland,4,1,European Championship qual,Bosnia and Herzegovina,False
2019-10-12,Faroe Islands,Romania,0,3,European Championship qual,Faroe Islands,False
2019-10-12,Georgia,Ireland,0,0,European Championship qual,Georgia,False
2019-10-12,Liechtenstein,Armenia,1,1,European Championship qual,Liechtenstein,False
2019-10-13,South Africa,Mali,2,1,Friendly tournament,South Africa,False
2019-10-13,Kenya,Mozambique,0,1,Friendly,Kenya,False
2019-10-13,Ethiopia,Uganda,0,1,Friendly,Ethiopia,False
2019-10-13,Benin,Zambia,2,2,Friendly,Benin,False
2019-10-13,Sao Tome and Principe,Mauritius,2,1,African Nations Cup qualifier,Sao Tome and Principe,False
2019-10-13,Gambia,Djibouti,1,1,African Nations Cup qualifier,The Gambia,True
2019-10-13,Ivory Coast,DR Congo,3,1,Friendly,France,True
2019-10-13,Brazil,Nigeria,1,1,Friendly,Singapore,True
2019-10-13,Equatorial Guinea,Togo,1,1,Friendly,France,True
2019-10-13,Lesotho,Malawi,1,1,Friendly,Lesotho,False
2019-10-13,Niger,Central African Republic,0,2,Friendly,Niger,False
2019-10-13,Chad,Liberia,1,0,African Nations Cup qualifier,Chad,False
2019-10-13,Seychelles,South Sudan,0,1,African Nations Cup qualifier,Seychelles,False
2019-10-13,Costa Rica,Curaçao,0,0,CONCACAF Nations League A,Costa Rica,False
2019-10-13,Honduras,Martinique,1,0,CONCACAF Nations League A,Honduras,False
2019-10-13,Grenada,French Guiana,1,0,CONCACAF Nations League B,Grenada,False
2019-10-13,Saint Kitts and Nevis,Belize,0,1,CONCACAF Nations League B,Saint Kitts and Nevis,False
2019-10-13,Bonaire,British Virgin Islands,4,3,CONCACAF Nations League C,Saint Kitts and Nevis,True
2019-10-13,Argentina,Ecuador,6,1,Friendly,Spain,True
2019-10-13,Slovakia,Paraguay,1,1,Friendly,Slovakia,False
2019-10-13,Scotland,San Marino,6,0,European Championship qual,Scotland,False
2019-10-13,Wales,Croatia,1,1,European Championship qual,Wales,False
2019-10-13,Slovenia,Austria,0,1,European Championship qual,Slovenia,False
2019-10-13,Hungary,Azerbaijan,1,0,European Championship qual,Hungary,False
2019-10-13,Kazakhstan,Belgium,0,2,European Championship qual,Kazakhstan,False
2019-10-13,Belarus,Netherlands,1,2,European Championship qual,Belarus,False
2019-10-13,Estonia,Germany,0,3,European Championship qual,Estonia,False
2019-10-13,Cyprus,Russia,0,5,European Championship qual,Cyprus,False
2019-10-13,Poland,North Macedonia,2,0,European Championship qual,Poland,False
2019-10-14,Egypt,Botswana,1,0,Friendly,Egypt,False
2019-10-14,Rwanda,Tanzania,0,0,Friendly,Rwanda,False
2019-10-14,Guyana,Antigua and Barbuda,5,1,CONCACAF Nations League B,Guyana,False
2019-10-14,Venezuela,Trinidad and Tobago,2,0,Friendly,Venezuela,False
2019-10-14,Dominica,Nicaragua,0,4,CONCACAF Nations League B,Dominica,False
2019-10-14,Guadeloupe,Sint Maarten,2,1,CONCACAF Nations League C,Curaçao,True
2019-10-14,Suriname,St Vincent & Grenadines,0,1,CONCACAF Nations League B,Suriname,False
2019-10-14,Bulgaria,England,0,6,European Championship qual,Bulgaria,False
2019-10-14,Czechia,Northern Ireland,2,3,Friendly,Czechia,False
2019-10-14,France,Turkey,1,1,European Championship qual,France,False
2019-10-14,Ukraine,Portugal,2,1,European Championship qual,Ukraine,False
2019-10-14,Lithuania,Serbia,1,2,European Championship qual,Lithuania,False
2019-10-14,Iceland,Andorra,2,0,European Championship qual,Iceland,False
2019-10-14,Moldova,Albania,0,4,European Championship qual,Moldova,False
2019-10-14,Kosovo,Montenegro,2,0,European Championship qual,Kosovo,False
2019-10-15,Tajikistan,Japan,0,3,World Cup and Asian Cup qual,Tajikistan,False
2019-10-15,Philippines,China,0,0,World Cup and Asian Cup qual,Philippines,False
2019-10-15,Taiwan,Australia,1,7,World Cup and Asian Cup qual,Taiwan,False
2019-10-15,Indonesia,Vietnam,1,3,World Cup and Asian Cup qual,Indonesia,False
2019-10-15,India,Bangladesh,1,1,World Cup and Asian Cup qual,India,False
2019-10-15,Sri Lanka,Lebanon,0,3,World Cup and Asian Cup qual,Sri Lanka,False
2019-10-15,Bahrain,Iran,1,0,World Cup and Asian Cup qual,Bahrain,False
2019-10-15,Mongolia,Kyrgyzstan,1,2,World Cup and Asian Cup qual,Mongolia,False
2019-10-15,North Korea,South Korea,0,0,World Cup and Asian Cup qual,North Korea,False
2019-10-15,Syria,Guam,4,0,World Cup and Asian Cup qual,United Arab Emirates,True
2019-10-15,Singapore,Uzbekistan,1,3,World Cup and Asian Cup qual,Singapore,False
2019-10-15,Cambodia,Iraq,0,4,World Cup and Asian Cup qual,Cambodia,False
2019-10-15,Thailand,United Arab Emirates,2,1,World Cup and Asian Cup qual,Thailand,False
2019-10-15,Kuwait,Turkmenistan,1,1,Friendly,Kuwait,False
2019-10-15,Jordan,Nepal,3,0,World Cup and Asian Cup qual,Jordan,False
2019-10-15,Palestine,Saudi Arabia,0,0,World Cup and Asian Cup qual,Palestine,False
2019-10-15,Qatar,Oman,2,1,World Cup and Asian Cup qual,Qatar,False
2019-10-15,Mauritania,Libya,0,0,Friendly,Mauritania,False
2019-10-15,Morocco,Gabon,2,3,Friendly,Morocco,False
2019-10-15,Chile,Guinea,3,2,Friendly,Spain,True
2019-10-15,Algeria,Colombia,3,0,Friendly,France,True
2019-10-15,Canada,United States,2,0,CONCACAF Nations League A,Canada,False
2019-10-15,Saint Lucia,El Salvador,0,2,CONCACAF Nations League B,Saint Lucia,False
2019-10-15,Bermuda,Guatemala,0,0,Friendly,Bermuda,False
2019-10-15,Mexico,Panama,3,1,CONCACAF Nations League A,Mexico,False
2019-10-15,Jamaica,Aruba,6,0,CONCACAF Nations League B,Curaçao,True
2019-10-15,Bolivia,Haiti,3,1,Friendly,Bolivia,False
2019-10-15,US Virgin Islands,Barbados,0,4,CONCACAF Nations League C,US Virgin Islands,False
2019-10-15,Anguilla,Puerto Rico,2,3,CONCACAF Nations League C,Anguilla,False
2019-10-15,Dominican Republic,Montserrat,0,0,CONCACAF Nations League B,Dominican Republic,False
2019-10-15,Cayman Islands,Saint Martin,1,0,CONCACAF Nations League C,Cayman Islands,False
2019-10-15,Peru,Uruguay,1,1,Friendly,Peru,False
2019-10-15,Switzerland,Ireland,2,0,European Championship qual,Switzerland,False
2019-10-15,Sweden,Spain,1,1,European Championship qual,Sweden,False
2019-10-15,Romania,Norway,1,1,European Championship qual,Romania,False
2019-10-15,Liechtenstein,Italy,0,5,European Championship qual,Liechtenstein,False
2019-10-15,Finland,Armenia,3,0,European Championship qual,Finland,False
2019-10-15,Denmark,Luxembourg,4,0,Friendly,Denmark,False
2019-10-15,Israel,Latvia,3,1,European Championship qual,Israel,False
2019-10-15,Greece,Bosnia and Herzegovina,2,1,European Championship qual,Greece,False
2019-10-15,Faroe Islands,Malta,1,0,European Championship qual,Faroe Islands,False
2019-10-15,Gibraltar,Georgia,2,3,European Championship qual,Gibraltar,False
2019-11-05,Malaysia,Maldives,2,1,Friendly,Malaysia,False
2019-11-07,Myanmar,Nepal,3,0,Friendly,Myanmar,False
2019-11-07,Egypt,Liberia,1,0,Friendly,Egypt,False
2019-11-07,Nicaragua,Cuba,0,0,Friendly,Nicaragua,False
2019-11-09,Malaysia,Tajikistan,1,0,Friendly,Malaysia,False
2019-11-09,Uzbekistan,Kyrgyzstan,3,1,Friendly,Uzbekistan,False
2019-11-09,Namibia,Zambia,0,2,Friendly,Namibia,False
2019-11-10,Trinidad and Tobago,Anguilla,15,0,Friendly,Trinidad and Tobago,False
2019-11-10,Nicaragua,Cuba,0,1,Friendly,Nicaragua,False
2019-11-13,Burkina Faso,Uganda,0,0,African Nations Cup qualifier,Burkina Faso,False
2019-11-13,Sierra Leone,Lesotho,1,1,African Nations Cup qualifier,Sierra Leone,False
2019-11-13,Nigeria,Benin,2,1,African Nations Cup qualifier,Nigeria,False
2019-11-13,Angola,Gambia,1,3,African Nations Cup qualifier,Angola,False
2019-11-13,Guinea-Bissau,Eswatini,3,0,African Nations Cup qualifier,Guinea-Bissau,False
2019-11-13,Central African Republic,Burundi,2,0,African Nations Cup qualifier,Central African Republic,False
2019-11-13,Sudan,Sao Tome and Principe,4,0,African Nations Cup qualifier,Sudan,False
2019-11-13,Malawi,South Sudan,1,0,African Nations Cup qualifier,Malawi,False
2019-11-13,Cameroon,Cape Verde,0,0,African Nations Cup qualifier,Cameroon,False
2019-11-13,Senegal,Congo,2,0,African Nations Cup qualifier,Senegal,False
2019-11-13,Namibia,Chad,2,1,African Nations Cup qualifier,Namibia,False
2019-11-14,Kyrgyzstan,Japan,0,2,World Cup and Asian Cup qual,Kyrgyzstan,False
2019-11-14,Maldives,Philippines,1,2,World Cup and Asian Cup qual,Maldives,False
2019-11-14,Jordan,Australia,0,1,World Cup and Asian Cup qual,Jordan,False
2019-11-14,Syria,China,2,1,World Cup and Asian Cup qual,United Arab Emirates,True
2019-11-14,Afghanistan,India,1,1,World Cup and Asian Cup qual,Tajikistan,True
2019-11-14,Lebanon,South Korea,0,0,World Cup and Asian Cup qual,Lebanon,False
2019-11-14,Iraq,Iran,2,1,World Cup and Asian Cup qual,Jordan,True
2019-11-14,Cambodia,Mongolia,1,1,Friendly,Cambodia,False
2019-11-14,Vietnam,United Arab Emirates,1,0,World Cup and Asian Cup qual,Vietnam,False
2019-11-14,Kuwait,Taiwan,9,0,World Cup and Asian Cup qual,Kuwait,False
2019-11-14,Myanmar,Tajikistan,4,3,World Cup and Asian Cup qual,Myanmar,False
2019-11-14,Hong Kong,Bahrain,0,0,World Cup and Asian Cup qual,Hong Kong,False
2019-11-14,Qatar,Singapore,2,0,Friendly,Qatar,False
2019-11-14,Malaysia,Thailand,2,1,World Cup and Asian Cup qual,Malaysia,False
2019-11-14,Turkmenistan,North Korea,3,1,World Cup and Asian Cup qual,Turkmenistan,False
2019-11-14,Uzbekistan,Saudi Arabia,2,3,World Cup and Asian Cup qual,Uzbekistan,False
2019-11-14,Yemen,Palestine,1,0,World Cup and Asian Cup qual,Bahrain,True
2019-11-14,Oman,Bangladesh,4,1,World Cup and Asian Cup qual,Oman,False
2019-11-14,Egypt,Kenya,1,1,African Nations Cup qualifier,Egypt,False
2019-11-14,Ghana,South Africa,2,0,African Nations Cup qualifier,Ghana,False
2019-11-14,Algeria,Zambia,5,0,African Nations Cup qualifier,Algeria,False
2019-11-14,DR Congo,Gabon,0,0,African Nations Cup qualifier,DR Congo,False
2019-11-14,Togo,Comoros,0,1,African Nations Cup qualifier,Togo,False
2019-11-14,Mali,Guinea,2,2,African Nations Cup qualifier,Mali,False
2019-11-14,Mozambique,Rwanda,2,0,African Nations Cup qualifier,Mozambique,False
2019-11-14,Curaçao,Costa Rica,1,2,CONCACAF Nations League A,Curaçao,False
2019-11-14,Martinique,Honduras,1,1,CONCACAF Nations League A,Martinique,False
2019-11-14,Ecuador,Trinidad and Tobago,3,0,Friendly,Ecuador,False
2019-11-14,Belize,French Guiana,2,0,CONCACAF Nations League B,Belize,False
2019-11-14,Saint Kitts and Nevis,Grenada,0,0,CONCACAF Nations League B,Saint Kitts and Nevis,False
2019-11-14,Bahamas,British Virgin Islands,3,0,CONCACAF Nations League C,Bahamas,False
2019-11-14,Turks and Caicos Islands,Sint Maarten,3,2,CONCACAF Nations League C,Turks and Caicos Islands,False
2019-11-14,Bulgaria,Paraguay,0,1,Friendly,Bulgaria,False
2019-11-14,Ireland,New Zealand,3,1,Friendly,Ireland,False
2019-11-14,England,Montenegro,7,0,European Championship qual,England,False
2019-11-14,France,Moldova,2,1,European Championship qual,France,False
2019-11-14,Serbia,Luxembourg,3,2,European Championship qual,Serbia,False
2019-11-14,Ukraine,Estonia,1,0,Friendly,Ukraine,False
2019-11-14,Portugal,Lithuania,6,0,European Championship qual,Portugal,False
2019-11-14,Turkey,Iceland,0,0,European Championship qual,Turkey,False
2019-11-14,Albania,Andorra,2,2,European Championship qual,Albania,False
2019-11-14,Czechia,Kosovo,2,1,European Championship qual,Czechia,False
2019-11-15,Tanzania,Equatorial Guinea,2,1,African Nations Cup qualifier,Tanzania,False
2019-11-15,Zimbabwe,Botswana,0,0,African Nations Cup qualifier,Zimbabwe,False
2019-11-15,Tunisia,Libya,4,1,African Nations Cup qualifier,Tunisia,False
2019-11-15,Morocco,Mauritania,0,0,African Nations Cup qualifier,Morocco,False
2019-11-15,United States,Canada,4,1,CONCACAF Nations League A,United States,False
2019-11-15,Panama,Mexico,0,3,CONCACAF Nations League A,Panama,False
2019-11-15,Guyana,Aruba,4,2,CONCACAF Nations League B,Guyana,False
2019-11-15,Antigua and Barbuda,Jamaica,0,2,CONCACAF Nations League B,Antigua and Barbuda,False
2019-11-15,St Vincent & Grenadines,Nicaragua,1,0,CONCACAF Nations League B,St Vincent & Grenadines,False
2019-11-15,Suriname,Dominica,4,0,CONCACAF Nations League B,Suriname,False
2019-11-15,Hungary,Uruguay,1,2,Friendly,Hungary,False
2019-11-15,Argentina,Brazil,1,0,Friendly,Saudi Arabia,True
2019-11-15,Colombia,Peru,1,0,Friendly,United States,True
2019-11-15,Switzerland,Georgia,1,0,European Championship qual,Switzerland,False
2019-11-15,Romania,Sweden,0,2,European Championship qual,Romania,False
2019-11-15,Norway,Faroe Islands,4,0,European Championship qual,Norway,False
2019-11-15,Bosnia and Herzegovina,Italy,0,3,European Championship qual,Bosnia and Herzegovina,False
2019-11-15,Finland,Liechtenstein,3,0,European Championship qual,Finland,False
2019-11-15,Denmark,Gibraltar,6,0,European Championship qual,Denmark,False
2019-11-15,Spain,Malta,7,0,European Championship qual,Spain,False
2019-11-15,Armenia,Greece,0,1,European Championship qual,Armenia,False
2019-11-16,Madagascar,Ethiopia,1,0,African Nations Cup qualifier,Madagascar,False
2019-11-16,Ivory Coast,Niger,1,0,African Nations Cup qualifier,Ivory Coast,False
2019-11-16,El Salvador,Montserrat,1,0,CONCACAF Nations League B,El Salvador,False
2019-11-16,Guatemala,Puerto Rico,5,0,CONCACAF Nations League C,Guatemala,False
2019-11-16,Saint Martin,Barbados,1,0,CONCACAF Nations League C,Anguilla,True
2019-11-16,Saint Lucia,Dominican Republic,1,0,CONCACAF Nations League B,Saint Lucia,False
2019-11-16,Cayman Islands,US Virgin Islands,1,0,CONCACAF Nations League C,Cayman Islands,False
2019-11-16,Cyprus,Scotland,1,2,European Championship qual,Cyprus,False
2019-11-16,Azerbaijan,Wales,0,2,European Championship qual,Azerbaijan,False
2019-11-16,Northern Ireland,Netherlands,0,0,European Championship qual,Northern Ireland,False
2019-11-16,Austria,North Macedonia,2,1,European Championship qual,Austria,False
2019-11-16,Russia,Belgium,1,4,European Championship qual,Russia,False
2019-11-16,Germany,Belarus,4,0,European Championship qual,Germany,False
2019-11-16,Israel,Poland,1,2,European Championship qual,Israel,False
2019-11-16,Slovenia,Latvia,1,0,European Championship qual,Slovenia,False
2019-11-16,Croatia,Slovakia,3,1,European Championship qual,Croatia,False
2019-11-16,San Marino,Kazakhstan,1,3,European Championship qual,San Marino,False
2019-11-17,South Africa,Sudan,1,0,African Nations Cup qualifier,South Africa,False
2019-11-17,Uganda,Malawi,2,0,African Nations Cup qualifier,Uganda,False
2019-11-17,Benin,Sierra Leone,1,0,African Nations Cup qualifier,Benin,False
2019-11-17,Lesotho,Nigeria,2,4,African Nations Cup qualifier,Lesotho,False
2019-11-17,Congo,Guinea-Bissau,3,0,African Nations Cup qualifier,Congo,False
2019-11-17,Rwanda,Cameroon,0,1,African Nations Cup qualifier,Rwanda,False
2019-11-17,Chad,Mali,0,2,African Nations Cup qualifier,Chad,False
2019-11-17,Gabon,Angola,2,1,African Nations Cup qualifier,Gabon,False
2019-11-17,Burkina Faso,South Sudan,2,1,African Nations Cup qualifier,Sudan,True
2019-11-17,Eswatini,Senegal,1,4,African Nations Cup qualifier,Eswatini,False
2019-11-17,Guinea,Namibia,2,0,African Nations Cup qualifier,Guinea,False
2019-11-17,Costa Rica,Haiti,1,1,CONCACAF Nations League A,Costa Rica,False
2019-11-17,Honduras,Trinidad and Tobago,4,0,CONCACAF Nations League A,Honduras,False
2019-11-17,Guadeloupe,Turks and Caicos Islands,10,0,CONCACAF Nations League C,Guadeloupe,False
2019-11-17,French Guiana,Saint Kitts and Nevis,3,1,CONCACAF Nations League B,French Guiana,False
2019-11-17,Grenada,Belize,3,2,CONCACAF Nations League B,Grenada,False
2019-11-17,Bahamas,Bonaire,1,1,CONCACAF Nations League C,Curaçao,True
2019-11-17,Lithuania,New Zealand,1,0,Friendly,Lithuania,False
2019-11-17,Kosovo,England,0,4,European Championship qual,Kosovo,False
2019-11-17,Albania,France,0,2,European Championship qual,Albania,False
2019-11-17,Luxembourg,Portugal,0,2,European Championship qual,Luxembourg,False
2019-11-17,Andorra,Turkey,0,2,European Championship qual,Andorra,False
2019-11-17,Bulgaria,Czechia,1,0,European Championship qual,Bulgaria,False
2019-11-17,Serbia,Ukraine,2,2,European Championship qual,Serbia,False
2019-11-17,Moldova,Iceland,1,2,European Championship qual,Moldova,False
2019-11-18,Comoros,Egypt,0,0,African Nations Cup qualifier,Comoros,False
2019-11-18,Kenya,Togo,1,1,African Nations Cup qualifier,Kenya,False
2019-11-18,Gambia,DR Congo,2,2,African Nations Cup qualifier,The Gambia,True
2019-11-18,Sao Tome and Principe,Ghana,0,1,African Nations Cup qualifier,Sao Tome and Principe,False
2019-11-18,Cape Verde,Mozambique,2,2,African Nations Cup qualifier,Cape Verde,False
2019-11-18,Botswana,Algeria,0,1,African Nations Cup qualifier,Botswana,False
2019-11-18,Antigua and Barbuda,Aruba,3,2,CONCACAF Nations League B,Curaçao,True
2019-11-18,Jamaica,Guyana,1,1,CONCACAF Nations League B,Jamaica,False
2019-11-18,Nicaragua,Suriname,1,2,CONCACAF Nations League B,Nicaragua,False
2019-11-18,Dominica,St Vincent & Grenadines,1,0,CONCACAF Nations League B,Dominica,False
2019-11-18,Argentina,Uruguay,2,2,Friendly,Israel,True
2019-11-18,Gibraltar,Switzerland,1,6,European Championship qual,Gibraltar,False
2019-11-18,Sweden,Faroe Islands,3,0,European Championship qual,Sweden,False
2019-11-18,Malta,Norway,1,2,European Championship qual,Malta,False
2019-11-18,Italy,Armenia,9,1,European Championship qual,Italy,False
2019-11-18,Greece,Finland,2,1,European Championship qual,Greece,False
2019-11-18,Ireland,Denmark,1,1,European Championship qual,Ireland,False
2019-11-18,Spain,Romania,5,0,European Championship qual,Spain,False
2019-11-18,Liechtenstein,Bosnia and Herzegovina,0,3,European Championship qual,Liechtenstein,False
2019-11-19,Japan,Venezuela,1,4,Friendly,Japan,False
2019-11-19,Syria,Philippines,1,0,World Cup and Asian Cup qual,United Arab Emirates,True
2019-11-19,Malaysia,Indonesia,2,0,World Cup and Asian Cup qual,Malaysia,False
2019-11-19,Oman,India,1,0,World Cup and Asian Cup qual,Oman,False
2019-11-19,Lebanon,North Korea,0,0,World Cup and Asian Cup qual,Lebanon,False
2019-11-19,Qatar,Afghanistan,1,0,World Cup and Asian Cup qual,Tajikistan,True
2019-11-19,Myanmar,Mongolia,1,0,World Cup and Asian Cup qual,Myanmar,False
2019-11-19,Brazil,South Korea,3,0,Friendly,United Arab Emirates,True
2019-11-19,Vietnam,Thailand,0,0,World Cup and Asian Cup qual,Vietnam,False
2019-11-19,Jordan,Taiwan,5,0,World Cup and Asian Cup qual,Jordan,False
2019-11-19,Turkmenistan,Sri Lanka,2,0,World Cup and Asian Cup qual,Turkmenistan,False
2019-11-19,Hong Kong,Cambodia,2,0,World Cup and Asian Cup qual,Hong Kong,False
2019-11-19,Singapore,Yemen,2,1,World Cup and Asian Cup qual,Bahrain,True
2019-11-19,Kyrgyzstan,Tajikistan,1,1,World Cup and Asian Cup qual,Kyrgyzstan,False
2019-11-19,Bahrain,Iraq,0,0,World Cup and Asian Cup qual,Jordan,True
2019-11-19,Kuwait,Nepal,1,0,World Cup and Asian Cup qual,Bhutan,True
2019-11-19,Saudi Arabia,Paraguay,0,0,Friendly,Saudi Arabia,False
2019-11-19,Uzbekistan,Palestine,2,0,World Cup and Asian Cup qual,Uzbekistan,False
2019-11-19,Maldives,Guam,3,1,World Cup and Asian Cup qual,Maldives,False
2019-11-19,Libya,Tanzania,2,1,African Nations Cup qualifier,Tunisia,True
2019-11-19,Zambia,Zimbabwe,1,2,African Nations Cup qualifier,Zambia,False
2019-11-19,Niger,Madagascar,2,6,African Nations Cup qualifier,Niger,False
2019-11-19,Ethiopia,Ivory Coast,2,1,African Nations Cup qualifier,Ethiopia,False
2019-11-19,Burundi,Morocco,0,3,African Nations Cup qualifier,Burundi,False
2019-11-19,Equatorial Guinea,Tunisia,0,1,African Nations Cup qualifier,Equatorial Guinea,False
2019-11-19,Mauritania,Central African Republic,2,0,African Nations Cup qualifier,Mauritania,False
2019-11-19,United States,Cuba,4,0,CONCACAF Nations League A,Cayman Islands,True
2019-11-19,El Salvador,Dominican Republic,2,0,CONCACAF Nations League B,El Salvador,False
2019-11-19,Mexico,Bermuda,2,1,CONCACAF Nations League A,Mexico,False
2019-11-19,Barbados,Cayman Islands,3,0,CONCACAF Nations League C,Barbados,False
2019-11-19,Saint Lucia,Montserrat,0,1,CONCACAF Nations League B,Saint Lucia,False
2019-11-19,Puerto Rico,Anguilla,3,0,CONCACAF Nations League C,Puerto Rico,False
2019-11-19,US Virgin Islands,Saint Martin,1,2,CONCACAF Nations League C,US Virgin Islands,False
2019-11-19,Colombia,Ecuador,1,0,Friendly,United States,True
2019-11-19,Scotland,Kazakhstan,3,1,European Championship qual,Scotland,False
2019-11-19,Wales,Hungary,2,0,European Championship qual,Wales,False
2019-11-19,Germany,Northern Ireland,6,1,European Championship qual,Germany,False
2019-11-19,Latvia,Austria,1,0,European Championship qual,Latvia,False
2019-11-19,Belgium,Cyprus,6,1,European Championship qual,Belgium,False
2019-11-19,Netherlands,Estonia,5,0,European Championship qual,Netherlands,False
2019-11-19,San Marino,Russia,0,5,European Championship qual,San Marino,False
2019-11-19,Poland,Slovenia,3,2,European Championship qual,Poland,False
2019-11-19,Montenegro,Belarus,2,0,Friendly,Montenegro,False
2019-11-19,North Macedonia,Israel,1,0,European Championship qual,North Macedonia,False
2019-11-19,Slovakia,Azerbaijan,2,0,European Championship qual,Slovakia,False
2019-11-19,Croatia,Georgia,2,1,Friendly,Croatia,False
2019-11-21,Guatemala,Antigua and Barbuda,8,0,Friendly,Guatemala,False
2019-11-26,Qatar,Iraq,1,2,Gulf Cup,Qatar,False
2019-11-26,United Arab Emirates,Yemen,3,0,Gulf Cup,Qatar,True
2019-11-27,Kuwait,Saudi Arabia,3,1,Gulf Cup,Qatar,True
2019-11-27,Bahrain,Oman,0,0,Gulf Cup,Qatar,True
2019-11-29,Iraq,United Arab Emirates,2,0,Gulf Cup,Qatar,True
2019-11-29,Qatar,Yemen,6,0,Gulf Cup,Qatar,False
2019-11-30,Oman,Kuwait,2,1,Gulf Cup,Qatar,True
2019-11-30,Saudi Arabia,Bahrain,2,0,Gulf Cup,Qatar,True
2019-12-02,Iraq,Yemen,0,0,Gulf Cup,Qatar,True
2019-12-02,Bahrain,Kuwait,4,2,Gulf Cup,Qatar,True
2019-12-02,Saudi Arabia,Oman,3,1,Gulf Cup,Qatar,True
2019-12-02,Qatar,United Arab Emirates,4,2,Gulf Cup,Qatar,False
2019-12-05,Bahrain,Iraq,2,2,Gulf Cup,Qatar,True
2019-12-05,Qatar,Saudi Arabia,0,1,Gulf Cup,Qatar,False
2019-12-07,Uganda,Burundi,2,1,CECAFA Cup,Uganda,False
2019-12-07,Djibouti,Somalia,0,0,CECAFA Cup,Uganda,True
2019-12-08,Bahrain,Saudi Arabia,1,0,Gulf Cup,Qatar,True
2019-12-08,Kenya,Tanzania,1,0,CECAFA Cup,Uganda,True
2019-12-08,Sudan,Zanzibar,1,1,CECAFA Cup,Uganda,True
2019-12-09,Uganda,Somalia,2,0,CECAFA Cup,Uganda,False
2019-12-09,Eritrea,Burundi,1,0,CECAFA Cup,Uganda,True
2019-12-10,Japan,China,2,1,East Asian Championship,South Korea,True
2019-12-10,Kenya,Sudan,2,1,CECAFA Cup,Uganda,True
2019-12-10,Tanzania,Zanzibar,1,0,CECAFA Cup,Uganda,True
2019-12-11,South Korea,Hong Kong,2,0,East Asian Championship,South Korea,False
2019-12-11,Uganda,Eritrea,2,0,CECAFA Cup,Uganda,False
2019-12-11,Djibouti,Burundi,2,1,CECAFA Cup,Uganda,True
2019-12-13,Eritrea,Djibouti,3,0,CECAFA Cup,Uganda,True
2019-12-13,Somalia,Burundi,1,0,CECAFA Cup,Uganda,True
2019-12-14,Japan,Hong Kong,5,0,East Asian Championship,South Korea,True
2019-12-14,Kenya,Zanzibar,1,0,CECAFA Cup,Uganda,True
2019-12-14,Sudan,Tanzania,0,0,CECAFA Cup,Uganda,True
2019-12-15,South Korea,China,1,0,East Asian Championship,South Korea,False
2019-12-15,Uganda,Djibouti,4,1,CECAFA Cup,Uganda,False
2019-12-15,Eritrea,Somalia,0,0,CECAFA Cup,Uganda,True
2019-12-17,Eritrea,Kenya,4,1,CECAFA Cup,Uganda,True
2019-12-17,Uganda,Tanzania,1,0,CECAFA Cup,Uganda,False
2019-12-18,South Korea,Japan,1,0,East Asian Championship,South Korea,False
2019-12-18,China,Hong Kong,2,0,East Asian Championship,South Korea,True
2019-12-19,Kenya,Tanzania,2,1,CECAFA Cup,Uganda,True
2019-12-19,Uganda,Eritrea,3,0,CECAFA Cup,Uganda,False
2020-01-07,Canada,Barbados,4,1,Friendly,United States,True
2020-01-09,Sweden,Moldova,1,0,Friendly,Qatar,True
2020-01-10,Canada,Barbados,4,1,Friendly,United States,True
2020-01-12,Sweden,Kosovo,1,0,Friendly,Qatar,True
2020-01-15,Bangladesh,Palestine,0,2,Bangabandhu Gold Cup,Bangladesh,False
2020-01-15,Iceland,Canada,1,0,Friendly,United States,True
2020-01-16,Burundi,Mauritius,4,1,Bangabandhu Gold Cup,Bangladesh,True
2020-01-17,Palestine,Sri Lanka,2,0,Bangabandhu Gold Cup,Bangladesh,True
2020-01-18,Burundi,Seychelles,3,1,Bangabandhu Gold Cup,Bangladesh,True
2020-01-19,Bangladesh,Sri Lanka,3,0,Bangabandhu Gold Cup,Bangladesh,False
2020-01-19,Iceland,El Salvador,1,0,Friendly,United States,True
2020-01-20,Mauritius,Seychelles,2,2,Bangabandhu Gold Cup,Bangladesh,True
2020-01-22,Palestine,Seychelles,1,0,Bangabandhu Gold Cup,Bangladesh,True
2020-01-23,Bangladesh,Burundi,0,3,Bangabandhu Gold Cup,Bangladesh,False
2020-01-25,Palestine,Burundi,3,1,Bangabandhu Gold Cup,Bangladesh,True
2020-01-25,Eritrea,Sudan,0,1,Friendly,Eritrea,False
2020-02-01,United States,Costa Rica,1,0,Friendly,United States,False
2020-02-23,Belarus,Uzbekistan,1,0,Friendly,United Arab Emirates,True
2020-02-25,Nicaragua,Panama,0,0,Friendly,Nicaragua,False
2020-02-26,Bulgaria,Belarus,0,1,Friendly,Bulgaria,False
2020-03-04,Guatemala,Panama,0,2,Friendly,Guatemala,False
2020-03-11,Jamaica,Bermuda,2,0,Friendly,Jamaica,False
2020-09-03,Uzbekistan,Tajikistan,2,1,Friendly,Uzbekistan,False
2020-09-03,Finland,Wales,0,1,European Nations League B,Finland,False
2020-09-03,Turkey,Hungary,0,1,European Nations League B,Turkey,False
2020-09-03,Ukraine,Switzerland,2,1,European Nations League A,Ukraine,False
2020-09-03,Germany,Spain,1,1,European Nations League A,Germany,False
2020-09-03,Russia,Serbia,3,1,European Nations League B,Russia,False
2020-09-03,Latvia,Andorra,0,0,European Nations League D,Latvia,False
2020-09-03,Bulgaria,Ireland,1,1,European Nations League B,Bulgaria,False
2020-09-03,Slovenia,Greece,0,0,European Nations League C,Slovenia,False
2020-09-03,Kosovo,Moldova,1,1,European Nations League C,Italy,True
2020-09-03,Faroe Islands,Malta,3,2,European Nations League D,Faroe Islands,False
2020-09-04,Scotland,Israel,1,1,European Nations League B,Scotland,False
2020-09-04,Romania,Northern Ireland,1,1,European Nations League B,Romania,False
2020-09-04,Norway,Austria,1,2,European Nations League B,Norway,False
2020-09-04,Netherlands,Poland,1,0,European Nations League A,Netherlands,False
2020-09-04,Italy,Bosnia and Herzegovina,1,1,European Nations League A,Italy,False
2020-09-04,Lithuania,Kazakhstan,0,2,European Nations League C,Lithuania,False
2020-09-04,Belarus,Albania,0,2,European Nations League C,Belarus,False
2020-09-04,Slovakia,Czechia,1,3,European Nations League B,Slovakia,False
2020-09-05,Iceland,England,0,1,European Nations League A,Iceland,False
2020-09-05,Denmark,Belgium,0,2,European Nations League A,Denmark,False
2020-09-05,Sweden,France,0,1,European Nations League A,Sweden,False
2020-09-05,Azerbaijan,Luxembourg,1,2,European Nations League C,Azerbaijan,False
2020-09-05,Estonia,Georgia,0,1,European Nations League C,Estonia,False
2020-09-05,Portugal,Croatia,4,1,European Nations League A,Portugal,False
2020-09-05,Cyprus,Montenegro,0,2,European Nations League C,Cyprus,False
2020-09-05,North Macedonia,Armenia,2,1,European Nations League C,North Macedonia,False
2020-09-05,Gibraltar,San Marino,1,0,European Nations League D,Gibraltar,False
2020-09-06,Wales,Bulgaria,1,0,European Nations League B,Wales,False
2020-09-06,Hungary,Russia,2,3,European Nations League B,Hungary,False
2020-09-06,Switzerland,Germany,1,1,European Nations League A,Switzerland,False
2020-09-06,Ireland,Finland,0,1,European Nations League B,Ireland,False
2020-09-06,Spain,Ukraine,4,0,European Nations League A,Spain,False
2020-09-06,Malta,Latvia,1,1,European Nations League D,Malta,False
2020-09-06,Serbia,Turkey,0,0,European Nations League B,Serbia,False
2020-09-06,Kosovo,Greece,1,2,European Nations League C,Kosovo,False
2020-09-06,Slovenia,Moldova,1,0,European Nations League C,Slovenia,False
2020-09-06,Andorra,Faroe Islands,0,1,European Nations League D,Andorra,False
2020-09-07,Czechia,Scotland,1,2,European Nations League B,Czechia,False
2020-09-07,Northern Ireland,Norway,1,5,European Nations League B,Northern Ireland,False
2020-09-07,Austria,Romania,2,3,European Nations League B,Austria,False
2020-09-07,Netherlands,Italy,0,1,European Nations League A,Netherlands,False
2020-09-07,Bosnia and Herzegovina,Poland,1,2,European Nations League A,Bosnia and Herzegovina,False
2020-09-07,Albania,Lithuania,0,1,European Nations League C,Albania,False
2020-09-07,Kazakhstan,Belarus,1,2,European Nations League C,Kazakhstan,False
2020-09-07,Israel,Slovakia,1,1,European Nations League B,Israel,False
2020-09-08,Denmark,England,0,0,European Nations League A,Denmark,False
2020-09-08,Belgium,Iceland,5,1,European Nations League A,Belgium,False
2020-09-08,France,Croatia,4,2,European Nations League A,France,False
2020-09-08,Sweden,Portugal,0,2,European Nations League A,Sweden,False
2020-09-08,Luxembourg,Montenegro,0,1,European Nations League C,Luxembourg,False
2020-09-08,Armenia,Estonia,2,0,European Nations League C,Armenia,False
2020-09-08,Cyprus,Azerbaijan,0,1,European Nations League C,Cyprus,False
2020-09-08,Georgia,North Macedonia,1,1,European Nations League C,Georgia,False
2020-09-08,Liechtenstein,San Marino,2,0,European Nations League D,Italy,True
2020-09-23,Chad,Sudan,2,3,Friendly,Chad,False
2020-09-25,Chad,Sudan,0,2,Friendly,Chad,False
2020-09-30,Mexico,Guatemala,3,0,Friendly,Mexico,False
2020-10-06,Nicaragua,Guatemala,0,0,Friendly,Nicaragua,False
2020-10-07,Zambia,Malawi,1,0,Friendly,Zambia,False
2020-10-07,Andorra,Cape Verde,1,2,Friendly,Andorra,False
2020-10-07,Netherlands,Mexico,0,1,Friendly,Netherlands,False
2020-10-07,Austria,Greece,2,1,Friendly,Austria,False
2020-10-07,France,Ukraine,7,1,Friendly,France,False
2020-10-07,Switzerland,Croatia,1,2,Friendly,Switzerland,False
2020-10-07,Germany,Turkey,3,3,Friendly,Germany,False
2020-10-07,Italy,Moldova,6,0,Friendly,Italy,False
2020-10-07,Poland,Finland,5,1,Friendly,Poland,False
2020-10-07,Luxembourg,Liechtenstein,1,2,Friendly,Luxembourg,False
2020-10-07,Denmark,Faroe Islands,4,0,Friendly,Denmark,False
2020-10-07,Estonia,Lithuania,1,3,Friendly,Estonia,False
2020-10-07,Portugal,Spain,0,0,Friendly,Portugal,False
2020-10-07,Montenegro,Latvia,1,1,Friendly,Montenegro,False
2020-10-07,Cyprus,Czechia,1,2,Friendly,Cyprus,False
2020-10-07,Malta,Gibraltar,2,0,Friendly,Malta,False
2020-10-07,Slovenia,San Marino,4,0,Friendly,Slovenia,False
2020-10-08,Uzbekistan,Iran,1,2,Friendly,Uzbekistan,False
2020-10-08,South Africa,Namibia,1,1,Friendly,South Africa,False
2020-10-08,Guinea-Bissau,Mozambique,1,0,Friendly,Portugal,True
2020-10-08,Belgium,Ivory Coast,1,1,Friendly,Belgium,False
2020-10-08,Uruguay,Chile,2,1,World Cup qualifier,Uruguay,False
2020-10-08,Argentina,Ecuador,1,0,World Cup qualifier,Argentina,False
2020-10-08,Paraguay,Peru,2,2,World Cup qualifier,Paraguay,False
2020-10-08,Scotland,Israel,0,0,European Championship qual,Scotland,False
2020-10-08,England,Wales,3,0,Friendly,England,False
2020-10-08,Bosnia and Herzegovina,Northern Ireland,1,1,European Championship qual,Bosnia and Herzegovina,False
2020-10-08,Bulgaria,Hungary,1,3,European Championship qual,Bulgaria,False
2020-10-08,Russia,Sweden,1,2,Friendly,Russia,False
2020-10-08,Norway,Serbia,1,2,European Championship qual,Norway,False
2020-10-08,Iceland,Romania,2,1,European Championship qual,Iceland,False
2020-10-08,Slovakia,Ireland,0,0,European Championship qual,Slovakia,False
2020-10-08,Georgia,Belarus,1,0,European Championship qual,Georgia,False
2020-10-08,North Macedonia,Kosovo,2,1,European Championship qual,North Macedonia,False
2020-10-09,Cameroon,Japan,0,0,Friendly,Netherlands,True
2020-10-09,Kenya,Zambia,2,1,Friendly,Kenya,False
2020-10-09,Burkina Faso,DR Congo,3,0,Friendly,Morocco,True
2020-10-09,Mauritania,Sierra Leone,2,1,Friendly,Mauritania,False
2020-10-09,Algeria,Nigeria,1,0,Friendly,Austria,True
2020-10-09,Mali,Ghana,3,0,Friendly,Turkey,True
2020-10-09,Gambia,Congo,1,0,Friendly,Portugal,True
2020-10-09,Tunisia,Sudan,3,0,Friendly,Tunisia,False
2020-10-09,Morocco,Senegal,3,1,Friendly,Morocco,False
2020-10-09,Brazil,Bolivia,5,0,World Cup qualifier,Brazil,False
2020-10-09,Colombia,Venezuela,3,0,World Cup qualifier,Colombia,False
2020-10-10,Guinea,Cape Verde,2,1,Friendly,Portugal,True
2020-10-10,Niger,Chad,2,0,Friendly,Niger,False
2020-10-10,Costa Rica,Panama,0,1,Friendly,Costa Rica,False
2020-10-10,Honduras,Nicaragua,1,1,Friendly,Honduras,False
2020-10-10,Spain,Switzerland,1,0,European Nations League A,Spain,False
2020-10-10,Ukraine,Germany,1,2,European Nations League A,Ukraine,False
2020-10-10,Luxembourg,Cyprus,2,0,European Nations League C,Luxembourg,False
2020-10-10,Faroe Islands,Latvia,1,1,European Nations League D,Faroe Islands,False
2020-10-10,Montenegro,Azerbaijan,2,0,European Nations League C,Montenegro,False
2020-10-10,Andorra,Malta,0,0,European Nations League D,Andorra,False
2020-10-10,Liechtenstein,Gibraltar,0,1,European Nations League D,Liechtenstein,False
2020-10-11,South Africa,Zambia,1,2,Friendly,South Africa,False
2020-10-11,Tanzania,Burundi,0,1,Friendly,Tanzania,False
2020-10-11,Malawi,Zimbabwe,0,0,Friendly,Malawi,False
2020-10-11,Comoros,Libya,2,1,Friendly,Tunisia,True
2020-10-11,Benin,Gabon,2,0,Friendly,Portugal,True
2020-10-11,Scotland,Slovakia,1,0,European Nations League B,Scotland,False
2020-10-11,England,Belgium,2,1,European Nations League A,England,False
2020-10-11,Ireland,Wales,0,0,European Nations League B,Ireland,False
2020-10-11,Northern Ireland,Austria,0,1,European Nations League B,Northern Ireland,False
2020-10-11,Serbia,Hungary,0,1,European Nations League B,Serbia,False
2020-10-11,France,Portugal,0,0,European Nations League A,France,False
2020-10-11,Bosnia and Herzegovina,Netherlands,0,0,European Nations League A,Bosnia and Herzegovina,False
2020-10-11,Croatia,Sweden,2,1,European Nations League A,Croatia,False
2020-10-11,Norway,Romania,4,0,European Nations League B,Norway,False
2020-10-11,Poland,Italy,0,0,European Nations League A,Poland,False
2020-10-11,Finland,Bulgaria,2,0,European Nations League B,Finland,False
2020-10-11,Russia,Turkey,1,1,European Nations League B,Russia,False
2020-10-11,Iceland,Denmark,0,3,European Nations League A,Iceland,False
2020-10-11,Estonia,North Macedonia,3,3,European Nations League C,Estonia,False
2020-10-11,Lithuania,Belarus,2,2,European Nations League C,Lithuania,False
2020-10-11,Greece,Moldova,2,0,European Nations League C,Greece,False
2020-10-11,Israel,Czechia,1,2,European Nations League B,Israel,False
2020-10-11,Kazakhstan,Albania,0,0,European Nations League C,Kazakhstan,False
2020-10-11,Armenia,Georgia,2,2,European Nations League C,Poland,True
2020-10-11,Kosovo,Slovenia,0,1,European Nations League C,Kosovo,False
2020-10-12,Ghana,Qatar,5,1,Friendly,Turkey,True
2020-10-12,United Arab Emirates,Uzbekistan,1,2,Friendly,United Arab Emirates,False
2020-10-12,Burkina Faso,Madagascar,2,1,Friendly,Morocco,True
2020-10-12,Sudan,Togo,1,1,Friendly,Tunisia,True
2020-10-13,Japan,Ivory Coast,1,0,Friendly,Netherlands,True
2020-10-13,Morocco,DR Congo,1,1,Friendly,Morocco,False
2020-10-13,Niger,Sierra Leone,1,0,Friendly,Niger,False
2020-10-13,Nigeria,Tunisia,1,1,Friendly,Austria,True
2020-10-13,Algeria,Mexico,2,2,Friendly,Netherlands,True
2020-10-13,Angola,Mozambique,3,0,Friendly,Portugal,True
2020-10-13,Costa Rica,Panama,0,1,Friendly,Costa Rica,False
2020-10-13,Ecuador,Uruguay,4,2,World Cup qualifier,Ecuador,False
2020-10-13,Bolivia,Argentina,1,2,World Cup qualifier,Bolivia,False
2020-10-13,Chile,Colombia,2,2,World Cup qualifier,Chile,False
2020-10-13,Peru,Brazil,2,4,World Cup qualifier,Peru,False
2020-10-13,Venezuela,Paraguay,0,1,World Cup qualifier,Venezuela,False
2020-10-13,Germany,Switzerland,3,3,European Nations League A,Germany,False
2020-10-13,Montenegro,Luxembourg,1,2,European Nations League C,Montenegro,False
2020-10-13,Ukraine,Spain,1,0,European Nations League A,Ukraine,False
2020-10-13,Latvia,Malta,0,1,European Nations League D,Latvia,False
2020-10-13,Azerbaijan,Cyprus,0,0,European Nations League C,Albania,True
2020-10-13,Faroe Islands,Andorra,2,0,European Nations League D,Faroe Islands,False
2020-10-13,Liechtenstein,San Marino,0,0,European Nations League D,Liechtenstein,False
2020-10-14,Scotland,Czechia,1,0,European Nations League B,Scotland,False
2020-10-14,England,Denmark,0,1,European Nations League A,England,False
2020-10-14,Bulgaria,Wales,0,1,European Nations League B,Bulgaria,False
2020-10-14,Norway,Northern Ireland,1,0,European Nations League B,Norway,False
2020-10-14,Romania,Austria,0,1,European Nations League B,Romania,False
2020-10-14,Russia,Hungary,0,0,European Nations League B,Russia,False
2020-10-14,Iceland,Belgium,1,2,European Nations League A,Iceland,False
2020-10-14,Croatia,France,1,2,European Nations League A,Croatia,False
2020-10-14,Italy,Netherlands,1,1,European Nations League A,Italy,False
2020-10-14,Portugal,Sweden,3,0,European Nations League A,Portugal,False
2020-10-14,Finland,Ireland,1,0,European Nations League B,Finland,False
2020-10-14,Estonia,Armenia,1,1,European Nations League C,Estonia,False
2020-10-14,Poland,Bosnia and Herzegovina,3,0,European Nations League A,Poland,False
2020-10-14,Lithuania,Albania,0,0,European Nations League C,Lithuania,False
2020-10-14,Turkey,Serbia,2,2,European Nations League B,Turkey,False
2020-10-14,Belarus,Kazakhstan,2,0,European Nations League C,Belarus,False
2020-10-14,Greece,Kosovo,0,0,European Nations League C,Greece,False
2020-10-14,Slovakia,Israel,2,3,European Nations League B,Slovakia,False
2020-10-14,Moldova,Slovenia,0,4,European Nations League C,Moldova,False
2020-10-14,North Macedonia,Georgia,1,1,European Nations League C,North Macedonia,False
2020-10-22,Ethiopia,Zambia,2,3,Friendly,Ethiopia,False
2020-10-25,Ethiopia,Zambia,1,3,Friendly,Ethiopia,False
2020-11-06,Ethiopia,Sudan,2,2,Friendly,Ethiopia,False
2020-11-07,Bahrain,Tajikistan,1,0,Friendly,United Arab Emirates,True
2020-11-11,Kenya,Comoros,1,1,African Nations Cup qualifier,Kenya,False
2020-11-11,Senegal,Guinea-Bissau,2,0,African Nations Cup qualifier,Senegal,False
2020-11-11,Mauritania,Burundi,1,1,African Nations Cup qualifier,Mauritania,False
2020-11-11,Equatorial Guinea,Libya,3,2,African Nations Cup qualifier,Tunisia,True
2020-11-11,Guinea,Chad,1,0,African Nations Cup qualifier,Guinea,False
2020-11-11,Luxembourg,Austria,0,3,Friendly,Luxembourg,False
2020-11-11,Belgium,Switzerland,2,1,Friendly,Belgium,False
2020-11-11,France,Finland,0,2,Friendly,France,False
2020-11-11,Netherlands,Spain,1,1,Friendly,Netherlands,False
2020-11-11,Germany,Czechia,1,0,Friendly,Germany,False
2020-11-11,Denmark,Sweden,2,0,Friendly,Denmark,False
2020-11-11,Italy,Estonia,4,0,Friendly,Italy,False
2020-11-11,Poland,Ukraine,2,0,Friendly,Poland,False
2020-11-11,Portugal,Andorra,7,0,Friendly,Portugal,False
2020-11-11,Romania,Belarus,5,3,Friendly,Romania,False
2020-11-11,San Marino,Latvia,0,3,Friendly,San Marino,False
2020-11-11,Lithuania,Faroe Islands,2,1,Friendly,Lithuania,False
2020-11-11,Turkey,Croatia,3,3,Friendly,Turkey,False
2020-11-11,Bulgaria,Gibraltar,3,0,Friendly,Bulgaria,False
2020-11-11,Greece,Cyprus,2,1,Friendly,Greece,False
2020-11-11,Albania,Kosovo,2,1,Friendly,Albania,False
2020-11-11,Montenegro,Kazakhstan,0,0,Friendly,Montenegro,False
2020-11-11,Malta,Liechtenstein,3,0,Friendly,Malta,False
2020-11-11,Slovenia,Azerbaijan,0,0,Friendly,Slovenia,False
2020-11-12,Bahrain,Lebanon,3,1,Friendly,United Arab Emirates,True
2020-11-12,Bosnia and Herzegovina,Iran,0,2,Friendly,Bosnia and Herzegovina,False
2020-11-12,Syria,Uzbekistan,1,0,Friendly,United Arab Emirates,True
2020-11-12,Iraq,Jordan,0,0,Friendly,United Arab Emirates,True
2020-11-12,United Arab Emirates,Tajikistan,3,2,Friendly,United Arab Emirates,False
2020-11-12,Uganda,South Sudan,1,0,African Nations Cup qualifier,Uganda,False
2020-11-12,Algeria,Zimbabwe,3,1,African Nations Cup qualifier,Algeria,False
2020-11-12,Zambia,Botswana,2,1,African Nations Cup qualifier,Zambia,False
2020-11-12,Ivory Coast,Madagascar,2,1,African Nations Cup qualifier,Ivory Coast,False
2020-11-12,Ghana,Sudan,2,0,African Nations Cup qualifier,Ghana,False
2020-11-12,Gabon,Gambia,2,1,African Nations Cup qualifier,Gabon,False
2020-11-12,Burkina Faso,Malawi,3,1,African Nations Cup qualifier,Burkina Faso,False
2020-11-12,Cape Verde,Rwanda,0,0,African Nations Cup qualifier,Cape Verde,False
2020-11-12,Cameroon,Mozambique,4,1,African Nations Cup qualifier,Cameroon,False
2020-11-12,Congo,Eswatini,2,0,African Nations Cup qualifier,Congo,False
2020-11-12,Wales,United States,0,0,Friendly,Wales,False
2020-11-12,Argentina,Paraguay,1,1,World Cup qualifier,Argentina,False
2020-11-12,Bolivia,Ecuador,2,3,World Cup qualifier,Bolivia,False
2020-11-12,Serbia,Scotland,1,1,European Championship qual,Serbia,False
2020-11-12,England,Ireland,3,0,Friendly,England,False
2020-11-12,Northern Ireland,Slovakia,1,2,European Championship qual,Northern Ireland,False
2020-11-12,Hungary,Iceland,2,1,European Championship qual,Hungary,False
2020-11-12,Moldova,Russia,0,0,Friendly,Moldova,False
2020-11-12,Georgia,North Macedonia,0,1,European Championship qual,Georgia,False
2020-11-13,Japan,Panama,1,0,Friendly,Austria,True
2020-11-13,Costa Rica,Qatar,1,1,Friendly,Austria,True
2020-11-13,Bangladesh,Nepal,2,0,Friendly,Bangladesh,False
2020-11-13,South Africa,Sao Tome and Principe,2,0,African Nations Cup qualifier,South Africa,False
2020-11-13,Tunisia,Tanzania,1,0,African Nations Cup qualifier,Tunisia,False
2020-11-13,Niger,Ethiopia,1,0,African Nations Cup qualifier,Niger,False
2020-11-13,Nigeria,Sierra Leone,4,4,African Nations Cup qualifier,Nigeria,False
2020-11-13,Morocco,Central African Republic,4,1,African Nations Cup qualifier,Morocco,False
2020-11-13,Mali,Namibia,1,0,African Nations Cup qualifier,Mali,False
2020-11-13,Colombia,Uruguay,0,3,World Cup qualifier,Colombia,False
2020-11-13,Chile,Peru,2,0,World Cup qualifier,Chile,False
2020-11-13,Brazil,Venezuela,1,0,World Cup qualifier,Brazil,False
2020-11-14,Mexico,South Korea,3,2,Friendly,Austria,True
2020-11-14,Saudi Arabia,Jamaica,3,0,Friendly,Saudi Arabia,False
2020-11-14,Egypt,Togo,1,0,African Nations Cup qualifier,Egypt,False
2020-11-14,DR Congo,Angola,0,0,African Nations Cup qualifier,DR Congo,False
2020-11-14,Benin,Lesotho,1,0,African Nations Cup qualifier,Benin,False
2020-11-14,Portugal,France,0,1,European Nations League A,Portugal,False
2020-11-14,Switzerland,Spain,1,1,European Nations League A,Switzerland,False
2020-11-14,Germany,Ukraine,3,1,European Nations League A,Germany,False
2020-11-14,Sweden,Croatia,2,1,European Nations League A,Sweden,False
2020-11-14,Cyprus,Luxembourg,2,1,European Nations League C,Cyprus,False
2020-11-14,Latvia,Faroe Islands,1,1,European Nations League D,Latvia,False
2020-11-14,Azerbaijan,Montenegro,0,0,European Nations League C,Croatia,True
2020-11-14,Malta,Andorra,3,1,European Nations League D,Malta,False
2020-11-14,San Marino,Gibraltar,0,0,European Nations League D,San Marino,False
2020-11-15,Comoros,Kenya,2,1,African Nations Cup qualifier,Comoros,False
2020-11-15,Guinea-Bissau,Senegal,0,1,African Nations Cup qualifier,Guinea-Bissau,False
2020-11-15,Burundi,Mauritania,3,1,African Nations Cup qualifier,Burundi,False
2020-11-15,Equatorial Guinea,Libya,1,0,African Nations Cup qualifier,Equatorial Guinea,False
2020-11-15,Chad,Guinea,1,1,African Nations Cup qualifier,Chad,False
2020-11-15,Guatemala,Honduras,2,1,Friendly,Guatemala,False
2020-11-15,Slovakia,Scotland,1,0,European Nations League B,Slovakia,False
2020-11-15,Belgium,England,2,0,European Nations League A,Belgium,False
2020-11-15,Wales,Ireland,1,0,European Nations League B,Wales,False
2020-11-15,Austria,Northern Ireland,2,1,European Nations League B,Austria,False
2020-11-15,Hungary,Serbia,1,1,European Nations League B,Hungary,False
2020-11-15,Netherlands,Bosnia and Herzegovina,3,1,European Nations League A,Netherlands,False
2020-11-15,Italy,Poland,2,0,European Nations League A,Italy,False
2020-11-15,Bulgaria,Finland,1,2,European Nations League B,Bulgaria,False
2020-11-15,Turkey,Russia,3,2,European Nations League B,Turkey,False
2020-11-15,Denmark,Iceland,2,1,European Nations League A,Denmark,False
2020-11-15,North Macedonia,Estonia,2,1,European Nations League C,North Macedonia,False
2020-11-15,Belarus,Lithuania,2,0,European Nations League C,Belarus,False
2020-11-15,Moldova,Greece,0,2,European Nations League C,Moldova,False
2020-11-15,Czechia,Israel,1,0,European Nations League B,Czechia,False
2020-11-15,Albania,Kazakhstan,3,1,European Nations League C,Albania,False
2020-11-15,Georgia,Armenia,1,2,European Nations League C,Georgia,False
2020-11-15,Slovenia,Kosovo,2,1,European Nations League C,Slovenia,False
2020-11-16,Jordan,Syria,1,0,Friendly,United Arab Emirates,True
2020-11-16,United Arab Emirates,Bahrain,1,3,Friendly,United Arab Emirates,False
2020-11-16,South Africa,Sao Tome and Principe,4,2,African Nations Cup qualifier,South Africa,False
2020-11-16,South Sudan,Uganda,1,0,African Nations Cup qualifier,Kenya,True
2020-11-16,Zimbabwe,Algeria,2,2,African Nations Cup qualifier,Zimbabwe,False
2020-11-16,Botswana,Zambia,1,0,African Nations Cup qualifier,Botswana,False
2020-11-16,Gambia,Gabon,2,1,African Nations Cup qualifier,The Gambia,True
2020-11-16,Malawi,Burkina Faso,0,0,African Nations Cup qualifier,Malawi,False
2020-11-16,Mozambique,Cameroon,0,2,African Nations Cup qualifier,Mozambique,False
2020-11-16,Eswatini,Congo,0,0,African Nations Cup qualifier,Eswatini,False
2020-11-16,United States,Panama,6,2,Friendly,Austria,True
2020-11-17,Mexico,Japan,2,0,Friendly,Austria,True
2020-11-17,South Korea,Qatar,2,1,Friendly,Austria,True
2020-11-17,Iraq,Uzbekistan,2,1,Friendly,United Arab Emirates,True
2020-11-17,Saudi Arabia,Jamaica,1,2,Friendly,Saudi Arabia,False
2020-11-17,Bangladesh,Nepal,0,0,Friendly,Bangladesh,False
2020-11-17,Togo,Egypt,1,3,African Nations Cup qualifier,Togo,False
2020-11-17,Tanzania,Tunisia,1,1,African Nations Cup qualifier,Tanzania,False
2020-11-17,Madagascar,Ivory Coast,1,1,African Nations Cup qualifier,Madagascar,False
2020-11-17,Ethiopia,Niger,3,0,African Nations Cup qualifier,Ethiopia,False
2020-11-17,Angola,DR Congo,0,1,African Nations Cup qualifier,Angola,False
2020-11-17,Sierra Leone,Nigeria,0,0,African Nations Cup qualifier,Sierra Leone,False
2020-11-17,Sudan,Ghana,1,0,African Nations Cup qualifier,Sudan,False
2020-11-17,Central African Republic,Morocco,0,2,African Nations Cup qualifier,Cameroon,True
2020-11-17,Lesotho,Benin,0,0,African Nations Cup qualifier,Lesotho,False
2020-11-17,Rwanda,Cape Verde,0,0,African Nations Cup qualifier,Rwanda,False
2020-11-17,Namibia,Mali,1,2,African Nations Cup qualifier,Namibia,False
2020-11-17,Uruguay,Brazil,0,2,World Cup qualifier,Uruguay,False
2020-11-17,Peru,Argentina,0,2,World Cup qualifier,Peru,False
2020-11-17,Venezuela,Chile,2,1,World Cup qualifier,Venezuela,False
2020-11-17,Paraguay,Bolivia,2,2,World Cup qualifier,Paraguay,False
2020-11-17,Ecuador,Colombia,6,1,World Cup qualifier,Ecuador,False
2020-11-17,France,Sweden,4,2,European Nations League A,France,False
2020-11-17,Spain,Germany,6,0,European Nations League A,Spain,False
2020-11-17,Luxembourg,Azerbaijan,0,0,European Nations League C,Luxembourg,False
2020-11-17,Croatia,Portugal,2,3,European Nations League A,Croatia,False
2020-11-17,Andorra,Latvia,0,5,European Nations League D,Andorra,False
2020-11-17,Montenegro,Cyprus,4,0,European Nations League C,Montenegro,False
2020-11-17,Malta,Faroe Islands,1,1,European Nations League D,Malta,False
2020-11-17,Gibraltar,Liechtenstein,1,1,European Nations League D,Gibraltar,False
2020-11-18,Israel,Scotland,1,0,European Nations League B,Israel,False
2020-11-18,England,Iceland,4,0,European Nations League A,England,False
2020-11-18,Wales,Finland,3,1,European Nations League B,Wales,False
2020-11-18,Northern Ireland,Romania,1,1,European Nations League B,Northern Ireland,False
2020-11-18,Austria,Norway,1,1,European Nations League B,Austria,False
2020-11-18,Hungary,Turkey,2,0,European Nations League B,Hungary,False
2020-11-18,Belgium,Denmark,4,2,European Nations League A,Belgium,False
2020-11-18,Poland,Netherlands,1,2,European Nations League A,Poland,False
2020-11-18,Bosnia and Herzegovina,Italy,0,2,European Nations League A,Bosnia and Herzegovina,False
2020-11-18,Serbia,Russia,5,0,European Nations League B,Serbia,False
2020-11-18,Georgia,Estonia,0,0,European Nations League C,Georgia,False
2020-11-18,Kazakhstan,Lithuania,1,2,European Nations League C,Kazakhstan,False
2020-11-18,Ireland,Bulgaria,0,0,European Nations League B,Ireland,False
2020-11-18,Albania,Belarus,3,2,European Nations League C,Albania,False
2020-11-18,Greece,Slovenia,0,0,European Nations League C,Greece,False
2020-11-18,Czechia,Slovakia,2,0,European Nations League B,Czechia,False
2020-11-18,Kosovo,Moldova,1,0,European Nations League C,Kosovo,False
2020-11-18,Armenia,North Macedonia,1,0,European Nations League C,Cyprus,True
2020-12-04,Qatar,Bangladesh,5,0,World Cup and Asian Cup qual,Qatar,False
2020-12-09,United States,El Salvador,6,0,Friendly,United States,False
2021-01-12,United Arab Emirates,Iraq,0,0,Friendly,United Arab Emirates,False
2021-01-18,Kuwait,Palestine,0,1,Friendly,Kuwait,False
2021-01-19,Dominican Republic,Puerto Rico,0,1,Friendly,Dominican Republic,False
2021-01-22,Guatemala,Puerto Rico,1,0,Friendly,Guatemala,False
2021-01-25,Dominican Republic,Serbia,0,0,Friendly,Dominican Republic,False
2021-01-27,Iraq,Kuwait,2,1,Friendly,Iraq,False
2021-01-28,Panama,Serbia,0,0,Friendly,Panama,False
2021-01-31,United States,Trinidad and Tobago,7,0,Friendly,United States,False
2021-02-01,Jordan,Tajikistan,2,0,Friendly,United Arab Emirates,True
2021-02-05,Tajikistan,Jordan,1,0,Friendly,United Arab Emirates,True
2021-02-15,Uzbekistan,Jordan,2,0,Friendly,United Arab Emirates,True
2021-02-24,Guatemala,Nicaragua,1,0,Friendly,Guatemala,False
2021-03-05,Bermuda,Bahamas,3,0,Friendly,United States,True
2021-03-07,Bahamas,Bermuda,0,0,Friendly,United States,True
2021-03-13,Kenya,South Sudan,1,0,Friendly,Kenya,False
2021-03-15,Kenya,Tanzania,2,1,Friendly,Kenya,False
2021-03-17,Ethiopia,Malawi,4,0,Friendly,Ethiopia,False
2021-03-19,Barbados,Turks and Caicos Islands,2,0,Friendly,Dominican Republic,True
2021-03-20,Jordan,Oman,0,0,Friendly,United Arab Emirates,True
2021-03-21,Antigua and Barbuda,British Virgin Islands,3,0,Friendly,Curaçao,True
2021-03-21,Anguilla,US Virgin Islands,0,0,Friendly,United States,True
2021-03-24,Jordan,Lebanon,1,0,Friendly,United Arab Emirates,True
2021-03-24,Qatar,Luxembourg,1,0,Friendly,Hungary,True
2021-03-24,Uganda,Burkina Faso,0,0,African Nations Cup qualifier,Uganda,False
2021-03-24,Ethiopia,Madagascar,4,0,African Nations Cup qualifier,Ethiopia,False
2021-03-24,Sao Tome and Principe,Sudan,0,2,African Nations Cup qualifier,Sao Tome and Principe,False
2021-03-24,Malawi,South Sudan,1,0,African Nations Cup qualifier,Sudan,True
2021-03-24,Guinea,Mali,1,0,African Nations Cup qualifier,Guinea,False
2021-03-24,Rwanda,Mozambique,1,0,African Nations Cup qualifier,Rwanda,False
2021-03-24,Guatemala,Cuba,1,0,World Cup qualifier,Guatemala,False
2021-03-24,Belarus,Honduras,1,1,Friendly,Belarus,False
2021-03-24,Dominican Republic,Dominica,1,0,World Cup qualifier,Dominican Republic,False
2021-03-24,Suriname,Cayman Islands,3,0,World Cup qualifier,Suriname,False
2021-03-24,Saint Kitts and Nevis,Puerto Rico,1,0,World Cup qualifier,Dominican Republic,True
2021-03-24,Antigua and Barbuda,Montserrat,2,2,World Cup qualifier,Curaçao,True
2021-03-24,Belgium,Wales,3,1,World Cup qualifier,Belgium,False
2021-03-24,France,Ukraine,1,1,World Cup qualifier,France,False
2021-03-24,Turkey,Netherlands,4,2,World Cup qualifier,Turkey,False
2021-03-24,Gibraltar,Norway,0,3,World Cup qualifier,Gibraltar,False
2021-03-24,Finland,Bosnia and Herzegovina,2,2,World Cup qualifier,Finland,False
2021-03-24,Malta,Russia,1,3,World Cup qualifier,Malta,False
2021-03-24,Czechia,Estonia,6,2,World Cup qualifier,Poland,True
2021-03-24,Portugal,Azerbaijan,1,0,World Cup qualifier,Italy,True
2021-03-24,Latvia,Montenegro,1,2,World Cup qualifier,Latvia,False
2021-03-24,Kosovo,Lithuania,4,0,Friendly,Kosovo,False
2021-03-24,Serbia,Ireland,3,2,World Cup qualifier,Serbia,False
2021-03-24,Cyprus,Slovakia,0,0,World Cup qualifier,Cyprus,False
2021-03-24,Slovenia,Croatia,1,0,World Cup qualifier,Slovenia,False
2021-03-25,Japan,South Korea,3,0,Friendly,Japan,False
2021-03-25,India,Oman,1,1,Friendly,United Arab Emirates,True
2021-03-25,Tajikistan,Mongolia,3,0,World Cup and Asian Cup qual,Tajikistan,False
2021-03-25,Bahrain,Syria,3,1,Friendly,Bahrain,False
2021-03-25,Saudi Arabia,Kuwait,1,0,Friendly,Saudi Arabia,False
2021-03-25,Kenya,Egypt,1,1,African Nations Cup qualifier,Kenya,False
2021-03-25,South Africa,Ghana,1,1,African Nations Cup qualifier,South Africa,False
2021-03-25,Equatorial Guinea,Tanzania,1,0,African Nations Cup qualifier,Equatorial Guinea,False
2021-03-25,Botswana,Zimbabwe,0,1,African Nations Cup qualifier,Botswana,False
2021-03-25,Zambia,Algeria,3,3,African Nations Cup qualifier,Zambia,False
2021-03-25,Gabon,DR Congo,3,0,African Nations Cup qualifier,Gabon,False
2021-03-25,Gambia,Angola,1,0,African Nations Cup qualifier,The Gambia,True
2021-03-25,Comoros,Togo,0,0,African Nations Cup qualifier,Comoros,False
2021-03-25,Libya,Tunisia,2,5,African Nations Cup qualifier,Libya,False
2021-03-25,United States,Jamaica,4,1,Friendly,Austria,True
2021-03-25,Canada,Bermuda,5,1,World Cup qualifier,United States,True
2021-03-25,El Salvador,Grenada,2,0,World Cup qualifier,El Salvador,False
2021-03-25,Curaçao,St Vincent & Grenadines,5,0,World Cup qualifier,Curaçao,False
2021-03-25,Haiti,Belize,2,0,World Cup qualifier,Haiti,False
2021-03-25,Trinidad and Tobago,Guyana,3,0,World Cup qualifier,Dominican Republic,True
2021-03-25,Panama,Barbados,1,0,World Cup qualifier,Dominican Republic,True
2021-03-25,Scotland,Austria,2,2,World Cup qualifier,Scotland,False
2021-03-25,England,San Marino,5,0,World Cup qualifier,England,False
2021-03-25,Italy,Northern Ireland,2,0,World Cup qualifier,Italy,False
2021-03-25,Hungary,Poland,3,3,World Cup qualifier,Hungary,False
2021-03-25,Bulgaria,Switzerland,1,3,World Cup qualifier,Bulgaria,False
2021-03-25,Germany,Iceland,3,0,World Cup qualifier,Germany,False
2021-03-25,Sweden,Georgia,1,0,World Cup qualifier,Sweden,False
2021-03-25,Israel,Denmark,0,2,World Cup qualifier,Israel,False
2021-03-25,Spain,Greece,1,1,World Cup qualifier,Spain,False
2021-03-25,Romania,North Macedonia,3,2,World Cup qualifier,Romania,False
2021-03-25,Andorra,Albania,0,1,World Cup qualifier,Andorra,False
2021-03-25,Moldova,Faroe Islands,1,1,World Cup qualifier,Moldova,False
2021-03-25,Liechtenstein,Armenia,0,1,World Cup qualifier,Liechtenstein,False
2021-03-26,Eswatini,Guinea-Bissau,1,3,African Nations Cup qualifier,Eswatini,False
2021-03-26,Burundi,Central African Republic,2,2,African Nations Cup qualifier,Burundi,False
2021-03-26,Mauritania,Morocco,0,0,African Nations Cup qualifier,Mauritania,False
2021-03-26,Cape Verde,Cameroon,3,1,African Nations Cup qualifier,Cape Verde,False
2021-03-26,Niger,Ivory Coast,0,3,African Nations Cup qualifier,Niger,False
2021-03-26,Congo,Senegal,0,0,African Nations Cup qualifier,Congo,False
2021-03-26,Chile,Bolivia,2,1,Friendly,Chile,False
2021-03-27,Qatar,Azerbaijan,2,1,Friendly,Hungary,True
2021-03-27,Nepal,Bangladesh,0,0,Friendly tournament,Nepal,False
2021-03-27,Lesotho,Sierra Leone,0,0,African Nations Cup qualifier,Lesotho,False
2021-03-27,Benin,Nigeria,0,1,African Nations Cup qualifier,Benin,False
2021-03-27,Bosnia and Herzegovina,Costa Rica,0,0,Friendly,Bosnia and Herzegovina,False
2021-03-27,Guatemala,British Virgin Islands,3,0,World Cup qualifier,Curaçao,True
2021-03-27,Wales,Mexico,1,0,Friendly,Wales,False
2021-03-27,Suriname,Aruba,6,0,World Cup qualifier,United States,True
2021-03-27,Nicaragua,Turks and Caicos Islands,7,0,World Cup qualifier,Dominican Republic,True
2021-03-27,Bahamas,Saint Kitts and Nevis,0,4,World Cup qualifier,Bahamas,False
2021-03-27,Dominican Republic,Anguilla,6,0,World Cup qualifier,United States,True
2021-03-27,US Virgin Islands,Antigua and Barbuda,0,3,World Cup qualifier,US Virgin Islands,False
2021-03-27,Czechia,Belgium,1,1,World Cup qualifier,Czechia,False
2021-03-27,Netherlands,Latvia,2,0,World Cup qualifier,Netherlands,False
2021-03-27,Norway,Turkey,0,3,World Cup qualifier,Spain,True
2021-03-27,Ireland,Luxembourg,0,1,World Cup qualifier,Ireland,False
2021-03-27,Russia,Slovenia,2,1,World Cup qualifier,Russia,False
2021-03-27,Belarus,Estonia,4,2,World Cup qualifier,Belarus,False
2021-03-27,Serbia,Portugal,2,2,World Cup qualifier,Serbia,False
2021-03-27,Slovakia,Malta,2,2,World Cup qualifier,Slovakia,False
2021-03-27,Croatia,Cyprus,1,0,World Cup qualifier,Croatia,False
2021-03-27,Montenegro,Gibraltar,4,1,World Cup qualifier,Montenegro,False
2021-03-28,Sudan,South Africa,2,0,African Nations Cup qualifier,Sudan,False
2021-03-28,Tanzania,Libya,1,0,African Nations Cup qualifier,Tanzania,False
2021-03-28,Ghana,Sao Tome and Principe,3,1,African Nations Cup qualifier,Ghana,False
2021-03-28,Tunisia,Equatorial Guinea,2,1,African Nations Cup qualifier,Tunisia,False
2021-03-28,Namibia,Guinea,2,1,African Nations Cup qualifier,Namibia,False
2021-03-28,Northern Ireland,United States,1,2,Friendly,Northern Ireland,False
2021-03-28,El Salvador,Montserrat,1,1,World Cup qualifier,Curaçao,True
2021-03-28,Curaçao,Cuba,2,1,World Cup qualifier,Guatemala,True
2021-03-28,Greece,Honduras,2,1,Friendly,Greece,False
2021-03-28,Puerto Rico,Trinidad and Tobago,1,1,World Cup qualifier,Puerto Rico,False
2021-03-28,Panama,Dominica,2,1,World Cup qualifier,Dominican Republic,True
2021-03-28,Israel,Scotland,1,1,World Cup qualifier,Israel,False
2021-03-28,Albania,England,0,2,World Cup qualifier,Albania,False
2021-03-28,Austria,Faroe Islands,3,1,World Cup qualifier,Austria,False
2021-03-28,San Marino,Hungary,0,3,World Cup qualifier,San Marino,False
2021-03-28,Kazakhstan,France,0,2,World Cup qualifier,Kazakhstan,False
2021-03-28,Switzerland,Lithuania,1,0,World Cup qualifier,Switzerland,False
2021-03-28,Romania,Germany,0,1,World Cup qualifier,Romania,False
2021-03-28,Kosovo,Sweden,0,3,World Cup qualifier,Kosovo,False
2021-03-28,Bulgaria,Italy,0,2,World Cup qualifier,Bulgaria,False
2021-03-28,Ukraine,Finland,1,1,World Cup qualifier,Ukraine,False
2021-03-28,Denmark,Moldova,8,0,World Cup qualifier,Denmark,False
2021-03-28,Poland,Andorra,3,0,World Cup qualifier,Poland,False
2021-03-28,Georgia,Spain,1,2,World Cup qualifier,Georgia,False
2021-03-28,Armenia,Iceland,2,0,World Cup qualifier,Armenia,False
2021-03-28,North Macedonia,Liechtenstein,5,0,World Cup qualifier,North Macedonia,False
2021-03-29,United Arab Emirates,India,6,0,Friendly,United Arab Emirates,False
2021-03-29,Kuwait,Lebanon,1,1,Friendly,United Arab Emirates,True
2021-03-29,Uzbekistan,Iraq,0,1,Friendly,Uzbekistan,False
2021-03-29,Nepal,Bangladesh,2,1,Friendly tournament,Nepal,False
2021-03-29,Egypt,Comoros,4,0,African Nations Cup qualifier,Egypt,False
2021-03-29,Togo,Kenya,1,2,African Nations Cup qualifier,Togo,False
2021-03-29,Malawi,Uganda,1,0,African Nations Cup qualifier,Malawi,False
2021-03-29,Zimbabwe,Zambia,0,2,African Nations Cup qualifier,Zimbabwe,False
2021-03-29,DR Congo,Gambia,1,0,African Nations Cup qualifier,DR Congo,False
2021-03-29,Angola,Gabon,2,0,African Nations Cup qualifier,Angola,False
2021-03-29,Burkina Faso,South Sudan,1,0,African Nations Cup qualifier,Burkina Faso,False
2021-03-29,Algeria,Botswana,5,0,African Nations Cup qualifier,Algeria,False
2021-03-29,Canada,Cayman Islands,11,0,World Cup qualifier,United States,True
2021-03-29,Ecuador,Bolivia,2,1,Friendly,Ecuador,False
2021-03-30,Japan,Mongolia,14,0,World Cup and Asian Cup qual,Japan,False
2021-03-30,Iran,Syria,3,0,Friendly,Iran,False
2021-03-30,Bahrain,Jordan,1,2,Friendly,Bahrain,False
2021-03-30,Saudi Arabia,Palestine,5,0,World Cup and Asian Cup qual,Saudi Arabia,False
2021-03-30,Ireland,Qatar,1,1,Friendly,Hungary,True
2021-03-30,Madagascar,Niger,0,0,African Nations Cup qualifier,Madagascar,False
2021-03-30,Ivory Coast,Ethiopia,3,1,African Nations Cup qualifier,Ivory Coast,False
2021-03-30,Nigeria,Lesotho,3,0,African Nations Cup qualifier,Nigeria,False
2021-03-30,Guinea-Bissau,Congo,3,0,African Nations Cup qualifier,Guinea-Bissau,False
2021-03-30,Morocco,Burundi,1,0,African Nations Cup qualifier,Morocco,False
2021-03-30,Mozambique,Cape Verde,0,1,African Nations Cup qualifier,Mozambique,False
2021-03-30,Cameroon,Rwanda,0,0,African Nations Cup qualifier,Cameroon,False
2021-03-30,Central African Republic,Mauritania,0,1,African Nations Cup qualifier,Central African Republic,False
2021-03-30,Senegal,Eswatini,1,1,African Nations Cup qualifier,Senegal,False
2021-03-30,Mexico,Costa Rica,1,0,Friendly,Austria,True
2021-03-30,Bermuda,Aruba,5,0,World Cup qualifier,Bermuda,False
2021-03-30,Guyana,Bahamas,4,0,World Cup qualifier,Dominican Republic,True
2021-03-30,Barbados,Anguilla,1,0,World Cup qualifier,Dominican Republic,True
2021-03-30,Grenada,US Virgin Islands,1,0,World Cup qualifier,Grenada,False
2021-03-30,St Vincent & Grenadines,British Virgin Islands,3,0,World Cup qualifier,Curaçao,True
2021-03-30,Belize,Turks and Caicos Islands,5,0,World Cup qualifier,Dominican Republic,True
2021-03-30,Wales,Czechia,1,0,World Cup qualifier,Wales,False
2021-03-30,Belgium,Belarus,8,0,World Cup qualifier,Belgium,False
2021-03-30,Gibraltar,Netherlands,0,7,World Cup qualifier,Gibraltar,False
2021-03-30,Montenegro,Norway,0,1,World Cup qualifier,Montenegro,False
2021-03-30,Luxembourg,Portugal,1,3,World Cup qualifier,Luxembourg,False
2021-03-30,Slovakia,Russia,2,1,World Cup qualifier,Slovakia,False
2021-03-30,Turkey,Latvia,3,3,World Cup qualifier,Turkey,False
2021-03-30,Croatia,Malta,3,0,World Cup qualifier,Croatia,False
2021-03-30,Cyprus,Slovenia,1,0,World Cup qualifier,Cyprus,False
2021-03-30,Azerbaijan,Serbia,1,2,World Cup qualifier,Azerbaijan,False
2021-03-31,Scotland,Faroe Islands,4,0,World Cup qualifier,Scotland,False
2021-03-31,England,Poland,2,1,World Cup qualifier,England,False
2021-03-31,Northern Ireland,Bulgaria,0,0,World Cup qualifier,Northern Ireland,False
2021-03-31,Austria,Denmark,0,4,World Cup qualifier,Austria,False
2021-03-31,Andorra,Hungary,1,4,World Cup qualifier,Andorra,False
2021-03-31,Bosnia and Herzegovina,France,0,1,World Cup qualifier,Bosnia and Herzegovina,False
2021-03-31,Switzerland,Finland,3,2,Friendly,Switzerland,False
2021-03-31,Germany,North Macedonia,1,2,World Cup qualifier,Germany,False
2021-03-31,Sweden,Estonia,1,0,Friendly,Sweden,False
2021-03-31,Lithuania,Italy,0,2,World Cup qualifier,Lithuania,False
2021-03-31,Spain,Kosovo,3,1,World Cup qualifier,Spain,False
2021-03-31,Armenia,Romania,3,2,World Cup qualifier,Armenia,False
2021-03-31,Ukraine,Kazakhstan,1,1,World Cup qualifier,Ukraine,False
2021-03-31,Greece,Georgia,1,1,World Cup qualifier,Greece,False
2021-03-31,Moldova,Israel,1,4,World Cup qualifier,Moldova,False
2021-03-31,Liechtenstein,Iceland,1,4,World Cup qualifier,Liechtenstein,False
2021-03-31,San Marino,Albania,0,2,World Cup qualifier,San Marino,False
2021-04-28,Sierra Leone,Liberia,0,2,Friendly tournament,Sierra Leone,False
2021-05-23,Kuwait,Malaysia,4,1,Friendly,United Arab Emirates,True
2021-05-23,Ukraine,Bahrain,1,1,Friendly,Ukraine,False
2021-05-23,Anguilla,US Virgin Islands,1,0,Friendly,Dominican Republic,True
2021-05-24,Iraq,Tajikistan,0,0,Friendly,Iraq,False
2021-05-24,United Arab Emirates,Jordan,5,1,Friendly,United Arab Emirates,False
2021-05-25,Afghanistan,Indonesia,3,2,Friendly,United Arab Emirates,True
2021-05-25,Oman,Thailand,1,0,Friendly,United Arab Emirates,True
2021-05-27,Turkey,Azerbaijan,2,1,Friendly,Turkey,False
2021-05-28,Japan,Myanmar,10,0,World Cup and Asian Cup qual,Japan,False
2021-05-28,Bahrain,Malaysia,2,0,Friendly,Bahrain,False
2021-05-28,Italy,San Marino,7,0,Friendly,Italy,False
2021-05-29,Oman,Indonesia,3,1,Friendly,United Arab Emirates,True
2021-05-29,Afghanistan,Singapore,1,1,Friendly,United Arab Emirates,True
2021-05-29,Tajikistan,Thailand,2,2,Friendly,United Arab Emirates,True
2021-05-29,Iraq,Nepal,6,2,Friendly,Iraq,False
2021-05-29,Mexico,Iceland,2,1,Friendly,United States,True
2021-05-29,Sweden,Finland,2,0,Friendly,Sweden,False
2021-05-30,China,Guam,7,0,World Cup and Asian Cup qual,China,False
2021-05-30,Uzbekistan,Thailand,4,1,Friendly,United Arab Emirates,True
2021-05-30,Switzerland,United States,2,1,Friendly,Switzerland,False
2021-05-30,Northern Ireland,Malta,3,0,Friendly,Austria,True
2021-05-31,Jordan,Vietnam,1,1,Friendly,United Arab Emirates,True
2021-05-31,Turkey,Guinea,0,0,Friendly,Turkey,False
2021-06-01,Poland,Russia,1,1,Friendly,Poland,False
2021-06-01,Lithuania,Estonia,0,1,Baltic Cup,Lithuania,False
2021-06-01,Bulgaria,Slovakia,1,1,Friendly,Austria,True
2021-06-01,Croatia,Armenia,1,1,Friendly,Croatia,False
2021-06-01,Kosovo,San Marino,4,1,Friendly,Kosovo,False
2021-06-01,North Macedonia,Slovenia,1,1,Friendly,North Macedonia,False
2021-06-02,Mozambique,Lesotho,5,0,Friendly tournament,Mozambique,False
2021-06-02,Aruba,Cayman Islands,3,1,World Cup qualifier,United States,True
2021-06-02,Dominica,Anguilla,3,0,World Cup qualifier,Dominican Republic,True
2021-06-02,Cuba,British Virgin Islands,5,0,World Cup qualifier,Guatemala,True
2021-06-02,Puerto Rico,Bahamas,7,0,World Cup qualifier,Puerto Rico,False
2021-06-02,Montserrat,US Virgin Islands,4,0,World Cup qualifier,Dominican Republic,True
2021-06-02,Netherlands,Scotland,2,2,Friendly,Portugal,True
2021-06-02,England,Austria,1,0,Friendly,England,False
2021-06-02,France,Wales,3,0,Friendly,France,False
2021-06-02,Denmark,Germany,1,1,Friendly,Austria,True
2021-06-02,Norway,Luxembourg,1,0,Friendly,Spain,True
2021-06-02,Romania,Georgia,1,2,Friendly,Romania,False
2021-06-02,Belarus,Azerbaijan,1,2,Friendly,Belarus,False
2021-06-02,Bosnia and Herzegovina,Montenegro,0,0,Friendly,Bosnia and Herzegovina,False
2021-06-03,Kuwait,Australia,0,3,World Cup and Asian Cup qual,Kuwait,False
2021-06-03,Indonesia,Thailand,2,2,World Cup and Asian Cup qual,United Arab Emirates,True
2021-06-03,Qatar,India,1,0,World Cup and Asian Cup qual,Qatar,False
2021-06-03,Afghanistan,Bangladesh,1,1,World Cup and Asian Cup qual,Qatar,True
2021-06-03,Iran,Hong Kong,3,1,World Cup and Asian Cup qual,Bahrain,True
2021-06-03,Nepal,Taiwan,2,0,World Cup and Asian Cup qual,Kuwait,True
2021-06-03,Palestine,Singapore,4,0,World Cup and Asian Cup qual,Saudi Arabia,True
2021-06-03,United Arab Emirates,Malaysia,4,0,World Cup and Asian Cup qual,United Arab Emirates,False
2021-06-03,Bahrain,Cambodia,8,0,World Cup and Asian Cup qual,Bahrain,False
2021-06-03,Algeria,Mauritania,4,1,Friendly,Algeria,False
2021-06-03,United States,Honduras,1,0,CONCACAF Nations League,United States,False
2021-06-03,Costa Rica,Mexico,0,0,CONCACAF Nations League,United States,True
2021-06-03,Uruguay,Paraguay,0,0,World Cup qualifier,Uruguay,False
2021-06-03,Argentina,Chile,1,1,World Cup qualifier,Argentina,False
2021-06-03,Bolivia,Venezuela,3,1,World Cup qualifier,Bolivia,False
2021-06-03,Peru,Colombia,0,3,World Cup qualifier,Peru,False
2021-06-03,Ukraine,Northern Ireland,1,0,Friendly,Ukraine,False
2021-06-03,Belgium,Greece,1,1,Friendly,Belgium,False
2021-06-03,Switzerland,Liechtenstein,7,0,Friendly,Switzerland,False
2021-06-03,Turkey,Moldova,2,0,Friendly,Germany,True
2021-06-03,Andorra,Ireland,1,4,Friendly,Andorra,False
2021-06-04,Syria,Maldives,4,0,World Cup and Asian Cup qual,United Arab Emirates,True
2021-06-04,Cameroon,Nigeria,1,0,Friendly,Austria,True
2021-06-04,Rwanda,Central African Republic,2,0,Friendly,Rwanda,False
2021-06-04,Guatemala,St Vincent & Grenadines,10,0,World Cup qualifier,Guatemala,False
2021-06-04,Saint Kitts and Nevis,Guyana,3,0,World Cup qualifier,Saint Kitts and Nevis,False
2021-06-04,Dominican Republic,Barbados,1,1,World Cup qualifier,Dominican Republic,False
2021-06-04,Nicaragua,Belize,3,0,World Cup qualifier,Nicaragua,False
2021-06-04,Suriname,Bermuda,6,0,World Cup qualifier,Suriname,False
2021-06-04,Antigua and Barbuda,Grenada,1,0,World Cup qualifier,Antigua and Barbuda,False
2021-06-04,Brazil,Ecuador,2,0,World Cup qualifier,Brazil,False
2021-06-04,Hungary,Cyprus,1,0,Friendly,Hungary,False
2021-06-04,Italy,Czechia,4,0,Friendly,Italy,False
2021-06-04,Finland,Estonia,0,1,Friendly,Finland,False
2021-06-04,Spain,Portugal,0,0,Friendly,Spain,False
2021-06-04,Latvia,Lithuania,3,1,Baltic Cup,Latvia,False
2021-06-04,Faroe Islands,Iceland,0,1,Friendly,Faroe Islands,False
2021-06-04,Kosovo,Malta,2,1,Friendly,Austria,True
2021-06-04,North Macedonia,Kazakhstan,4,0,Friendly,North Macedonia,False
2021-06-04,Slovenia,Gibraltar,6,0,Friendly,Slovenia,False
2021-06-05,Lebanon,Sri Lanka,3,2,World Cup and Asian Cup qual,South Korea,True
2021-06-05,South Korea,Turkmenistan,5,0,World Cup and Asian Cup qual,South Korea,False
2021-06-05,Saudi Arabia,Yemen,3,0,World Cup and Asian Cup qual,Saudi Arabia,False
2021-06-05,Senegal,Zambia,3,1,Friendly,Senegal,False
2021-06-05,Tunisia,DR Congo,1,0,Friendly,Tunisia,False
2021-06-05,Gambia,Niger,2,0,Friendly,Turkey,True
2021-06-05,Togo,Guinea,2,0,Friendly,Turkey,True
2021-06-05,Ivory Coast,Burkina Faso,2,1,Friendly,Ivory Coast,False
2021-06-05,Eswatini,Lesotho,1,0,Friendly tournament,Mozambique,True
2021-06-05,Canada,Aruba,7,0,World Cup qualifier,United States,True
2021-06-05,US Virgin Islands,El Salvador,0,7,World Cup qualifier,US Virgin Islands,False
2021-06-05,Curaçao,British Virgin Islands,8,0,World Cup qualifier,Guatemala,True
2021-06-05,Turks and Caicos Islands,Haiti,0,10,World Cup qualifier,Turks and Caicos Islands,False
2021-06-05,Bahamas,Trinidad and Tobago,0,0,World Cup qualifier,Bahamas,False
2021-06-05,Panama,Anguilla,13,0,World Cup qualifier,Panama,False
2021-06-05,Wales,Albania,0,0,Friendly,Wales,False
2021-06-05,Sweden,Armenia,3,1,Friendly,Sweden,False
2021-06-05,Russia,Bulgaria,1,0,Friendly,Russia,False
2021-06-05,Montenegro,Israel,1,3,Friendly,Montenegro,False
2021-06-06,Algeria,Mali,1,0,Friendly,Algeria,False
2021-06-06,United States,Mexico,3,2,CONCACAF Nations League,United States,False
2021-06-06,Costa Rica,Honduras,2,2,CONCACAF Nations League,United States,True
2021-06-06,Luxembourg,Scotland,0,1,Friendly,Luxembourg,False
2021-06-06,England,Romania,1,0,Friendly,England,False
2021-06-06,Austria,Slovakia,0,0,Friendly,Austria,False
2021-06-06,Belgium,Croatia,1,0,Friendly,Belgium,False
2021-06-06,Netherlands,Georgia,3,0,Friendly,Netherlands,False
2021-06-06,Greece,Norway,2,1,Friendly,Spain,True
2021-06-06,Denmark,Bosnia and Herzegovina,2,0,Friendly,Denmark,False
2021-06-06,Moldova,Azerbaijan,1,0,Friendly,Moldova,False
2021-06-07,Japan,Tajikistan,4,1,World Cup and Asian Cup qual,Japan,False
2021-06-07,China,Philippines,2,0,World Cup and Asian Cup qual,United Arab Emirates,True
2021-06-07,Australia,Taiwan,5,1,World Cup and Asian Cup qual,Kuwait,True
2021-06-07,Vietnam,Indonesia,4,0,World Cup and Asian Cup qual,United Arab Emirates,True
2021-06-07,India,Bangladesh,2,0,World Cup and Asian Cup qual,Qatar,True
2021-06-07,Bahrain,Iran,0,3,World Cup and Asian Cup qual,Bahrain,False
2021-06-07,Mongolia,Kyrgyzstan,1,0,World Cup and Asian Cup qual,Japan,True
2021-06-07,Syria,Guam,3,0,World Cup and Asian Cup qual,United Arab Emirates,True
2021-06-07,Uzbekistan,Singapore,5,0,World Cup and Asian Cup qual,Saudi Arabia,True
2021-06-07,Iraq,Cambodia,4,1,World Cup and Asian Cup qual,Bahrain,True
2021-06-07,United Arab Emirates,Thailand,3,1,World Cup and Asian Cup qual,United Arab Emirates,False
2021-06-07,Jordan,Nepal,3,0,World Cup and Asian Cup qual,Kuwait,True
2021-06-07,Qatar,Oman,1,0,World Cup and Asian Cup qual,Qatar,False
2021-06-07,Rwanda,Central African Republic,5,0,Friendly,Rwanda,False
2021-06-07,Jamaica,Serbia,1,1,Friendly,Japan,True
2021-06-07,Germany,Latvia,7,1,Friendly,Germany,False
2021-06-07,Ukraine,Cyprus,4,0,Friendly,Ukraine,False
2021-06-07,Faroe Islands,Liechtenstein,5,1,Friendly,Faroe Islands,False
2021-06-07,Andorra,Gibraltar,0,0,Friendly,Andorra,False
2021-06-08,Benin,Zambia,2,2,Friendly,Benin,False
2021-06-08,Cameroon,Nigeria,0,0,Friendly,Austria,True
2021-06-08,Morocco,Ghana,1,0,Friendly,Morocco,False
2021-06-08,Gambia,Togo,1,0,Friendly,Turkey,True
2021-06-08,Senegal,Cape Verde,2,0,Friendly,Senegal,False
2021-06-08,Guinea,Kosovo,2,1,Friendly,Turkey,True
2021-06-08,Mozambique,Eswatini,1,1,Friendly tournament,Mozambique,False
2021-06-08,Canada,Suriname,4,0,World Cup qualifier,United States,True
2021-06-08,El Salvador,Antigua and Barbuda,3,0,World Cup qualifier,El Salvador,False
2021-06-08,Curaçao,Guatemala,0,0,World Cup qualifier,Curaçao,False
2021-06-08,Haiti,Nicaragua,1,0,World Cup qualifier,Haiti,False
2021-06-08,Puerto Rico,Guyana,2,0,World Cup qualifier,Saint Kitts and Nevis,True
2021-06-08,Trinidad and Tobago,Saint Kitts and Nevis,2,0,World Cup qualifier,Dominican Republic,True
2021-06-08,Barbados,Dominica,1,1,World Cup qualifier,Dominican Republic,True
2021-06-08,Cuba,St Vincent & Grenadines,1,0,World Cup qualifier,Grenada,True
2021-06-08,Grenada,Montserrat,1,2,World Cup qualifier,Grenada,False
2021-06-08,Panama,Dominican Republic,3,0,World Cup qualifier,Panama,False
2021-06-08,Bermuda,Cayman Islands,1,1,World Cup qualifier,United States,True
2021-06-08,Venezuela,Uruguay,0,0,World Cup qualifier,Venezuela,False
2021-06-08,Colombia,Argentina,2,2,World Cup qualifier,Colombia,False
2021-06-08,Chile,Bolivia,1,1,World Cup qualifier,Chile,False
2021-06-08,Paraguay,Brazil,0,2,World Cup qualifier,Paraguay,False
2021-06-08,Ecuador,Peru,1,2,World Cup qualifier,Ecuador,False
2021-06-08,Hungary,Ireland,0,0,Friendly,Hungary,False
2021-06-08,France,Bulgaria,3,0,Friendly,France,False
2021-06-08,Poland,Iceland,2,2,Friendly,Poland,False
2021-06-08,Spain,Lithuania,4,0,Friendly,Spain,False
2021-06-08,Czechia,Albania,3,1,Friendly,Czechia,False
2021-06-09,Turkmenistan,Lebanon,3,2,World Cup and Asian Cup qual,South Korea,True
2021-06-09,South Korea,Sri Lanka,5,0,World Cup and Asian Cup qual,South Korea,False
2021-06-09,Congo,Niger,1,0,Friendly,Turkey,True
2021-06-09,United States,Costa Rica,4,0,Friendly,United States,False
2021-06-09,Portugal,Israel,4,0,Friendly,Portugal,False
2021-06-10,South Africa,Uganda,3,2,Friendly,South Africa,False
2021-06-10,Estonia,Latvia,2,1,Baltic Cup,Estonia,False
2021-06-11,Japan,Serbia,1,0,Friendly,Japan,False
2021-06-11,Philippines,Guam,3,0,World Cup and Asian Cup qual,United Arab Emirates,True
2021-06-11,Australia,Nepal,3,0,World Cup and Asian Cup qual,Kuwait,True
2021-06-11,China,Maldives,5,0,World Cup and Asian Cup qual,United Arab Emirates,True
2021-06-11,United Arab Emirates,Indonesia,5,0,World Cup and Asian Cup qual,United Arab Emirates,False
2021-06-11,Oman,Afghanistan,2,1,World Cup and Asian Cup qual,Qatar,True
2021-06-11,Iran,Cambodia,10,0,World Cup and Asian Cup qual,Bahrain,True
2021-06-11,Vietnam,Malaysia,2,1,World Cup and Asian Cup qual,United Arab Emirates,True
2021-06-11,Kyrgyzstan,Myanmar,8,1,World Cup and Asian Cup qual,Japan,True
2021-06-11,Iraq,Hong Kong,1,0,World Cup and Asian Cup qual,Bahrain,True
2021-06-11,Saudi Arabia,Singapore,3,0,World Cup and Asian Cup qual,Saudi Arabia,False
2021-06-11,Kuwait,Jordan,0,0,World Cup and Asian Cup qual,Kuwait,False
2021-06-11,Uzbekistan,Yemen,1,0,World Cup and Asian Cup qual,Saudi Arabia,True
2021-06-11,Sudan,Zambia,3,2,Friendly,Sudan,False
2021-06-11,DR Congo,Mali,1,1,Friendly,Tunisia,True
2021-06-11,Kosovo,Gambia,1,0,Friendly,Turkey,True
2021-06-11,Tunisia,Algeria,0,2,Friendly,Tunisia,False
2021-06-11,Guinea,Niger,2,1,Friendly,Turkey,True
2021-06-11,Mauritania,Liberia,1,0,Friendly,Tunisia,True
2021-06-11,Italy,Turkey,3,0,European Championship,Italy,False
2021-06-12,Ghana,Ivory Coast,0,0,Friendly,Ghana,False
2021-06-12,Morocco,Burkina Faso,1,0,Friendly,Morocco,False
2021-06-12,Haiti,Canada,0,1,World Cup qualifier,Haiti,False
2021-06-12,Saint Kitts and Nevis,El Salvador,0,4,World Cup qualifier,Saint Kitts and Nevis,False
2021-06-12,Honduras,Mexico,0,0,Friendly,United States,True
2021-06-12,Panama,Curaçao,2,1,World Cup qualifier,Panama,False
2021-06-12,Switzerland,Wales,1,1,European Championship,Azerbaijan,True
2021-06-12,Russia,Belgium,0,3,European Championship,Russia,False
2021-06-12,Denmark,Finland,0,1,European Championship,Denmark,False
2021-06-13,South Korea,Lebanon,2,1,World Cup and Asian Cup qual,South Korea,False
2021-06-13,Tanzania,Malawi,2,0,Friendly,Tanzania,False
2021-06-13,Sudan,Zambia,0,1,Friendly,Sudan,False
2021-06-13,Brazil,Venezuela,3,0,Copa America,Brazil,False
2021-06-13,Colombia,Ecuador,1,0,Copa America,Brazil,True
2021-06-13,England,Croatia,1,0,European Championship,England,False
2021-06-13,Austria,North Macedonia,3,1,European Championship,Romania,True
2021-06-13,Netherlands,Ukraine,3,2,European Championship,Netherlands,False
2021-06-14,Liberia,Libya,1,0,Friendly,Tunisia,True
2021-06-14,Argentina,Chile,1,1,Copa America,Brazil,True
2021-06-14,Paraguay,Bolivia,3,1,Copa America,Brazil,True
2021-06-14,Scotland,Czechia,0,2,European Championship,Scotland,False
2021-06-14,Spain,Sweden,0,0,European Championship,Spain,False
2021-06-14,Slovakia,Poland,2,1,European Championship,Russia,True
2021-06-15,Japan,Kyrgyzstan,5,1,World Cup and Asian Cup qual,Japan,False
2021-06-15,Maldives,Philippines,1,1,World Cup and Asian Cup qual,United Arab Emirates,True
2021-06-15,Australia,Jordan,1,0,World Cup and Asian Cup qual,Kuwait,True
2021-06-15,China,Syria,3,1,World Cup and Asian Cup qual,United Arab Emirates,True
2021-06-15,Afghanistan,India,1,1,World Cup and Asian Cup qual,Qatar,True
2021-06-15,Iran,Iraq,1,0,World Cup and Asian Cup qual,Bahrain,True
2021-06-15,United Arab Emirates,Vietnam,3,2,World Cup and Asian Cup qual,United Arab Emirates,False
2021-06-15,Kuwait,Taiwan,2,1,World Cup and Asian Cup qual,Kuwait,False
2021-06-15,Tajikistan,Myanmar,4,0,World Cup and Asian Cup qual,Japan,True
2021-06-15,Bahrain,Hong Kong,4,0,World Cup and Asian Cup qual,Bahrain,False
2021-06-15,Malaysia,Thailand,1,0,World Cup and Asian Cup qual,United Arab Emirates,True
2021-06-15,Saudi Arabia,Uzbekistan,3,0,World Cup and Asian Cup qual,Saudi Arabia,False
2021-06-15,Palestine,Yemen,3,0,World Cup and Asian Cup qual,Saudi Arabia,True
2021-06-15,Oman,Bangladesh,3,0,World Cup and Asian Cup qual,Qatar,True
2021-06-15,Djibouti,Somalia,1,0,Friendly,Djibouti,False
2021-06-15,Sierra Leone,Benin,1,0,African Nations Cup qualifier,Guinea,True
2021-06-15,Tunisia,Mali,1,0,Friendly,Tunisia,False
2021-06-15,Canada,Haiti,3,0,World Cup qualifier,United States,True
2021-06-15,El Salvador,Saint Kitts and Nevis,2,0,World Cup qualifier,El Salvador,False
2021-06-15,Curaçao,Panama,0,0,World Cup qualifier,Curaçao,False
2021-06-15,Hungary,Portugal,0,3,European Championship,Hungary,False
2021-06-15,Germany,France,0,1,European Championship,Germany,False
2021-06-16,Wales,Turkey,2,0,European Championship,Azerbaijan,True
2021-06-16,Italy,Switzerland,3,0,European Championship,Italy,False
2021-06-16,Russia,Finland,1,0,European Championship,Russia,False
2021-06-17,Algeria,Liberia,5,1,Friendly,Algeria,False
2021-06-17,Brazil,Peru,4,0,Copa America,Brazil,False
2021-06-17,Colombia,Venezuela,0,0,Copa America,Brazil,True
2021-06-17,Netherlands,Austria,2,0,European Championship,Netherlands,False
2021-06-17,Denmark,Belgium,1,2,European Championship,Denmark,False
2021-06-17,Ukraine,North Macedonia,2,1,European Championship,Romania,True
2021-06-18,Argentina,Uruguay,1,0,Copa America,Brazil,True
2021-06-18,Chile,Bolivia,1,0,Copa America,Brazil,True
2021-06-18,England,Scotland,0,0,European Championship,England,False
2021-06-18,Sweden,Slovakia,1,0,European Championship,Russia,True
2021-06-18,Croatia,Czechia,1,1,European Championship,Scotland,True
2021-06-19,Sudan,Libya,1,0,Arab Cup qualifier,Qatar,True
2021-06-19,Hungary,France,1,1,European Championship,Hungary,False
2021-06-19,Germany,Portugal,4,2,European Championship,Germany,False
2021-06-19,Spain,Poland,1,1,European Championship,Spain,False
2021-06-20,Oman,Somalia,2,1,Arab Cup qualifier,Qatar,True
2021-06-20,Peru,Colombia,2,1,Copa America,Brazil,True
2021-06-20,Ecuador,Venezuela,2,2,Copa America,Brazil,True
2021-06-20,Italy,Wales,1,0,European Championship,Italy,False
2021-06-20,Switzerland,Turkey,3,1,European Championship,Azerbaijan,True
2021-06-21,Chile,Uruguay,1,1,Copa America,Brazil,True
2021-06-21,Argentina,Paraguay,1,0,Copa America,Brazil,True
2021-06-21,Austria,Ukraine,1,0,European Championship,Romania,True
2021-06-21,Belgium,Finland,2,0,European Championship,Russia,True
2021-06-21,Netherlands,North Macedonia,3,0,European Championship,Netherlands,False
2021-06-21,Denmark,Russia,4,1,European Championship,Denmark,False
2021-06-22,Mauritania,Yemen,2,0,Arab Cup qualifier,Qatar,True
2021-06-22,Scotland,Croatia,1,3,European Championship,Scotland,False
2021-06-22,England,Czechia,1,0,European Championship,England,False
2021-06-23,Lebanon,Djibouti,1,0,Arab Cup qualifier,Qatar,True
2021-06-23,Martinique,Guadeloupe,1,2,Friendly,Martinique,False
2021-06-23,Brazil,Colombia,2,1,Copa America,Brazil,False
2021-06-23,Ecuador,Peru,2,2,Copa America,Brazil,True
2021-06-23,Germany,Hungary,2,2,European Championship,Germany,False
2021-06-23,France,Portugal,2,2,European Championship,Hungary,True
2021-06-23,Sweden,Poland,3,2,European Championship,Russia,True
2021-06-23,Spain,Slovakia,5,0,European Championship,Spain,False
2021-06-24,Palestine,Comoros,5,1,Arab Cup qualifier,Qatar,True
2021-06-24,Uruguay,Bolivia,2,0,Copa America,Brazil,True
2021-06-24,Paraguay,Chile,2,0,Copa America,Brazil,True
2021-06-25,Bahrain,Kuwait,2,0,Arab Cup qualifier,Qatar,True
2021-06-26,El Salvador,Guatemala,0,0,Friendly,United States,True
2021-06-26,Denmark,Wales,4,0,European Championship,Netherlands,True
2021-06-26,Italy,Austria,2,1,European Championship,England,True
2021-06-27,Brazil,Ecuador,1,1,Copa America,Brazil,False
2021-06-27,Peru,Venezuela,1,0,Copa America,Brazil,True
2021-06-27,Belgium,Portugal,1,0,European Championship,Spain,True
2021-06-27,Czechia,Netherlands,2,0,European Championship,Hungary,True
2021-06-28,Guyana,Bermuda,1,0,Friendly,United States,True
2021-06-28,Uruguay,Paraguay,1,0,Copa America,Brazil,True
2021-06-28,Argentina,Bolivia,4,1,Copa America,Brazil,True
2021-06-28,France,Switzerland,3,3,European Championship,Romania,True
2021-06-28,Spain,Croatia,5,3,European Championship,Denmark,True
2021-06-29,England,Germany,2,0,European Championship,England,False
2021-06-29,Ukraine,Sweden,2,1,European Championship,Scotland,True
2021-06-30,Mexico,Panama,3,0,Friendly,United States,True
2021-07-02,Haiti,St Vincent & Grenadines,6,1,CONCACAF Champ qual,United States,True
2021-07-02,Trinidad and Tobago,Montserrat,6,1,CONCACAF Champ qual,United States,True
2021-07-02,Bermuda,Barbados,8,1,CONCACAF Champ qual,United States,True
2021-07-02,Brazil,Chile,1,0,Copa America,Brazil,False
2021-07-02,Paraguay,Peru,3,3,Copa America,Brazil,True
2021-07-02,Italy,Belgium,2,1,European Championship,Germany,True
2021-07-02,Spain,Switzerland,1,1,European Championship,Russia,True
2021-07-03,Mexico,Nigeria,4,0,Friendly,United States,True
2021-07-03,Lesotho,Namibia,0,0,Friendly,South Africa,True
2021-07-03,Guatemala,Guyana,4,0,CONCACAF Champ qual,United States,True
2021-07-03,Guadeloupe,Bahamas,2,0,CONCACAF Champ qual,United States,True
2021-07-03,Colombia,Uruguay,0,0,Copa America,Brazil,True
2021-07-03,Argentina,Ecuador,3,0,Copa America,Brazil,True
2021-07-03,England,Ukraine,4,0,European Championship,Italy,True
2021-07-03,Denmark,Czechia,2,1,European Championship,Azerbaijan,True
2021-07-04,Qatar,El Salvador,1,0,Friendly,Croatia,True
2021-07-04,Botswana,Namibia,1,1,Friendly,South Africa,True
2021-07-05,Brazil,Peru,1,0,Copa America,Brazil,False
2021-07-06,South Africa,Botswana,1,0,COSAFA Cup,South Africa,False
2021-07-06,Eswatini,Lesotho,3,1,COSAFA Cup,South Africa,True
2021-07-06,Guadeloupe,Guatemala,1,1,CONCACAF Champ qual,United States,True
2021-07-06,Haiti,Bermuda,4,1,CONCACAF Champ qual,United States,True
2021-07-06,French Guiana,Trinidad and Tobago,1,1,CONCACAF Champ qual,United States,True
2021-07-06,Argentina,Colombia,1,1,Copa America,Brazil,True
2021-07-06,Italy,Spain,1,1,European Championship,England,True
2021-07-07,Mozambique,Zimbabwe,0,0,COSAFA Cup,South Africa,True
2021-07-07,Namibia,Senegal,2,1,COSAFA Cup,South Africa,True
2021-07-07,England,Denmark,2,1,European Championship,England,False
2021-07-08,South Africa,Eswatini,1,0,COSAFA Cup,South Africa,False
2021-07-08,Lesotho,Zambia,2,1,COSAFA Cup,South Africa,True
2021-07-09,Malawi,Zimbabwe,2,2,COSAFA Cup,South Africa,True
2021-07-09,Senegal,Mozambique,1,0,COSAFA Cup,South Africa,True
2021-07-09,Colombia,Peru,3,2,Copa America,Brazil,True
2021-07-10,Eswatini,Zambia,1,0,COSAFA Cup,South Africa,True
2021-07-10,Botswana,Lesotho,4,0,COSAFA Cup,South Africa,True
2021-07-10,Mexico,Trinidad and Tobago,0,0,CONCACAF Championship,United States,True
2021-07-10,Brazil,Argentina,0,1,Copa America,Brazil,False
2021-07-11,Namibia,Zimbabwe,2,0,COSAFA Cup,South Africa,True
2021-07-11,Mozambique,Malawi,2,0,COSAFA Cup,South Africa,True
2021-07-11,United States,Haiti,1,0,CONCACAF Championship,United States,False
2021-07-11,Canada,Martinique,4,1,CONCACAF Championship,United States,True
2021-07-11,El Salvador,Guatemala,2,0,CONCACAF Championship,United States,True
2021-07-11,England,Italy,1,1,European Championship,England,False
2021-07-12,Costa Rica,Guadeloupe,3,1,CONCACAF Championship,United States,True
2021-07-12,Jamaica,Suriname,2,0,CONCACAF Championship,United States,True
2021-07-13,Panama,Qatar,3,3,CONCACAF Championship,United States,True
2021-07-13,South Africa,Lesotho,4,0,COSAFA Cup,South Africa,False
2021-07-13,Senegal,Zimbabwe,2,1,COSAFA Cup,South Africa,True
2021-07-13,Zambia,Botswana,2,1,COSAFA Cup,South Africa,True
2021-07-13,Malawi,Namibia,1,1,COSAFA Cup,South Africa,True
2021-07-13,Honduras,Grenada,4,0,CONCACAF Championship,United States,True
2021-07-14,South Africa,Zambia,0,0,COSAFA Cup,South Africa,False
2021-07-14,Senegal,Malawi,2,1,COSAFA Cup,South Africa,True
2021-07-14,Botswana,Eswatini,1,1,COSAFA Cup,South Africa,True
2021-07-14,Mozambique,Namibia,1,0,COSAFA Cup,South Africa,True
2021-07-14,El Salvador,Trinidad and Tobago,2,0,CONCACAF Championship,United States,True
2021-07-14,Mexico,Guatemala,3,0,CONCACAF Championship,United States,True
2021-07-15,United States,Martinique,6,1,CONCACAF Championship,United States,False
2021-07-15,Canada,Haiti,4,1,CONCACAF Championship,United States,True
2021-07-16,South Africa,Mozambique,3,0,COSAFA Cup,South Africa,False
2021-07-16,Eswatini,Senegal,2,2,COSAFA Cup,South Africa,True
2021-07-16,Costa Rica,Suriname,2,1,CONCACAF Championship,United States,True
2021-07-16,Jamaica,Guadeloupe,2,1,CONCACAF Championship,United States,True
2021-07-17,Qatar,Grenada,4,0,CONCACAF Championship,United States,True
2021-07-17,Honduras,Panama,3,2,CONCACAF Championship,United States,True
2021-07-18,South Africa,Senegal,0,0,COSAFA Cup,South Africa,False
2021-07-18,Eswatini,Mozambique,1,1,COSAFA Cup,South Africa,True
2021-07-18,United States,Canada,1,0,CONCACAF Championship,United States,False
2021-07-18,Mexico,El Salvador,1,0,CONCACAF Championship,United States,True
2021-07-18,Guatemala,Trinidad and Tobago,1,1,CONCACAF Championship,United States,True
2021-07-18,Haiti,Martinique,2,1,CONCACAF Championship,United States,True
2021-07-20,Qatar,Honduras,2,0,CONCACAF Championship,United States,True
2021-07-20,Costa Rica,Jamaica,1,0,CONCACAF Championship,United States,True
2021-07-20,Suriname,Guadeloupe,2,1,CONCACAF Championship,United States,True
2021-07-20,Panama,Grenada,3,1,CONCACAF Championship,United States,True
2021-07-24,Qatar,El Salvador,3,2,CONCACAF Championship,United States,True
2021-07-24,Mexico,Honduras,3,0,CONCACAF Championship,United States,True
2021-07-25,United States,Jamaica,1,0,CONCACAF Championship,United States,False
2021-07-25,Canada,Costa Rica,2,0,CONCACAF Championship,United States,True
2021-07-29,United States,Qatar,1,0,CONCACAF Championship,United States,False
2021-07-29,Mexico,Canada,2,1,CONCACAF Championship,United States,True
2021-08-01,United States,Mexico,1,0,CONCACAF Championship,United States,False
2021-08-19,Togo,Benin,0,2,Friendly,Togo,False
2021-08-21,Costa Rica,El Salvador,0,0,Friendly,United States,True
2021-08-22,Niger,Sudan,2,1,Friendly,United Arab Emirates,True
2021-08-26,Algeria,Syria,2,1,Friendly,Qatar,True
2021-08-26,Ethiopia,Sierra Leone,0,0,Friendly,Ethiopia,False
2021-08-26,Sudan,Niger,3,0,Friendly,United Arab Emirates,True
2021-08-29,Ethiopia,Uganda,2,1,Friendly,Ethiopia,False
2021-08-29,Algeria,Burundi,3,0,Friendly,Qatar,True
2021-09-01,Bahrain,Haiti,6,1,Friendly tournament,Bahrain,False
2021-09-01,Serbia,Qatar,4,0,Friendly,Hungary,True
2021-09-01,Egypt,Angola,1,0,World Cup qualifier,Egypt,False
2021-09-01,Guinea-Bissau,Guinea,1,1,World Cup qualifier,Mauritania,True
2021-09-01,Senegal,Togo,2,0,World Cup qualifier,Senegal,False
2021-09-01,Libya,Gabon,2,1,World Cup qualifier,Libya,False
2021-09-01,Cape Verde,Central African Republic,1,1,World Cup qualifier,Cameroon,True
2021-09-01,Mali,Rwanda,1,0,World Cup qualifier,Morocco,True
2021-09-01,Comoros,Seychelles,7,1,Friendly tournament,Comoros,False
2021-09-01,Denmark,Scotland,2,0,World Cup qualifier,Denmark,False
2021-09-01,Finland,Wales,0,0,Friendly,Finland,False
2021-09-01,Moldova,Austria,0,2,World Cup qualifier,Moldova,False
2021-09-01,France,Bosnia and Herzegovina,1,1,World Cup qualifier,France,False
2021-09-01,Switzerland,Greece,2,1,Friendly,Switzerland,False
2021-09-01,Norway,Netherlands,1,1,World Cup qualifier,Norway,False
2021-09-01,Luxembourg,Azerbaijan,2,1,World Cup qualifier,Luxembourg,False
2021-09-01,Russia,Croatia,0,0,World Cup qualifier,Russia,False
2021-09-01,Portugal,Ireland,2,1,World Cup qualifier,Portugal,False
2021-09-01,Latvia,Gibraltar,3,1,World Cup qualifier,Latvia,False
2021-09-01,Turkey,Montenegro,2,2,World Cup qualifier,Turkey,False
2021-09-01,Kazakhstan,Ukraine,2,2,World Cup qualifier,Kazakhstan,False
2021-09-01,Faroe Islands,Israel,0,4,World Cup qualifier,Faroe Islands,False
2021-09-01,Slovenia,Slovakia,1,1,World Cup qualifier,Slovenia,False
2021-09-01,Malta,Cyprus,3,0,World Cup qualifier,Malta,False
2021-09-02,Japan,Oman,0,1,World Cup qualifier,Japan,False
2021-09-02,Australia,China,3,0,World Cup qualifier,Qatar,True
2021-09-02,Nepal,India,1,1,Friendly,Nepal,False
2021-09-02,United Arab Emirates,Lebanon,0,0,World Cup qualifier,United Arab Emirates,False
2021-09-02,Iran,Syria,1,0,World Cup qualifier,Iran,False
2021-09-02,South Korea,Iraq,0,0,World Cup qualifier,South Korea,False
2021-09-02,Saudi Arabia,Vietnam,3,1,World Cup qualifier,Saudi Arabia,False
2021-09-02,Kyrgyzstan,Palestine,1,0,Friendly tournament,Kyrgyzstan,False
2021-09-02,Kenya,Uganda,0,0,World Cup qualifier,Kenya,False
2021-09-02,DR Congo,Tanzania,1,1,World Cup qualifier,DR Congo,False
2021-09-02,Madagascar,Benin,0,1,World Cup qualifier,Madagascar,False
2021-09-02,Algeria,Djibouti,8,0,World Cup qualifier,Algeria,False
2021-09-02,Morocco,Sudan,2,0,World Cup qualifier,Morocco,False
2021-09-02,Burkina Faso,Niger,2,0,World Cup qualifier,Morocco,True
2021-09-02,Congo,Namibia,1,1,World Cup qualifier,South Africa,True
2021-09-02,El Salvador,United States,0,0,World Cup qualifier,El Salvador,False
2021-09-02,Canada,Honduras,1,1,World Cup qualifier,Canada,False
2021-09-02,Panama,Costa Rica,0,0,World Cup qualifier,Panama,False
2021-09-02,Mexico,Jamaica,2,1,World Cup qualifier,Mexico,False
2021-09-02,Peru,Uruguay,1,1,World Cup qualifier,Peru,False
2021-09-02,Venezuela,Argentina,1,3,World Cup qualifier,Venezuela,False
2021-09-02,Chile,Brazil,0,1,World Cup qualifier,Chile,False
2021-09-02,Ecuador,Paraguay,2,0,World Cup qualifier,Ecuador,False
2021-09-02,Bolivia,Colombia,1,1,World Cup qualifier,Bolivia,False
2021-09-02,Hungary,England,0,4,World Cup qualifier,Hungary,False
2021-09-02,Lithuania,Northern Ireland,1,4,World Cup qualifier,Lithuania,False
2021-09-02,Estonia,Belgium,2,5,World Cup qualifier,Estonia,False
2021-09-02,Germany,Liechtenstein,2,0,World Cup qualifier,Switzerland,True
2021-09-02,Sweden,Spain,2,1,World Cup qualifier,Sweden,False
2021-09-02,Italy,Bulgaria,1,1,World Cup qualifier,Italy,False
2021-09-02,Poland,Albania,4,1,World Cup qualifier,Poland,False
2021-09-02,Iceland,Romania,0,2,World Cup qualifier,Iceland,False
2021-09-02,Czechia,Belarus,1,0,World Cup qualifier,Czechia,False
2021-09-02,North Macedonia,Armenia,0,0,World Cup qualifier,North Macedonia,False
2021-09-02,Georgia,Kosovo,0,1,World Cup qualifier,Georgia,False
2021-09-02,Andorra,San Marino,2,0,World Cup qualifier,Andorra,False
2021-09-03,Zimbabwe,South Africa,0,0,World Cup qualifier,Zimbabwe,False
2021-09-03,Mauritania,Zambia,1,2,World Cup qualifier,Mauritania,False
2021-09-03,Ghana,Ethiopia,1,0,World Cup qualifier,Ghana,False
2021-09-03,Nigeria,Liberia,2,0,World Cup qualifier,Nigeria,False
2021-09-03,Tunisia,Equatorial Guinea,3,0,World Cup qualifier,Tunisia,False
2021-09-03,Cameroon,Malawi,2,0,World Cup qualifier,Cameroon,False
2021-09-03,Mozambique,Ivory Coast,0,0,World Cup qualifier,Mozambique,False
2021-09-04,Bosnia and Herzegovina,Kuwait,1,0,Friendly,Bosnia and Herzegovina,False
2021-09-04,Haiti,Jordan,2,0,Friendly tournament,Bahrain,True
2021-09-04,Portugal,Qatar,3,1,Friendly,Hungary,True
2021-09-04,Burundi,Seychelles,8,1,Friendly tournament,Comoros,True
2021-09-04,Scotland,Moldova,1,0,World Cup qualifier,Scotland,False
2021-09-04,Israel,Austria,5,2,World Cup qualifier,Israel,False
2021-09-04,Ukraine,France,1,1,World Cup qualifier,Ukraine,False
2021-09-04,Netherlands,Montenegro,4,0,World Cup qualifier,Netherlands,False
2021-09-04,Latvia,Norway,0,2,World Cup qualifier,Latvia,False
2021-09-04,Finland,Kazakhstan,1,0,World Cup qualifier,Finland,False
2021-09-04,Serbia,Luxembourg,4,1,World Cup qualifier,Serbia,False
2021-09-04,Cyprus,Russia,0,2,World Cup qualifier,Cyprus,False
2021-09-04,Faroe Islands,Denmark,0,1,World Cup qualifier,Faroe Islands,False
2021-09-04,Gibraltar,Turkey,0,3,World Cup qualifier,Gibraltar,False
2021-09-04,Ireland,Azerbaijan,1,1,World Cup qualifier,Ireland,False
2021-09-04,Slovakia,Croatia,0,1,World Cup qualifier,Slovakia,False
2021-09-04,Slovenia,Malta,1,0,World Cup qualifier,Slovenia,False
2021-09-05,Nepal,India,1,2,Friendly,Nepal,False
2021-09-05,Palestine,Bangladesh,2,0,Friendly tournament,Kyrgyzstan,True
2021-09-05,Sweden,Uzbekistan,2,1,Friendly,Sweden,False
2021-09-05,Gabon,Egypt,1,1,World Cup qualifier,Gabon,False
2021-09-05,Rwanda,Kenya,1,1,World Cup qualifier,Rwanda,False
2021-09-05,Togo,Namibia,0,1,World Cup qualifier,Togo,False
2021-09-05,United States,Canada,1,1,World Cup qualifier,United States,False
2021-09-05,Costa Rica,Mexico,0,1,World Cup qualifier,Costa Rica,False
2021-09-05,El Salvador,Honduras,0,0,World Cup qualifier,El Salvador,False
2021-09-05,Jamaica,Panama,0,3,World Cup qualifier,Jamaica,False
2021-09-05,Uruguay,Bolivia,4,2,World Cup qualifier,Uruguay,False
2021-09-05,Ecuador,Chile,0,0,World Cup qualifier,Ecuador,False
2021-09-05,Paraguay,Colombia,1,1,World Cup qualifier,Paraguay,False
2021-09-05,Peru,Venezuela,1,0,World Cup qualifier,Peru,False
2021-09-05,England,Andorra,4,0,World Cup qualifier,England,False
2021-09-05,Wales,Belarus,3,2,World Cup qualifier,Russia,True
2021-09-05,Estonia,Northern Ireland,0,1,Friendly,Estonia,False
2021-09-05,Albania,Hungary,1,0,World Cup qualifier,Albania,False
2021-09-05,Belgium,Czechia,3,0,World Cup qualifier,Belgium,False
2021-09-05,Switzerland,Italy,0,0,World Cup qualifier,Switzerland,False
2021-09-05,Germany,Armenia,6,0,World Cup qualifier,Germany,False
2021-09-05,San Marino,Poland,1,7,World Cup qualifier,San Marino,False
2021-09-05,Spain,Georgia,4,0,World Cup qualifier,Spain,False
2021-09-05,Romania,Liechtenstein,2,0,World Cup qualifier,Romania,False
2021-09-05,Bulgaria,Lithuania,1,0,World Cup qualifier,Bulgaria,False
2021-09-05,Kosovo,Greece,1,1,World Cup qualifier,Kosovo,False
2021-09-05,Iceland,North Macedonia,2,2,World Cup qualifier,Iceland,False
2021-09-06,South Africa,Ghana,1,0,World Cup qualifier,South Africa,False
2021-09-06,Uganda,Mali,0,0,World Cup qualifier,Uganda,False
2021-09-06,Niger,Djibouti,4,2,World Cup qualifier,Morocco,True
2021-09-06,Benin,DR Congo,1,1,World Cup qualifier,Benin,False
2021-09-06,Ivory Coast,Cameroon,2,1,World Cup qualifier,Ivory Coast,False
2021-09-06,Liberia,Central African Republic,1,0,World Cup qualifier,Cameroon,True
2021-09-07,Japan,China,1,0,World Cup qualifier,Qatar,True
2021-09-07,Vietnam,Australia,0,1,World Cup qualifier,Vietnam,False
2021-09-07,South Korea,Lebanon,1,0,World Cup qualifier,South Korea,False
2021-09-07,Iran,Iraq,3,0,World Cup qualifier,Qatar,True
2021-09-07,Syria,United Arab Emirates,1,1,World Cup qualifier,Jordan,True
2021-09-07,Kyrgyzstan,Bangladesh,4,1,Friendly tournament,Kyrgyzstan,False
2021-09-07,Bahrain,Jordan,1,2,Friendly tournament,Bahrain,False
2021-09-07,Oman,Saudi Arabia,0,1,World Cup qualifier,Oman,False
2021-09-07,Luxembourg,Qatar,1,1,Friendly,Luxembourg,False
2021-09-07,Tanzania,Madagascar,3,2,World Cup qualifier,Tanzania,False
2021-09-07,Ethiopia,Zimbabwe,1,0,World Cup qualifier,Ethiopia,False
2021-09-07,Zambia,Tunisia,0,2,World Cup qualifier,Zambia,False
2021-09-07,Cape Verde,Nigeria,1,2,World Cup qualifier,Cape Verde,False
2021-09-07,Sudan,Guinea-Bissau,2,4,World Cup qualifier,Sudan,False
2021-09-07,Comoros,Burundi,1,0,Friendly tournament,Comoros,False
2021-09-07,Angola,Libya,0,1,World Cup qualifier,Angola,False
2021-09-07,Malawi,Mozambique,1,0,World Cup qualifier,South Africa,True
2021-09-07,Burkina Faso,Algeria,1,1,World Cup qualifier,Morocco,True
2021-09-07,Congo,Senegal,1,3,World Cup qualifier,Congo,False
2021-09-07,Equatorial Guinea,Mauritania,1,0,World Cup qualifier,Equatorial Guinea,False
2021-09-07,Austria,Scotland,0,1,World Cup qualifier,Austria,False
2021-09-07,France,Finland,2,0,World Cup qualifier,France,False
2021-09-07,Netherlands,Turkey,6,1,World Cup qualifier,Netherlands,False
2021-09-07,Norway,Gibraltar,5,1,World Cup qualifier,Norway,False
2021-09-07,Russia,Malta,2,0,World Cup qualifier,Russia,False
2021-09-07,Denmark,Israel,5,0,World Cup qualifier,Denmark,False
2021-09-07,Azerbaijan,Portugal,0,3,World Cup qualifier,Azerbaijan,False
2021-09-07,Montenegro,Latvia,0,0,World Cup qualifier,Montenegro,False
2021-09-07,Ireland,Serbia,1,1,World Cup qualifier,Ireland,False
2021-09-07,Slovakia,Cyprus,2,0,World Cup qualifier,Slovakia,False
2021-09-07,Croatia,Slovenia,3,0,World Cup qualifier,Croatia,False
2021-09-07,Faroe Islands,Moldova,2,1,World Cup qualifier,Faroe Islands,False
2021-09-07,Bosnia and Herzegovina,Kazakhstan,2,2,World Cup qualifier,Bosnia and Herzegovina,False
2021-09-08,Honduras,United States,1,4,World Cup qualifier,Honduras,False
2021-09-08,Canada,El Salvador,3,0,World Cup qualifier,Canada,False
2021-09-08,Costa Rica,Jamaica,1,1,World Cup qualifier,Costa Rica,False
2021-09-08,Guatemala,Nicaragua,2,2,Friendly,Guatemala,False
2021-09-08,Panama,Mexico,1,1,World Cup qualifier,Panama,False
2021-09-08,Poland,England,1,1,World Cup qualifier,Poland,False
2021-09-08,Wales,Estonia,0,0,World Cup qualifier,Wales,False
2021-09-08,Northern Ireland,Switzerland,0,0,World Cup qualifier,Northern Ireland,False
2021-09-08,Hungary,Andorra,2,1,World Cup qualifier,Hungary,False
2021-09-08,Belarus,Belgium,0,1,World Cup qualifier,Russia,True
2021-09-08,Iceland,Germany,0,4,World Cup qualifier,Iceland,False
2021-09-08,Greece,Sweden,2,1,World Cup qualifier,Greece,False
2021-09-08,Italy,Lithuania,5,0,World Cup qualifier,Italy,False
2021-09-08,Kosovo,Spain,0,2,World Cup qualifier,Kosovo,False
2021-09-08,North Macedonia,Romania,0,0,World Cup qualifier,North Macedonia,False
2021-09-08,Bulgaria,Georgia,4,1,Friendly,Bulgaria,False
2021-09-08,Czechia,Ukraine,1,1,Friendly,Czechia,False
2021-09-08,Albania,San Marino,5,0,World Cup qualifier,Albania,False
2021-09-08,Armenia,Liechtenstein,1,1,World Cup qualifier,Armenia,False
2021-09-09,Uruguay,Ecuador,1,0,World Cup qualifier,Uruguay,False
2021-09-09,Argentina,Bolivia,3,0,World Cup qualifier,Argentina,False
2021-09-09,Colombia,Chile,3,1,World Cup qualifier,Colombia,False
2021-09-09,Brazil,Peru,2,0,World Cup qualifier,Brazil,False
2021-09-09,Paraguay,Venezuela,2,1,World Cup qualifier,Paraguay,False
2021-09-24,Guatemala,El Salvador,2,0,Friendly,United States,True
2021-09-26,Oman,Nepal,7,2,Friendly,Qatar,True
2021-09-30,Egypt,Liberia,2,0,Friendly,Egypt,False
2021-10-01,Bangladesh,Sri Lanka,1,0,South Asian Championship,Maldives,True
2021-10-01,Maldives,Nepal,0,1,South Asian Championship,Maldives,False
2021-10-01,Curaçao,Aruba,7,1,Friendly tournament,Curaçao,False
2021-10-03,Curaçao,Bonaire,1,0,Friendly tournament,Curaçao,False
2021-10-04,Bangladesh,India,1,1,South Asian Championship,Maldives,True
2021-10-04,Nepal,Sri Lanka,3,2,South Asian Championship,Maldives,True
2021-10-06,Jordan,Malaysia,4,0,Friendly tournament,Jordan,False
2021-10-06,Bahrain,Curaçao,4,0,Friendly tournament,Bahrain,False
2021-10-06,Sierra Leone,South Sudan,1,1,Friendly tournament,Morocco,True
2021-10-06,Morocco,Guinea-Bissau,5,0,World Cup qualifier,Morocco,False
2021-10-06,Guinea,Sudan,1,1,World Cup qualifier,Morocco,True
2021-10-06,Italy,Spain,1,2,European Nations League,Italy,False
2021-10-07,Saudi Arabia,Japan,1,0,World Cup qualifier,Saudi Arabia,False
2021-10-07,Australia,Oman,3,1,World Cup qualifier,Qatar,True
2021-10-07,China,Vietnam,3,2,World Cup qualifier,United Arab Emirates,True
2021-10-07,Indonesia,Taiwan,2,1,Asian Cup qualifier,Thailand,True
2021-10-07,India,Sri Lanka,0,0,South Asian Championship,Maldives,True
2021-10-07,Iraq,Lebanon,0,0,World Cup qualifier,Qatar,True
2021-10-07,United Arab Emirates,Iran,0,1,World Cup qualifier,United Arab Emirates,False
2021-10-07,South Korea,Syria,2,1,World Cup qualifier,South Korea,False
2021-10-07,Maldives,Bangladesh,2,0,South Asian Championship,Maldives,False
2021-10-07,Mali,Kenya,5,0,World Cup qualifier,Morocco,True
2021-10-07,Rwanda,Uganda,0,1,World Cup qualifier,Rwanda,False
2021-10-07,Tanzania,Benin,0,1,World Cup qualifier,Tanzania,False
2021-10-07,Equatorial Guinea,Zambia,2,0,World Cup qualifier,Equatorial Guinea,False
2021-10-07,DR Congo,Madagascar,2,0,World Cup qualifier,DR Congo,False
2021-10-07,Nigeria,Central African Republic,0,1,World Cup qualifier,Nigeria,False
2021-10-07,Tunisia,Mauritania,3,0,World Cup qualifier,Tunisia,False
2021-10-07,Cape Verde,Liberia,2,1,World Cup qualifier,Ghana,True
2021-10-07,United States,Jamaica,2,0,World Cup qualifier,United States,False
2021-10-07,Mexico,Canada,1,1,World Cup qualifier,Mexico,False
2021-10-07,Honduras,Costa Rica,0,0,World Cup qualifier,Honduras,False
2021-10-07,El Salvador,Panama,1,0,World Cup qualifier,El Salvador,False
2021-10-07,Uruguay,Colombia,0,0,World Cup qualifier,Uruguay,False
2021-10-07,Paraguay,Argentina,0,0,World Cup qualifier,Paraguay,False
2021-10-07,Peru,Chile,2,0,World Cup qualifier,Peru,False
2021-10-07,Venezuela,Brazil,1,3,World Cup qualifier,Venezuela,False
2021-10-07,Ecuador,Bolivia,3,0,World Cup qualifier,Ecuador,False
2021-10-07,France,Belgium,3,2,European Nations League,Italy,True
2021-10-08,Egypt,Libya,1,0,World Cup qualifier,Egypt,False
2021-10-08,Burkina Faso,Djibouti,4,0,World Cup qualifier,Morocco,True
2021-10-08,Ivory Coast,Malawi,3,0,World Cup qualifier,South Africa,True
2021-10-08,Cameroon,Mozambique,3,1,World Cup qualifier,Cameroon,False
2021-10-08,Angola,Gabon,3,1,World Cup qualifier,Angola,False
2021-10-08,Algeria,Niger,6,1,World Cup qualifier,Algeria,False
2021-10-08,Czechia,Wales,2,2,World Cup qualifier,Czechia,False
2021-10-08,Latvia,Netherlands,0,1,World Cup qualifier,Latvia,False
2021-10-08,Germany,Romania,2,1,World Cup qualifier,Germany,False
2021-10-08,Turkey,Norway,1,1,World Cup qualifier,Turkey,False
2021-10-08,Russia,Slovakia,1,0,World Cup qualifier,Russia,False
2021-10-08,Estonia,Belarus,2,0,World Cup qualifier,Estonia,False
2021-10-08,Cyprus,Croatia,0,3,World Cup qualifier,Cyprus,False
2021-10-08,Iceland,Armenia,1,1,World Cup qualifier,Iceland,False
2021-10-08,Gibraltar,Montenegro,0,3,World Cup qualifier,Gibraltar,False
2021-10-08,Malta,Slovenia,0,4,World Cup qualifier,Malta,False
2021-10-08,Liechtenstein,North Macedonia,0,4,World Cup qualifier,Liechtenstein,False
2021-10-09,Uzbekistan,Malaysia,5,1,Friendly tournament,Jordan,True
2021-10-09,Cambodia,Guam,1,0,Asian Cup qualifier,Bahrain,True
2021-10-09,Portugal,Qatar,3,0,Friendly,Portugal,False
2021-10-09,Ethiopia,South Africa,1,3,World Cup qualifier,Ethiopia,False
2021-10-09,Ghana,Zimbabwe,3,1,World Cup qualifier,Ghana,False
2021-10-09,Sierra Leone,Gambia,2,1,Friendly tournament,Morocco,True
2021-10-09,Morocco,Guinea-Bissau,3,0,World Cup qualifier,Morocco,False
2021-10-09,Togo,Congo,1,1,World Cup qualifier,Togo,False
2021-10-09,Guinea,Sudan,2,2,World Cup qualifier,Morocco,True
2021-10-09,Senegal,Namibia,4,1,World Cup qualifier,Senegal,False
2021-10-09,New Zealand,Curaçao,2,1,Friendly tournament,Bahrain,True
2021-10-09,Scotland,Israel,3,2,World Cup qualifier,Scotland,False
2021-10-09,Andorra,England,0,5,World Cup qualifier,Andorra,False
2021-10-09,Switzerland,Northern Ireland,2,0,World Cup qualifier,Switzerland,False
2021-10-09,Faroe Islands,Austria,0,2,World Cup qualifier,Faroe Islands,False
2021-10-09,Hungary,Albania,0,1,World Cup qualifier,Hungary,False
2021-10-09,Sweden,Kosovo,3,0,World Cup qualifier,Sweden,False
2021-10-09,Finland,Ukraine,1,2,World Cup qualifier,Finland,False
2021-10-09,Luxembourg,Serbia,0,1,World Cup qualifier,Luxembourg,False
2021-10-09,Moldova,Denmark,0,4,World Cup qualifier,Moldova,False
2021-10-09,Poland,San Marino,5,0,World Cup qualifier,Poland,False
2021-10-09,Lithuania,Bulgaria,3,1,World Cup qualifier,Lithuania,False
2021-10-09,Azerbaijan,Ireland,0,3,World Cup qualifier,Azerbaijan,False
2021-10-09,Georgia,Greece,0,2,World Cup qualifier,Georgia,False
2021-10-09,Kazakhstan,Bosnia and Herzegovina,0,2,World Cup qualifier,Kazakhstan,False
2021-10-10,India,Nepal,1,0,South Asian Championship,Maldives,True
2021-10-10,Maldives,Sri Lanka,1,0,South Asian Championship,Maldives,False
2021-10-10,Kenya,Mali,0,1,World Cup qualifier,Kenya,False
2021-10-10,Uganda,Rwanda,1,0,World Cup qualifier,Uganda,False
2021-10-10,Benin,Tanzania,0,1,World Cup qualifier,Benin,False
2021-10-10,Zambia,Equatorial Guinea,1,1,World Cup qualifier,Zambia,False
2021-10-10,Madagascar,DR Congo,1,0,World Cup qualifier,Madagascar,False
2021-10-10,Nigeria,Central African Republic,2,0,World Cup qualifier,Cameroon,True
2021-10-10,Mauritania,Tunisia,0,0,World Cup qualifier,Mauritania,False
2021-10-10,Cape Verde,Liberia,1,0,World Cup qualifier,Cape Verde,False
2021-10-10,Panama,United States,1,0,World Cup qualifier,Panama,False
2021-10-10,Jamaica,Canada,0,0,World Cup qualifier,Jamaica,False
2021-10-10,Costa Rica,El Salvador,2,1,World Cup qualifier,Costa Rica,False
2021-10-10,Mexico,Honduras,3,0,World Cup qualifier,Mexico,False
2021-10-10,Argentina,Uruguay,3,0,World Cup qualifier,Argentina,False
2021-10-10,Chile,Paraguay,2,0,World Cup qualifier,Chile,False
2021-10-10,Colombia,Brazil,0,0,World Cup qualifier,Colombia,False
2021-10-10,Bolivia,Peru,1,0,World Cup qualifier,Bolivia,False
2021-10-10,Venezuela,Ecuador,2,1,World Cup qualifier,Venezuela,False
2021-10-10,Italy,Belgium,2,1,European Nations League,Italy,False
2021-10-10,France,Spain,2,1,European Nations League,Italy,True
2021-10-11,Indonesia,Taiwan,3,0,Asian Cup qualifier,Thailand,True
2021-10-11,Libya,Egypt,0,3,World Cup qualifier,Libya,False
2021-10-11,Burkina Faso,Djibouti,2,0,World Cup qualifier,Morocco,True
2021-10-11,Ivory Coast,Malawi,2,1,World Cup qualifier,Benin,True
2021-10-11,Cameroon,Mozambique,1,0,World Cup qualifier,Morocco,True
2021-10-11,Gabon,Angola,2,0,World Cup qualifier,Gabon,False
2021-10-11,Estonia,Wales,0,1,World Cup qualifier,Estonia,False
2021-10-11,Netherlands,Gibraltar,6,0,World Cup qualifier,Netherlands,False
2021-10-11,North Macedonia,Germany,0,4,World Cup qualifier,North Macedonia,False
2021-10-11,Norway,Montenegro,2,0,World Cup qualifier,Norway,False
2021-10-11,Slovenia,Russia,1,2,World Cup qualifier,Slovenia,False
2021-10-11,Romania,Armenia,1,0,World Cup qualifier,Romania,False
2021-10-11,Latvia,Turkey,1,2,World Cup qualifier,Latvia,False
2021-10-11,Czechia,Belarus,2,0,World Cup qualifier,Russia,True
2021-10-11,Croatia,Slovakia,2,2,World Cup qualifier,Croatia,False
2021-10-11,Iceland,Liechtenstein,4,0,World Cup qualifier,Iceland,False
2021-10-11,Cyprus,Malta,2,2,World Cup qualifier,Cyprus,False
2021-10-12,Japan,Australia,2,1,World Cup qualifier,Japan,False
2021-10-12,Saudi Arabia,China,3,2,World Cup qualifier,Saudi Arabia,False
2021-10-12,Lebanon,Syria,3,2,World Cup qualifier,Jordan,True
2021-10-12,Iran,South Korea,1,1,World Cup qualifier,Iran,False
2021-10-12,Oman,Vietnam,3,1,World Cup qualifier,Oman,False
2021-10-12,Cambodia,Guam,2,1,Asian Cup qualifier,Bahrain,True
2021-10-12,United Arab Emirates,Iraq,2,2,World Cup qualifier,United Arab Emirates,False
2021-10-12,Jordan,Uzbekistan,3,0,Friendly tournament,Jordan,False
2021-10-12,Bahrain,New Zealand,0,1,Friendly tournament,Bahrain,False
2021-10-12,Ireland,Qatar,4,0,Friendly,Ireland,False
2021-10-12,South Africa,Ethiopia,1,0,World Cup qualifier,South Africa,False
2021-10-12,Zimbabwe,Ghana,0,1,World Cup qualifier,Zimbabwe,False
2021-10-12,Gambia,South Sudan,2,1,Friendly tournament,Morocco,True
2021-10-12,Congo,Togo,1,2,World Cup qualifier,Congo,False
2021-10-12,Morocco,Guinea,4,1,World Cup qualifier,Morocco,False
2021-10-12,Senegal,Namibia,3,1,World Cup qualifier,South Africa,True
2021-10-12,Niger,Algeria,0,4,World Cup qualifier,Niger,False
2021-10-12,Faroe Islands,Scotland,0,1,World Cup qualifier,Faroe Islands,False
2021-10-12,England,Hungary,1,1,World Cup qualifier,England,False
2021-10-12,Bulgaria,Northern Ireland,2,1,World Cup qualifier,Bulgaria,False
2021-10-12,Denmark,Austria,1,0,World Cup qualifier,Denmark,False
2021-10-12,Lithuania,Switzerland,0,4,World Cup qualifier,Lithuania,False
2021-10-12,Sweden,Greece,2,0,World Cup qualifier,Sweden,False
2021-10-12,Kazakhstan,Finland,0,2,World Cup qualifier,Kazakhstan,False
2021-10-12,Portugal,Luxembourg,5,0,World Cup qualifier,Portugal,False
2021-10-12,Albania,Poland,0,1,World Cup qualifier,Albania,False
2021-10-12,Ukraine,Bosnia and Herzegovina,1,1,World Cup qualifier,Ukraine,False
2021-10-12,Israel,Moldova,2,1,World Cup qualifier,Israel,False
2021-10-12,Serbia,Azerbaijan,3,1,World Cup qualifier,Serbia,False
2021-10-12,Kosovo,Georgia,1,2,World Cup qualifier,Kosovo,False
2021-10-12,San Marino,Andorra,0,3,World Cup qualifier,San Marino,False
2021-10-13,Maldives,India,1,3,South Asian Championship,Maldives,False
2021-10-13,Bangladesh,Nepal,1,1,South Asian Championship,Maldives,True
2021-10-13,United States,Costa Rica,2,1,World Cup qualifier,United States,False
2021-10-13,Canada,Panama,4,1,World Cup qualifier,Canada,False
2021-10-13,El Salvador,Mexico,0,2,World Cup qualifier,El Salvador,False
2021-10-13,Honduras,Jamaica,0,2,World Cup qualifier,Honduras,False
2021-10-14,Brazil,Uruguay,4,1,World Cup qualifier,Brazil,False
2021-10-14,Argentina,Peru,1,0,World Cup qualifier,Argentina,False
2021-10-14,Chile,Venezuela,3,0,World Cup qualifier,Chile,False
2021-10-14,Bolivia,Paraguay,4,0,World Cup qualifier,Bolivia,False
2021-10-14,Colombia,Ecuador,0,0,World Cup qualifier,Colombia,False
2021-10-16,India,Nepal,3,0,South Asian Championship,Maldives,True
2021-10-27,Ecuador,Mexico,3,2,Friendly,United States,True
2021-11-05,Bolivia,El Salvador,1,0,Friendly,United States,True
2021-11-09,Sri Lanka,Maldives,4,4,Friendly tournament,Sri Lanka,False
2021-11-10,Kosovo,Jordan,0,2,Friendly,Kosovo,False
2021-11-10,Bangladesh,Seychelles,1,1,Friendly tournament,Sri Lanka,True
2021-11-10,Nicaragua,Cuba,0,3,Friendly,Nicaragua,False
2021-11-11,Vietnam,Japan,0,1,World Cup qualifier,Vietnam,False
2021-11-11,Australia,Saudi Arabia,0,0,World Cup qualifier,Australia,False
2021-11-11,China,Oman,1,1,World Cup qualifier,United Arab Emirates,True
2021-11-11,Lebanon,Iran,1,2,World Cup qualifier,Lebanon,False
2021-11-11,South Korea,United Arab Emirates,1,0,World Cup qualifier,South Korea,False
2021-11-11,Iraq,Syria,1,1,World Cup qualifier,Qatar,True
2021-11-11,Kyrgyzstan,Singapore,2,1,Friendly,United Arab Emirates,True
2021-11-11,Czechia,Kuwait,7,0,Friendly,Czechia,False
2021-11-11,Serbia,Qatar,4,0,Friendly,Serbia,False
2021-11-11,South Africa,Zimbabwe,1,0,World Cup qualifier,South Africa,False
2021-11-11,Uganda,Kenya,1,1,World Cup qualifier,Uganda,False
2021-11-11,Tanzania,DR Congo,0,3,World Cup qualifier,Tanzania,False
2021-11-11,Benin,Madagascar,2,0,World Cup qualifier,Benin,False
2021-11-11,Ethiopia,Ghana,1,1,World Cup qualifier,South Africa,True
2021-11-11,Togo,Senegal,1,1,World Cup qualifier,Togo,False
2021-11-11,Rwanda,Mali,0,3,World Cup qualifier,Rwanda,False
2021-11-11,Congo,Namibia,1,1,World Cup qualifier,Congo,False
2021-11-11,Paraguay,Chile,0,1,World Cup qualifier,Paraguay,False
2021-11-11,Brazil,Colombia,1,0,World Cup qualifier,Brazil,False
2021-11-11,Peru,Bolivia,3,0,World Cup qualifier,Peru,False
2021-11-11,Ecuador,Venezuela,1,0,World Cup qualifier,Ecuador,False
2021-11-11,Germany,Liechtenstein,9,0,World Cup qualifier,Germany,False
2021-11-11,Georgia,Sweden,2,0,World Cup qualifier,Georgia,False
2021-11-11,Azerbaijan,Luxembourg,1,3,World Cup qualifier,Azerbaijan,False
2021-11-11,Russia,Cyprus,6,0,World Cup qualifier,Russia,False
2021-11-11,Greece,Spain,0,1,World Cup qualifier,Greece,False
2021-11-11,Ireland,Portugal,0,0,World Cup qualifier,Ireland,False
2021-11-11,Romania,Iceland,0,0,World Cup qualifier,Romania,False
2021-11-11,Ukraine,Bulgaria,1,1,Friendly,Ukraine,False
2021-11-11,Slovakia,Slovenia,2,2,World Cup qualifier,Slovakia,False
2021-11-11,Malta,Croatia,1,7,World Cup qualifier,Malta,False
2021-11-11,Armenia,North Macedonia,0,5,World Cup qualifier,Armenia,False
2021-11-12,Angola,Egypt,2,2,World Cup qualifier,Angola,False
2021-11-12,Algeria,Djibouti,4,0,World Cup qualifier,Egypt,True
2021-11-12,Guinea,Guinea-Bissau,0,0,World Cup qualifier,Guinea,False
2021-11-12,Morocco,Sudan,3,0,World Cup qualifier,Morocco,False
2021-11-12,Gabon,Libya,1,0,World Cup qualifier,Gabon,False
2021-11-12,Burkina Faso,Niger,1,1,World Cup qualifier,Morocco,True
2021-11-12,United States,Mexico,2,0,World Cup qualifier,United States,False
2021-11-12,Canada,Costa Rica,1,0,World Cup qualifier,Canada,False
2021-11-12,El Salvador,Jamaica,1,1,World Cup qualifier,El Salvador,False
2021-11-12,Honduras,Panama,2,3,World Cup qualifier,Honduras,False
2021-11-12,Uruguay,Argentina,0,1,World Cup qualifier,Uruguay,False
2021-11-12,Moldova,Scotland,0,2,World Cup qualifier,Moldova,False
2021-11-12,England,Albania,5,0,World Cup qualifier,England,False
2021-11-12,Northern Ireland,Lithuania,1,0,World Cup qualifier,Northern Ireland,False
2021-11-12,Austria,Israel,4,2,World Cup qualifier,Austria,False
2021-11-12,Hungary,San Marino,4,0,World Cup qualifier,Hungary,False
2021-11-12,Italy,Switzerland,1,1,World Cup qualifier,Italy,False
2021-11-12,Denmark,Faroe Islands,3,1,World Cup qualifier,Denmark,False
2021-11-12,Andorra,Poland,1,4,World Cup qualifier,Andorra,False
2021-11-13,Burundi,Myanmar,2,1,Friendly,Turkey,True
2021-11-13,Sri Lanka,Seychelles,0,1,Friendly tournament,Sri Lanka,False
2021-11-13,Bangladesh,Maldives,2,1,Friendly tournament,Sri Lanka,True
2021-11-13,Zambia,Mauritania,4,0,World Cup qualifier,Zambia,False
2021-11-13,Comoros,Sierra Leone,2,0,Friendly,Turkey,True
2021-11-13,Nigeria,Liberia,2,0,World Cup qualifier,Morocco,True
2021-11-13,Equatorial Guinea,Tunisia,1,0,World Cup qualifier,Equatorial Guinea,False
2021-11-13,Cameroon,Malawi,4,0,World Cup qualifier,South Africa,True
2021-11-13,Cape Verde,Central African Republic,2,1,World Cup qualifier,Cape Verde,False
2021-11-13,Ivory Coast,Mozambique,3,0,World Cup qualifier,Benin,True
2021-11-13,Nicaragua,Cuba,2,0,Friendly,Nicaragua,False
2021-11-13,Wales,Belarus,5,1,World Cup qualifier,Wales,False
2021-11-13,Belgium,Estonia,3,1,World Cup qualifier,Belgium,False
2021-11-13,France,Kazakhstan,8,0,World Cup qualifier,France,False
2021-11-13,Montenegro,Netherlands,2,2,World Cup qualifier,Montenegro,False
2021-11-13,Norway,Latvia,0,0,World Cup qualifier,Norway,False
2021-11-13,Bosnia and Herzegovina,Finland,1,3,World Cup qualifier,Bosnia and Herzegovina,False
2021-11-13,Turkey,Gibraltar,6,0,World Cup qualifier,Turkey,False
2021-11-14,Azerbaijan,Qatar,2,2,Friendly,Azerbaijan,False
2021-11-14,Ghana,South Africa,1,0,World Cup qualifier,Ghana,False
2021-11-14,Mali,Uganda,1,0,World Cup qualifier,Morocco,True
2021-11-14,Madagascar,Tanzania,1,1,World Cup qualifier,Madagascar,False
2021-11-14,Zimbabwe,Ethiopia,1,1,World Cup qualifier,Zimbabwe,False
2021-11-14,DR Congo,Benin,2,0,World Cup qualifier,DR Congo,False
2021-11-14,Senegal,Congo,2,0,World Cup qualifier,Senegal,False
2021-11-14,Armenia,Germany,1,4,World Cup qualifier,Armenia,False
2021-11-14,Spain,Sweden,1,0,World Cup qualifier,Spain,False
2021-11-14,Luxembourg,Ireland,0,3,World Cup qualifier,Luxembourg,False
2021-11-14,Croatia,Russia,1,0,World Cup qualifier,Croatia,False
2021-11-14,Portugal,Serbia,1,2,World Cup qualifier,Portugal,False
2021-11-14,Liechtenstein,Romania,0,2,World Cup qualifier,Liechtenstein,False
2021-11-14,Greece,Kosovo,1,1,World Cup qualifier,Greece,False
2021-11-14,Malta,Slovakia,0,6,World Cup qualifier,Malta,False
2021-11-14,North Macedonia,Iceland,3,1,World Cup qualifier,North Macedonia,False
2021-11-14,Slovenia,Cyprus,2,1,World Cup qualifier,Slovenia,False
2021-11-15,Lithuania,Kuwait,1,1,Friendly,Lithuania,False
2021-11-15,Georgia,Uzbekistan,1,0,Friendly,Georgia,False
2021-11-15,Kenya,Rwanda,2,1,World Cup qualifier,Kenya,False
2021-11-15,Niger,Djibouti,7,2,World Cup qualifier,Niger,False
2021-11-15,Guinea-Bissau,Sudan,0,0,World Cup qualifier,Morocco,True
2021-11-15,Namibia,Togo,0,1,World Cup qualifier,South Africa,True
2021-11-15,Scotland,Denmark,2,0,World Cup qualifier,Scotland,False
2021-11-15,San Marino,England,0,10,World Cup qualifier,San Marino,False
2021-11-15,Northern Ireland,Italy,0,0,World Cup qualifier,Northern Ireland,False
2021-11-15,Austria,Moldova,4,1,World Cup qualifier,Austria,False
2021-11-15,Poland,Hungary,1,2,World Cup qualifier,Poland,False
2021-11-15,Switzerland,Bulgaria,4,0,World Cup qualifier,Switzerland,False
2021-11-15,Israel,Faroe Islands,3,2,World Cup qualifier,Israel,False
2021-11-15,Albania,Andorra,1,0,World Cup qualifier,Albania,False
2021-11-16,Oman,Japan,0,1,World Cup qualifier,Oman,False
2021-11-16,Australia,China,1,1,World Cup qualifier,United Arab Emirates,True
2021-11-16,Afghanistan,Indonesia,1,0,Friendly,Turkey,True
2021-11-16,Lebanon,United Arab Emirates,0,1,World Cup qualifier,Lebanon,False
2021-11-16,Iran,Syria,3,0,World Cup qualifier,Jordan,True
2021-11-16,South Korea,Iraq,3,0,World Cup qualifier,Qatar,True
2021-11-16,Vietnam,Saudi Arabia,0,1,World Cup qualifier,Vietnam,False
2021-11-16,Sri Lanka,Bangladesh,2,1,Friendly tournament,Sri Lanka,False
2021-11-16,Bahrain,Kyrgyzstan,4,2,Friendly,Bahrain,False
2021-11-16,Belarus,Jordan,1,0,Friendly,Belarus,False
2021-11-16,Kazakhstan,Tajikistan,1,0,Friendly,Kazakhstan,False
2021-11-16,Maldives,Seychelles,0,0,Friendly tournament,Sri Lanka,True
2021-11-16,Egypt,Gabon,2,1,World Cup qualifier,Egypt,False
2021-11-16,Tunisia,Zambia,3,1,World Cup qualifier,Tunisia,False
2021-11-16,Nigeria,Cape Verde,1,1,World Cup qualifier,Nigeria,False
2021-11-16,New Zealand,Gambia,2,0,Friendly,United Arab Emirates,True
2021-11-16,Libya,Angola,1,1,World Cup qualifier,Libya,False
2021-11-16,Mozambique,Malawi,1,0,World Cup qualifier,Benin,True
2021-11-16,Morocco,Guinea,3,0,World Cup qualifier,Morocco,False
2021-11-16,Cameroon,Ivory Coast,1,0,World Cup qualifier,Cameroon,False
2021-11-16,Liberia,Central African Republic,3,1,World Cup qualifier,Morocco,True
2021-11-16,Algeria,Burkina Faso,2,2,World Cup qualifier,Algeria,False
2021-11-16,Mauritania,Equatorial Guinea,1,1,World Cup qualifier,Mauritania,False
2021-11-16,Jamaica,United States,1,1,World Cup qualifier,Jamaica,False
2021-11-16,Canada,Mexico,2,1,World Cup qualifier,Canada,False
2021-11-16,Costa Rica,Honduras,2,1,World Cup qualifier,Costa Rica,False
2021-11-16,Panama,El Salvador,2,1,World Cup qualifier,Panama,False
2021-11-16,Bolivia,Uruguay,3,0,World Cup qualifier,Bolivia,False
2021-11-16,Argentina,Brazil,0,0,World Cup qualifier,Argentina,False
2021-11-16,Chile,Ecuador,0,2,World Cup qualifier,Chile,False
2021-11-16,Colombia,Paraguay,0,0,World Cup qualifier,Colombia,False
2021-11-16,Venezuela,Peru,1,2,World Cup qualifier,Venezuela,False
2021-11-16,Wales,Belgium,1,1,World Cup qualifier,Wales,False
2021-11-16,Finland,France,0,2,World Cup qualifier,Finland,False
2021-11-16,Netherlands,Norway,2,0,World Cup qualifier,Netherlands,False
2021-11-16,Czechia,Estonia,2,0,World Cup qualifier,Czechia,False
2021-11-16,Gibraltar,Latvia,1,3,World Cup qualifier,Gibraltar,False
2021-11-16,Montenegro,Turkey,1,2,World Cup qualifier,Montenegro,False
2021-11-16,Bosnia and Herzegovina,Ukraine,0,2,World Cup qualifier,Bosnia and Herzegovina,False
2021-11-19,Sri Lanka,Seychelles,3,3,Friendly tournament,Sri Lanka,False
2021-11-25,Indonesia,Myanmar,4,1,Friendly,Turkey,True
2021-11-30,United Arab Emirates,Syria,2,1,Arab Cup,Qatar,True
2021-11-30,Iraq,Oman,1,1,Arab Cup,Qatar,True
2021-11-30,Qatar,Bahrain,1,0,Arab Cup,Qatar,False
2021-11-30,Tunisia,Mauritania,5,1,Arab Cup,Qatar,True
2021-12-01,Egypt,Lebanon,1,0,Arab Cup,Qatar,True
2021-12-01,Jordan,Saudi Arabia,1,0,Arab Cup,Qatar,True
2021-12-01,Morocco,Palestine,4,0,Arab Cup,Qatar,True
2021-12-01,Algeria,Sudan,4,0,Arab Cup,Qatar,True
2021-12-03,Syria,Tunisia,2,0,Arab Cup,Qatar,True
2021-12-03,Bahrain,Iraq,0,0,Arab Cup,Qatar,True
2021-12-03,Qatar,Oman,2,1,Arab Cup,Qatar,False
2021-12-03,United Arab Emirates,Mauritania,1,0,Arab Cup,Qatar,True
2021-12-04,Algeria,Lebanon,2,0,Arab Cup,Qatar,True
2021-12-04,Morocco,Jordan,4,0,Arab Cup,Qatar,True
2021-12-04,Palestine,Saudi Arabia,1,1,Arab Cup,Qatar,True
2021-12-04,Egypt,Sudan,5,0,Arab Cup,Qatar,True
2021-12-04,Ecuador,El Salvador,1,1,Friendly,United States,True
2021-12-05,Singapore,Myanmar,3,0,Southeast Asian Champ,Singapore,False
2021-12-05,Thailand,East Timor,2,0,Southeast Asian Champ,Singapore,True
2021-12-06,Vietnam,Laos,2,0,Southeast Asian Champ,Singapore,True
2021-12-06,Mauritania,Syria,2,1,Arab Cup,Qatar,True
2021-12-06,Malaysia,Cambodia,3,1,Southeast Asian Champ,Singapore,True
2021-12-06,Qatar,Iraq,3,0,Arab Cup,Qatar,False
2021-12-06,Oman,Bahrain,3,0,Arab Cup,Qatar,True
2021-12-06,Tunisia,United Arab Emirates,1,0,Arab Cup,Qatar,True
2021-12-07,Lebanon,Sudan,1,0,Arab Cup,Qatar,True
2021-12-07,Jordan,Palestine,5,1,Arab Cup,Qatar,True
2021-12-07,Morocco,Saudi Arabia,1,0,Arab Cup,Qatar,True
2021-12-07,Algeria,Egypt,1,1,Arab Cup,Qatar,True
2021-12-08,Singapore,Philippines,2,1,Southeast Asian Champ,Singapore,False
2021-12-08,Myanmar,East Timor,2,0,Southeast Asian Champ,Singapore,True
2021-12-08,Chile,Mexico,2,2,Friendly,United States,True
2021-12-09,Indonesia,Cambodia,4,2,Southeast Asian Champ,Singapore,True
2021-12-09,Malaysia,Laos,4,0,Southeast Asian Champ,Singapore,True
2021-12-09,Tanzania,Uganda,0,2,Friendly,Tanzania,False
2021-12-10,Tunisia,Oman,2,1,Arab Cup,Qatar,True
2021-12-10,Qatar,United Arab Emirates,5,0,Arab Cup,Qatar,False
2021-12-11,Philippines,East Timor,7,0,Southeast Asian Champ,Singapore,True
2021-12-11,Thailand,Myanmar,4,0,Southeast Asian Champ,Singapore,True
2021-12-11,Egypt,Jordan,3,1,Arab Cup,Qatar,True
2021-12-11,Algeria,Morocco,2,2,Arab Cup,Qatar,True
2021-12-11,Chile,El Salvador,1,0,Friendly,United States,True
2021-12-12,Indonesia,Laos,5,1,Southeast Asian Champ,Singapore,True
2021-12-12,Vietnam,Malaysia,3,0,Southeast Asian Champ,Singapore,True
2021-12-14,Thailand,Philippines,2,1,Southeast Asian Champ,Singapore,True
2021-12-14,Singapore,East Timor,2,0,Southeast Asian Champ,Singapore,False
2021-12-15,Indonesia,Vietnam,0,0,Southeast Asian Champ,Singapore,True
2021-12-15,Cambodia,Laos,3,0,Southeast Asian Champ,Singapore,True
2021-12-15,Qatar,Algeria,1,2,Arab Cup,Qatar,False
2021-12-15,Tunisia,Egypt,1,0,Arab Cup,Qatar,True
2021-12-18,Philippines,Myanmar,3,2,Southeast Asian Champ,Singapore,True
2021-12-18,Singapore,Thailand,0,2,Southeast Asian Champ,Singapore,False
2021-12-18,Qatar,Egypt,0,0,Arab Cup,Qatar,False
2021-12-18,Algeria,Tunisia,2,0,Arab Cup,Qatar,True
2021-12-18,United States,Bosnia and Herzegovina,1,0,Friendly,United States,False
2021-12-19,Indonesia,Malaysia,4,1,Southeast Asian Champ,Singapore,True
2021-12-19,Vietnam,Cambodia,4,0,Southeast Asian Champ,Singapore,True
2021-12-22,Singapore,Indonesia,1,1,Southeast Asian Champ,Singapore,False
2021-12-23,Thailand,Vietnam,2,0,Southeast Asian Champ,Singapore,True
2021-12-25,Singapore,Indonesia,2,4,Southeast Asian Champ,Singapore,False
2021-12-26,Thailand,Vietnam,0,0,Southeast Asian Champ,Singapore,True
2021-12-29,Thailand,Indonesia,4,0,Southeast Asian Champ,Singapore,True
2021-12-30,Ethiopia,Sudan,3,2,Friendly,Cameroon,True
2021-12-30,Burkina Faso,Mauritania,0,0,Friendly,United Arab Emirates,True
2021-12-31,Malawi,Comoros,2,1,Friendly,Saudi Arabia,True
2022-01-01,Indonesia,Thailand,2,2,Southeast Asian Champ,Singapore,True
2022-01-02,Sudan,Zimbabwe,0,0,Friendly,Cameroon,True
2022-01-02,Burkina Faso,Gabon,3,0,Friendly,United Arab Emirates,True
2022-01-03,Rwanda,Guinea,3,0,Friendly,Rwanda,False
2022-01-04,Gabon,Mauritania,1,1,Friendly,United Arab Emirates,True
2022-01-05,Algeria,Ghana,3,0,Friendly,Qatar,True
2022-01-06,Rwanda,Guinea,0,2,Friendly,Rwanda,False
2022-01-09,Cape Verde,Ethiopia,1,0,African Nations Cup,Cameroon,True
2022-01-09,Cameroon,Burkina Faso,2,1,African Nations Cup,Cameroon,False
2022-01-10,Senegal,Zimbabwe,1,0,African Nations Cup,Cameroon,True
2022-01-10,Morocco,Ghana,1,0,African Nations Cup,Cameroon,True
2022-01-10,Guinea,Malawi,1,0,African Nations Cup,Cameroon,True
2022-01-10,Gabon,Comoros,1,0,African Nations Cup,Cameroon,True
2022-01-11,Nigeria,Egypt,1,0,African Nations Cup,Cameroon,True
2022-01-11,Algeria,Sierra Leone,0,0,African Nations Cup,Cameroon,True
2022-01-11,Guinea-Bissau,Sudan,0,0,African Nations Cup,Cameroon,True
2022-01-12,Iceland,Uganda,1,1,Friendly,Turkey,True
2022-01-12,Gambia,Mauritania,1,0,African Nations Cup,Cameroon,True
2022-01-12,Mali,Tunisia,1,0,African Nations Cup,Cameroon,True
2022-01-12,Ivory Coast,Equatorial Guinea,1,0,African Nations Cup,Cameroon,True
2022-01-13,Cameroon,Ethiopia,4,1,African Nations Cup,Cameroon,False
2022-01-13,Burkina Faso,Cape Verde,1,0,African Nations Cup,Cameroon,True
2022-01-14,Malawi,Zimbabwe,2,1,African Nations Cup,Cameroon,True
2022-01-14,Gabon,Ghana,1,1,African Nations Cup,Cameroon,True
2022-01-14,Morocco,Comoros,2,0,African Nations Cup,Cameroon,True
2022-01-14,Guinea,Senegal,0,0,African Nations Cup,Cameroon,True
2022-01-15,South Korea,Iceland,5,1,Friendly,Turkey,True
2022-01-15,Egypt,Guinea-Bissau,1,0,African Nations Cup,Cameroon,True
2022-01-15,Nigeria,Sudan,3,1,African Nations Cup,Cameroon,True
2022-01-16,Ivory Coast,Sierra Leone,2,2,African Nations Cup,Cameroon,True
2022-01-16,Gambia,Mali,1,1,African Nations Cup,Cameroon,True
2022-01-16,Tunisia,Mauritania,4,0,African Nations Cup,Cameroon,True
2022-01-16,Equatorial Guinea,Algeria,1,0,African Nations Cup,Cameroon,True
2022-01-16,Colombia,Honduras,2,1,Friendly,United States,True
2022-01-16,Peru,Panama,1,1,Friendly,Peru,False
2022-01-17,Burkina Faso,Ethiopia,1,1,African Nations Cup,Cameroon,True
2022-01-17,Cameroon,Cape Verde,1,1,African Nations Cup,Cameroon,False
2022-01-18,Uganda,Moldova,3,2,Friendly,Turkey,True
2022-01-18,Zimbabwe,Guinea,2,1,African Nations Cup,Cameroon,True
2022-01-18,Comoros,Ghana,3,2,African Nations Cup,Cameroon,True
2022-01-18,Malawi,Senegal,0,0,African Nations Cup,Cameroon,True
2022-01-18,Gabon,Morocco,2,2,African Nations Cup,Cameroon,True
2022-01-19,Egypt,Sudan,1,0,African Nations Cup,Cameroon,True
2022-01-19,Nigeria,Guinea-Bissau,2,0,African Nations Cup,Cameroon,True
2022-01-20,Equatorial Guinea,Sierra Leone,1,0,African Nations Cup,Cameroon,True
2022-01-20,Gambia,Tunisia,1,0,African Nations Cup,Cameroon,True
2022-01-20,Mali,Mauritania,2,0,African Nations Cup,Cameroon,True
2022-01-20,Ivory Coast,Algeria,3,1,African Nations Cup,Cameroon,True
2022-01-20,Peru,Jamaica,3,0,Friendly,Peru,False
2022-01-21,South Korea,Moldova,4,0,Friendly,Turkey,True
2022-01-21,Iraq,Uganda,1,0,Friendly,Iraq,False
2022-01-21,Bolivia,Trinidad and Tobago,5,0,Friendly,Bolivia,False
2022-01-23,Tunisia,Nigeria,1,0,African Nations Cup,Cameroon,True
2022-01-23,Burkina Faso,Gabon,1,1,African Nations Cup,Cameroon,True
2022-01-24,Gambia,Guinea,1,0,African Nations Cup,Cameroon,True
2022-01-24,Cameroon,Comoros,2,1,African Nations Cup,Cameroon,False
2022-01-25,Morocco,Malawi,2,1,African Nations Cup,Cameroon,True
2022-01-25,Senegal,Cape Verde,2,0,African Nations Cup,Cameroon,True
2022-01-26,Egypt,Ivory Coast,0,0,African Nations Cup,Cameroon,True
2022-01-26,Equatorial Guinea,Mali,0,0,African Nations Cup,Cameroon,True
2022-01-27,Japan,China,2,0,World Cup qualifier,Japan,False
2022-01-27,Australia,Vietnam,4,0,World Cup qualifier,Australia,False
2022-01-27,Indonesia,East Timor,4,1,Friendly,Indonesia,False
2022-01-27,Lebanon,South Korea,0,1,World Cup qualifier,Lebanon,False
2022-01-27,Iran,Iraq,1,0,World Cup qualifier,Iran,False
2022-01-27,United Arab Emirates,Syria,2,0,World Cup qualifier,United Arab Emirates,False
2022-01-27,Saudi Arabia,Oman,1,0,World Cup qualifier,Saudi Arabia,False
2022-01-27,Bahrain,Uganda,3,1,Friendly,Bahrain,False
2022-01-27,Uzbekistan,South Sudan,3,0,Friendly,United Arab Emirates,True
2022-01-27,United States,El Salvador,1,0,World Cup qualifier,United States,False
2022-01-27,Honduras,Canada,0,2,World Cup qualifier,Honduras,False
2022-01-27,Costa Rica,Panama,1,0,World Cup qualifier,Costa Rica,False
2022-01-27,Jamaica,Mexico,1,2,World Cup qualifier,Jamaica,False
2022-01-27,Anguilla,British Virgin Islands,2,1,Friendly,England,True
2022-01-27,Paraguay,Uruguay,0,1,World Cup qualifier,Paraguay,False
2022-01-27,Chile,Argentina,1,2,World Cup qualifier,Chile,False
2022-01-27,Ecuador,Brazil,1,1,World Cup qualifier,Ecuador,False
2022-01-28,Jordan,New Zealand,3,1,Friendly,United Arab Emirates,True
2022-01-28,Suriname,Barbados,1,0,Friendly tournament,Suriname,False
2022-01-28,Venezuela,Bolivia,4,1,World Cup qualifier,Venezuela,False
2022-01-28,Colombia,Peru,0,1,World Cup qualifier,Colombia,False
2022-01-29,Kuwait,Libya,2,0,Friendly,Kuwait,False
2022-01-29,Nepal,Mauritius,1,0,Friendly,Nepal,False
2022-01-29,Cameroon,Gambia,2,0,African Nations Cup,Cameroon,False
2022-01-29,Burkina Faso,Tunisia,1,0,African Nations Cup,Cameroon,True
2022-01-29,Nicaragua,Belize,4,0,Friendly,Nicaragua,False
2022-01-30,Indonesia,East Timor,3,0,Friendly,Indonesia,False
2022-01-30,Egypt,Morocco,2,1,African Nations Cup,Cameroon,True
2022-01-30,Senegal,Equatorial Guinea,3,1,African Nations Cup,Cameroon,True
2022-01-30,Canada,United States,2,0,World Cup qualifier,Canada,False
2022-01-30,Mexico,Costa Rica,0,0,World Cup qualifier,Mexico,False
2022-01-30,Honduras,El Salvador,0,2,World Cup qualifier,Honduras,False
2022-01-30,Panama,Jamaica,3,2,World Cup qualifier,Panama,False
2022-01-30,Barbados,Guyana,0,0,Friendly tournament,Suriname,True
2022-01-31,Jordan,South Sudan,2,1,Friendly,United Arab Emirates,True
2022-02-01,Japan,Saudi Arabia,2,0,World Cup qualifier,Japan,False
2022-02-01,Oman,Australia,2,2,World Cup qualifier,Oman,False
2022-02-01,Vietnam,China,3,1,World Cup qualifier,Vietnam,False
2022-02-01,Lebanon,Iraq,1,1,World Cup qualifier,Lebanon,False
2022-02-01,Iran,United Arab Emirates,1,0,World Cup qualifier,Iran,False
2022-02-01,South Korea,Syria,2,0,World Cup qualifier,United Arab Emirates,True
2022-02-01,Kuwait,Libya,0,2,Friendly,Kuwait,False
2022-02-01,Bahrain,DR Congo,1,0,Friendly,Bahrain,False
2022-02-01,Nepal,Mauritius,1,0,Friendly,Nepal,False
2022-02-01,Suriname,Guyana,2,1,Friendly tournament,Suriname,False
2022-02-01,Nicaragua,Belize,1,1,Friendly,Nicaragua,False
2022-02-01,Uruguay,Venezuela,4,1,World Cup qualifier,Uruguay,False
2022-02-01,Argentina,Colombia,1,0,World Cup qualifier,Argentina,False
2022-02-01,Bolivia,Chile,2,3,World Cup qualifier,Bolivia,False
2022-02-01,Brazil,Paraguay,4,0,World Cup qualifier,Brazil,False
2022-02-01,Peru,Ecuador,1,1,World Cup qualifier,Peru,False
2022-02-02,Senegal,Burkina Faso,3,1,African Nations Cup,Cameroon,True
2022-02-02,United States,Honduras,3,0,World Cup qualifier,United States,False
2022-02-02,El Salvador,Canada,0,2,World Cup qualifier,El Salvador,False
2022-02-02,Jamaica,Costa Rica,0,1,World Cup qualifier,Jamaica,False
2022-02-02,Mexico,Panama,1,0,World Cup qualifier,Mexico,False
2022-02-03,Cameroon,Egypt,0,0,African Nations Cup,Cameroon,False
2022-02-05,Cameroon,Burkina Faso,3,3,African Nations Cup,Cameroon,False
2022-02-06,Egypt,Senegal,0,0,African Nations Cup,Cameroon,True
2022-02-13,Saint Martin,Anguilla,1,2,Friendly,Saint Martin,False
2022-02-19,Guam,Northern Mariana Islands,2,0,Friendly,Guam,False
2022-02-22,Guam,Northern Mariana Islands,3,2,Friendly,Guam,False
2022-02-22,Martinique,Barbados,3,1,Friendly,Martinique,False
2022-03-08,Eswatini,Lesotho,0,0,Friendly,Eswatini,False
2022-03-08,Eswatini,Lesotho,4,0,Friendly,Eswatini,False
2022-03-10,Fiji,Vanuatu,3,0,Friendly,Qatar,True
2022-03-17,Solomon Islands,Cook Islands,2,0,World Cup qualifier,Qatar,True
2022-03-18,Iraq,Zambia,3,1,Friendly,Iraq,False
2022-03-18,New Zealand,Papua New Guinea,1,0,World Cup qualifier,Qatar,True
2022-03-18,Fiji,New Caledonia,2,1,World Cup qualifier,Qatar,True
2022-03-19,Mauritius,Seychelles,0,0,Friendly,Mauritius,False
2022-03-21,New Zealand,Fiji,4,0,World Cup qualifier,Qatar,True
2022-03-21,Papua New Guinea,New Caledonia,1,0,World Cup qualifier,Qatar,True
2022-03-23,Malaysia,Philippines,2,0,Friendly tournament,Singapore,True
2022-03-23,Bahrain,India,2,1,Friendly,Bahrain,False
2022-03-23,Laos,Mongolia,1,0,Friendly,Laos,False
2022-03-23,Tanzania,Central African Republic,3,1,Friendly tournament,Tanzania,False
2022-03-23,South Sudan,Djibouti,4,2,African Nations Cup qualifier,Egypt,True
2022-03-23,Gambia,Chad,1,0,African Nations Cup qualifier,Cameroon,True
2022-03-23,Guinea-Bissau,Equatorial Guinea,3,0,Friendly tournament,Portugal,True
2022-03-23,Cape Verde,Guadeloupe,2,0,Friendly,France,True
2022-03-23,Eswatini,Somalia,3,0,African Nations Cup qualifier,Tanzania,True
2022-03-23,Mozambique,Niger,1,1,Friendly tournament,Mauritania,True
2022-03-23,Lesotho,Seychelles,0,0,African Nations Cup qualifier,Mauritius,True
2022-03-23,Gibraltar,Grenada,0,0,Friendly,Gibraltar,False
2022-03-24,Australia,Japan,0,2,World Cup qualifier,Australia,False
2022-03-24,China,Saudi Arabia,1,1,World Cup qualifier,United Arab Emirates,True
2022-03-24,Lebanon,Syria,0,3,World Cup qualifier,Lebanon,False
2022-03-24,South Korea,Iran,2,0,World Cup qualifier,South Korea,False
2022-03-24,Vietnam,Oman,0,1,World Cup qualifier,Vietnam,False
2022-03-24,Thailand,Nepal,2,0,Friendly,Thailand,False
2022-03-24,Iraq,United Arab Emirates,1,0,World Cup qualifier,Saudi Arabia,True
2022-03-24,Maldives,Bangladesh,2,0,Friendly,Maldives,False
2022-03-24,Mauritius,Sao Tome and Principe,0,1,African Nations Cup qualifier,Mauritius,False
2022-03-24,Togo,Sierra Leone,3,0,Friendly,Turkey,True
2022-03-24,Benin,Liberia,4,0,Friendly,Turkey,True
2022-03-24,Kosovo,Burkina Faso,5,0,Friendly,Kosovo,False
2022-03-24,Mexico,United States,0,0,World Cup qualifier,Mexico,False
2022-03-24,Costa Rica,Canada,1,0,World Cup qualifier,Costa Rica,False
2022-03-24,Jamaica,El Salvador,1,1,World Cup qualifier,Jamaica,False
2022-03-24,Guatemala,Cuba,1,0,Friendly,Guatemala,False
2022-03-24,Panama,Honduras,1,1,World Cup qualifier,Panama,False
2022-03-24,Uruguay,Peru,1,0,World Cup qualifier,Uruguay,False
2022-03-24,Brazil,Chile,4,0,World Cup qualifier,Brazil,False
2022-03-24,Paraguay,Ecuador,3,1,World Cup qualifier,Paraguay,False
2022-03-24,Colombia,Bolivia,3,0,World Cup qualifier,Colombia,False
2022-03-24,New Zealand,New Caledonia,7,1,World Cup qualifier,Qatar,True
2022-03-24,Papua New Guinea,Fiji,2,1,World Cup qualifier,Qatar,True
2022-03-24,Solomon Islands,Tahiti,3,1,World Cup qualifier,Qatar,True
2022-03-24,Scotland,Poland,1,1,Friendly,Scotland,False
2022-03-24,Wales,Austria,2,1,World Cup qualifier,Wales,False
2022-03-24,Hungary,Serbia,0,1,Friendly,Hungary,False
2022-03-24,Sweden,Czechia,1,0,World Cup qualifier,Sweden,False
2022-03-24,Italy,North Macedonia,0,1,World Cup qualifier,Italy,False
2022-03-24,Estonia,Cyprus,0,0,European Nations League C,Estonia,False
2022-03-24,Portugal,Turkey,3,1,World Cup qualifier,Portugal,False
2022-03-24,Armenia,Montenegro,1,0,Friendly,Armenia,False
2022-03-24,Moldova,Kazakhstan,1,2,European Nations League C,Moldova,False
2022-03-25,Uzbekistan,Kyrgyzstan,3,1,Friendly tournament,Uzbekistan,False
2022-03-25,Kuwait,Latvia,1,1,Friendly,Malta,True
2022-03-25,Tajikistan,Uganda,1,1,Friendly tournament,Uzbekistan,True
2022-03-25,Egypt,Senegal,1,0,World Cup qualifier,Egypt,False
2022-03-25,Guinea,South Africa,0,0,Friendly,Belgium,True
2022-03-25,Zambia,Congo,3,1,Friendly,Turkey,True
2022-03-25,Comoros,Ethiopia,2,1,Friendly,Comoros,False
2022-03-25,DR Congo,Morocco,1,1,World Cup qualifier,DR Congo,False
2022-03-25,Ghana,Nigeria,0,0,World Cup qualifier,Ghana,False
2022-03-25,Mali,Tunisia,0,1,World Cup qualifier,Mali,False
2022-03-25,Cape Verde,Liechtenstein,6,0,Friendly,Spain,True
2022-03-25,Cameroon,Algeria,0,1,World Cup qualifier,Cameroon,False
2022-03-25,France,Ivory Coast,2,1,Friendly,France,False
2022-03-25,Trinidad and Tobago,Barbados,9,0,Friendly tournament,Trinidad and Tobago,False
2022-03-25,Andorra,Saint Kitts and Nevis,1,0,Friendly,Andorra,False
2022-03-25,Argentina,Venezuela,3,0,World Cup qualifier,Argentina,False
2022-03-25,Luxembourg,Northern Ireland,1,3,Friendly,Luxembourg,False
2022-03-25,Norway,Slovakia,2,0,Friendly,Norway,False
2022-03-25,Romania,Greece,0,1,Friendly,Romania,False
2022-03-25,San Marino,Lithuania,1,2,Friendly,San Marino,False
2022-03-25,Malta,Azerbaijan,1,0,Friendly,Malta,False
2022-03-25,Bosnia and Herzegovina,Georgia,0,1,Friendly,Bosnia and Herzegovina,False
2022-03-26,Belarus,India,3,0,Friendly,Bahrain,True
2022-03-26,Singapore,Malaysia,2,1,Friendly tournament,Singapore,False
2022-03-26,Bahrain,Burundi,1,0,Friendly,Bahrain,False
2022-03-26,Qatar,Bulgaria,2,1,Friendly,Qatar,False
2022-03-26,Angola,Guinea-Bissau,3,2,Friendly tournament,Portugal,True
2022-03-26,Central African Republic,Sudan,0,0,Friendly tournament,Tanzania,True
2022-03-26,Libya,Niger,2,1,Friendly tournament,Mauritania,True
2022-03-26,Mauritania,Mozambique,2,1,Friendly tournament,Mauritania,False
2022-03-26,Martinique,Guadeloupe,4,3,Friendly,France,True
2022-03-26,Saint Martin,Bahamas,2,0,Friendly,Saint Martin,False
2022-03-26,England,Switzerland,2,1,Friendly,England,False
2022-03-26,Ireland,Belgium,2,2,Friendly,Ireland,False
2022-03-26,Netherlands,Denmark,4,2,Friendly,Netherlands,False
2022-03-26,Germany,Israel,2,0,Friendly,Germany,False
2022-03-26,Finland,Iceland,1,1,Friendly,Spain,True
2022-03-26,Spain,Albania,2,1,Friendly,Spain,False
2022-03-26,Croatia,Slovenia,1,1,Friendly,Qatar,True
2022-03-26,Gibraltar,Faroe Islands,0,0,Friendly,Gibraltar,False
2022-03-27,Thailand,Suriname,1,0,Friendly,Thailand,False
2022-03-27,Laos,Brunei,3,2,Friendly,Laos,False
2022-03-27,Benin,Zambia,2,1,Friendly,Turkey,True
2022-03-27,Mauritius,Sao Tome and Principe,3,3,African Nations Cup qualifier,Mauritius,False
2022-03-27,South Sudan,Djibouti,1,0,African Nations Cup qualifier,Uganda,True
2022-03-27,Sierra Leone,Liberia,1,0,Friendly,Turkey,True
2022-03-27,Eswatini,Somalia,2,1,African Nations Cup qualifier,South Africa,True
2022-03-27,Lesotho,Seychelles,3,1,African Nations Cup qualifier,South Africa,True
2022-03-27,United States,Panama,5,1,World Cup qualifier,United States,False
2022-03-27,Canada,Jamaica,4,0,World Cup qualifier,Canada,False
2022-03-27,El Salvador,Costa Rica,1,2,World Cup qualifier,El Salvador,False
2022-03-27,Guatemala,Haiti,2,1,Friendly,United States,True
2022-03-27,Honduras,Mexico,0,1,World Cup qualifier,Honduras,False
2022-03-27,Guyana,Barbados,5,0,Friendly tournament,Trinidad and Tobago,True
2022-03-27,Belize,Cuba,0,3,Friendly,Belize,False
2022-03-27,New Zealand,Tahiti,1,0,World Cup qualifier,Qatar,True
2022-03-27,Solomon Islands,Papua New Guinea,3,2,World Cup qualifier,Qatar,True
2022-03-28,Cape Verde,San Marino,2,0,Friendly,Spain,True
2022-03-28,Andorra,Grenada,1,0,Friendly,Andorra,False
2022-03-28,Fiji,Vanuatu,2,1,Friendly,Qatar,True
2022-03-28,Montenegro,Greece,1,0,Friendly,Montenegro,False
2022-03-29,Japan,Vietnam,1,1,World Cup qualifier,Japan,False
2022-03-29,Singapore,Philippines,2,0,Friendly tournament,Singapore,False
2022-03-29,Saudi Arabia,Australia,1,0,World Cup qualifier,Saudi Arabia,False
2022-03-29,Oman,China,2,0,World Cup qualifier,Oman,False
2022-03-29,Iran,Lebanon,2,0,World Cup qualifier,Iran,False
2022-03-29,Bangladesh,Mongolia,0,0,Friendly,Bangladesh,False
2022-03-29,United Arab Emirates,South Korea,1,0,World Cup qualifier,United Arab Emirates,False
2022-03-29,Iraq,Syria,1,1,World Cup qualifier,United Arab Emirates,True
2022-03-29,Tajikistan,Kyrgyzstan,1,0,Friendly tournament,Uzbekistan,True
2022-03-29,Malta,Kuwait,2,0,Friendly,Malta,False
2022-03-29,Bahrain,Belarus,0,1,Friendly,Bahrain,False
2022-03-29,Qatar,Slovenia,0,0,Friendly,Qatar,False
2022-03-29,Uzbekistan,Uganda,4,2,Friendly tournament,Uzbekistan,False
2022-03-29,Senegal,Egypt,1,0,World Cup qualifier,Senegal,False
2022-03-29,France,South Africa,5,0,Friendly,France,False
2022-03-29,Tanzania,Sudan,1,1,Friendly tournament,Tanzania,False
2022-03-29,Morocco,DR Congo,4,1,World Cup qualifier,Morocco,False
2022-03-29,Sierra Leone,Congo,2,1,Friendly,Turkey,True
2022-03-29,Nigeria,Ghana,1,1,World Cup qualifier,Nigeria,False
2022-03-29,Chad,Gambia,2,2,African Nations Cup qualifier,Morocco,True
2022-03-29,Burundi,Liberia,2,1,Friendly,Turkey,True
2022-03-29,Benin,Togo,1,1,Friendly,Turkey,True
2022-03-29,Tunisia,Mali,0,0,World Cup qualifier,Tunisia,False
2022-03-29,Mauritania,Libya,2,0,Friendly tournament,Mauritania,False
2022-03-29,Algeria,Cameroon,1,2,World Cup qualifier,Algeria,False
2022-03-29,Belgium,Burkina Faso,3,0,Friendly,Belgium,False
2022-03-29,England,Ivory Coast,3,0,Friendly,England,False
2022-03-29,Angola,Equatorial Guinea,0,0,Friendly tournament,Portugal,True
2022-03-29,Trinidad and Tobago,Guyana,1,1,Friendly tournament,Trinidad and Tobago,False
2022-03-29,Chile,Uruguay,0,2,World Cup qualifier,Chile,False
2022-03-29,Ecuador,Argentina,1,1,World Cup qualifier,Ecuador,False
2022-03-29,Bolivia,Brazil,0,4,World Cup qualifier,Bolivia,False
2022-03-29,Peru,Paraguay,2,0,World Cup qualifier,Peru,False
2022-03-29,Venezuela,Colombia,0,1,World Cup qualifier,Venezuela,False
2022-03-29,Austria,Scotland,2,2,Friendly,Austria,False
2022-03-29,Wales,Czechia,1,1,Friendly,Wales,False
2022-03-29,Northern Ireland,Hungary,0,1,Friendly,Northern Ireland,False
2022-03-29,Switzerland,Kosovo,1,1,Friendly,Switzerland,False
2022-03-29,Netherlands,Germany,1,1,Friendly,Netherlands,False
2022-03-29,Poland,Sweden,2,0,World Cup qualifier,Poland,False
2022-03-29,Norway,Armenia,9,0,Friendly,Norway,False
2022-03-29,Turkey,Italy,2,3,Friendly,Turkey,False
2022-03-29,Slovakia,Finland,2,0,Friendly,Spain,True
2022-03-29,Bosnia and Herzegovina,Luxembourg,1,0,Friendly,Bosnia and Herzegovina,False
2022-03-29,Denmark,Serbia,3,0,Friendly,Denmark,False
2022-03-29,Cyprus,Estonia,2,0,European Nations League C,Cyprus,False
2022-03-29,Spain,Iceland,5,0,Friendly,Spain,False
2022-03-29,Portugal,North Macedonia,2,0,World Cup qualifier,Portugal,False
2022-03-29,Israel,Romania,2,2,Friendly,Israel,False
2022-03-29,Latvia,Azerbaijan,1,0,Friendly,Malta,True
2022-03-29,Ireland,Lithuania,1,0,Friendly,Ireland,False
2022-03-29,Croatia,Bulgaria,2,1,Friendly,Qatar,True
2022-03-29,Albania,Georgia,0,0,Friendly,Albania,False
2022-03-29,Kazakhstan,Moldova,0,1,European Nations League C,Kazakhstan,False
2022-03-29,Faroe Islands,Liechtenstein,1,0,Friendly,Spain,True
2022-03-30,Costa Rica,United States,2,0,World Cup qualifier,Costa Rica,False
2022-03-30,Panama,Canada,1,0,World Cup qualifier,Panama,False
2022-03-30,Mexico,El Salvador,2,0,World Cup qualifier,Mexico,False
2022-03-30,Jamaica,Honduras,2,1,World Cup qualifier,Jamaica,False
2022-03-30,New Zealand,Solomon Islands,5,0,World Cup qualifier,Qatar,True
2022-04-16,French Guiana,Guyana,2,1,Friendly,French Guiana,False
2022-04-18,French Guiana,Guyana,1,2,Friendly,French Guiana,False
2022-04-24,Guatemala,El Salvador,4,0,Friendly,United States,True
2022-04-27,Guatemala,Mexico,0,0,Friendly,United States,True
2022-05-01,El Salvador,Panama,3,2,Friendly,United States,True
2022-05-12,Dominica,St Vincent & Grenadines,2,1,Friendly,Dominica,False
2022-05-12,Bahamas,Turks and Caicos Islands,4,2,Friendly,Bahamas,False
2022-05-14,Bahamas,Turks and Caicos Islands,1,2,Friendly,Bahamas,False
2022-05-15,Dominica,St Vincent & Grenadines,3,1,Friendly,Dominica,False
2022-05-22,French Guiana,Suriname,3,1,Friendly,French Guiana,False
2022-05-24,Hong Kong,Myanmar,0,0,Friendly,Thailand,True
2022-05-24,Thailand,Bahrain,3,1,Friendly,Thailand,False
2022-05-24,Mozambique,Eswatini,0,1,Friendly,Mozambique,False
2022-05-26,Lesotho,Namibia,2,1,Friendly,South Africa,True
2022-05-27,Bahrain,Myanmar,2,0,Friendly,Thailand,True
2022-05-27,Malaysia,Brunei,4,0,Friendly,Malaysia,False
2022-05-27,Thailand,Turkmenistan,1,0,Friendly,Thailand,False
2022-05-27,Botswana,Eswatini,1,0,Friendly,South Africa,True
2022-05-28,Jordan,India,2,0,Friendly,Qatar,True
2022-05-28,East Timor,Nepal,2,2,Friendly,Qatar,True
2022-05-28,Ethiopia,Lesotho,1,1,Friendly,Ethiopia,False
2022-05-28,Mexico,Nigeria,2,1,Friendly,United States,True
2022-05-28,Guyana,Saint Lucia,3,2,Friendly,Trinidad and Tobago,True
2022-05-29,United Arab Emirates,Gambia,1,1,Friendly,United Arab Emirates,False
2022-05-29,South Sudan,Sudan,0,0,Friendly,Morocco,True
2022-05-30,Ethiopia,Lesotho,1,1,Friendly,Ethiopia,False
2022-05-30,Trinidad and Tobago,Saint Lucia,1,0,Friendly,Trinidad and Tobago,False
2022-05-31,Nepal,Sri Lanka,1,1,Friendly,Qatar,True
2022-05-31,Thailand,Bahrain,1,2,Friendly,Thailand,False
2022-06-01,Australia,Jordan,2,1,Friendly,Qatar,True
2022-06-01,Indonesia,Bangladesh,0,0,Friendly,Indonesia,False
2022-06-01,Vietnam,Afghanistan,2,0,Friendly,Vietnam,False
2022-06-01,Syria,Tajikistan,1,0,Friendly,United Arab Emirates,True
2022-06-01,Malaysia,Hong Kong,2,0,Friendly,Malaysia,False
2022-06-01,Kuwait,Singapore,2,0,Friendly,United Arab Emirates,True
2022-06-01,Ghana,Madagascar,3,0,African Nations Cup qualifier,Ghana,False
2022-06-01,Libya,Botswana,1,0,African Nations Cup qualifier,Libya,False
2022-06-01,United States,Morocco,3,0,Friendly,United States,False
2022-06-01,Angola,Central African Republic,2,1,African Nations Cup qualifier,Angola,False
2022-06-01,Argentina,Italy,3,0,Intercontinental Champ,England,True
2022-06-01,Malta,Venezuela,0,1,Friendly,Malta,False
2022-06-01,Scotland,Ukraine,1,3,World Cup qualifier,Scotland,False
2022-06-01,Poland,Wales,2,1,European Nations League A,Poland,False
2022-06-02,Japan,Paraguay,4,1,Friendly,Japan,False
2022-06-02,South Korea,Brazil,1,5,Friendly,South Korea,False
2022-06-02,Cambodia,East Timor,2,1,Friendly,Cambodia,False
2022-06-02,Ecuador,Nigeria,1,0,Friendly,United States,True
2022-06-02,Tunisia,Equatorial Guinea,4,0,African Nations Cup qualifier,Tunisia,False
2022-06-02,Mozambique,Rwanda,1,1,African Nations Cup qualifier,South Africa,True
2022-06-02,Panama,Costa Rica,2,0,CONCACAF Nations League A,Panama,False
2022-06-02,French Guiana,Guatemala,2,0,CONCACAF Nations League B,French Guiana,False
2022-06-02,Uruguay,Mexico,3,0,Friendly,United States,True
2022-06-02,Antigua and Barbuda,Barbados,1,0,CONCACAF Nations League B,Saint Lucia,True
2022-06-02,Anguilla,Dominica,0,0,CONCACAF Nations League C,Anguilla,False
2022-06-02,Guadeloupe,Cuba,2,1,CONCACAF Nations League B,Guadeloupe,False
2022-06-02,Belize,Dominican Republic,0,2,CONCACAF Nations League B,Belize,False
2022-06-02,Northern Ireland,Greece,0,1,European Nations League C,Northern Ireland,False
2022-06-02,Czechia,Switzerland,2,1,European Nations League A,Czechia,False
2022-06-02,Slovenia,Sweden,0,2,European Nations League B,Slovenia,False
2022-06-02,Serbia,Norway,0,1,European Nations League B,Serbia,False
2022-06-02,Estonia,San Marino,2,0,European Nations League D,Estonia,False
2022-06-02,Spain,Portugal,1,1,European Nations League A,Spain,False
2022-06-02,Bulgaria,North Macedonia,1,1,European Nations League C,Bulgaria,False
2022-06-02,Israel,Iceland,2,2,European Nations League B,Israel,False
2022-06-02,Cyprus,Kosovo,0,2,European Nations League C,Cyprus,False
2022-06-02,Georgia,Gibraltar,4,0,European Nations League C,Georgia,False
2022-06-03,Oman,Nepal,2,0,Friendly,Qatar,True
2022-06-03,Ivory Coast,Zambia,3,1,African Nations Cup qualifier,Ivory Coast,False
2022-06-03,Togo,Eswatini,2,2,African Nations Cup qualifier,Togo,False
2022-06-03,Burkina Faso,Cape Verde,2,0,African Nations Cup qualifier,Morocco,True
2022-06-03,Comoros,Lesotho,2,0,African Nations Cup qualifier,Comoros,False
2022-06-03,Aruba,Saint Martin,0,0,CONCACAF Nations League C,Anguilla,True
2022-06-03,Curaçao,Honduras,0,1,CONCACAF Nations League A,Curaçao,False
2022-06-03,Nicaragua,Trinidad and Tobago,2,1,CONCACAF Nations League B,Nicaragua,False
2022-06-03,Bahamas,St Vincent & Grenadines,1,0,CONCACAF Nations League B,Bahamas,False
2022-06-03,British Virgin Islands,Cayman Islands,1,1,CONCACAF Nations League C,British Virgin Islands,False
2022-06-03,Sint Maarten,US Virgin Islands,1,1,CONCACAF Nations League C,Curaçao,True
2022-06-03,Turks and Caicos Islands,Bonaire,1,4,CONCACAF Nations League C,Turks and Caicos Islands,False
2022-06-03,Croatia,Austria,0,3,European Nations League A,Croatia,False
2022-06-03,Belgium,Netherlands,1,4,European Nations League A,Belgium,False
2022-06-03,France,Denmark,1,2,European Nations League A,France,False
2022-06-03,Latvia,Andorra,3,0,European Nations League D,Latvia,False
2022-06-03,Slovakia,Belarus,1,0,European Nations League C,Serbia,True
2022-06-03,Liechtenstein,Moldova,0,2,European Nations League D,Liechtenstein,False
2022-06-03,Kazakhstan,Azerbaijan,2,0,European Nations League C,Kazakhstan,False
2022-06-04,Algeria,Uganda,2,0,African Nations Cup qualifier,Algeria,False
2022-06-04,Niger,Tanzania,1,1,African Nations Cup qualifier,Benin,True
2022-06-04,DR Congo,Gabon,0,1,African Nations Cup qualifier,DR Congo,False
2022-06-04,Gambia,South Sudan,1,0,African Nations Cup qualifier,Senegal,True
2022-06-04,Burundi,Namibia,1,1,African Nations Cup qualifier,South Africa,True
2022-06-04,Mauritania,Sudan,3,0,African Nations Cup qualifier,Mauritania,False
2022-06-04,Senegal,Benin,3,1,African Nations Cup qualifier,Senegal,False
2022-06-04,Mali,Congo,4,0,African Nations Cup qualifier,Mali,False
2022-06-04,El Salvador,Grenada,3,1,CONCACAF Nations League A,El Salvador,False
2022-06-04,Bermuda,Haiti,0,0,CONCACAF Nations League B,Bermuda,False
2022-06-04,Suriname,Jamaica,1,1,CONCACAF Nations League A,Suriname,False
2022-06-04,Guyana,Montserrat,2,1,CONCACAF Nations League B,Dominican Republic,True
2022-06-04,Hungary,England,1,0,European Nations League A,Hungary,False
2022-06-04,Italy,Germany,1,1,European Nations League A,Italy,False
2022-06-04,Finland,Bosnia and Herzegovina,1,1,European Nations League B,Finland,False
2022-06-04,Lithuania,Luxembourg,0,2,European Nations League C,Lithuania,False
2022-06-04,Montenegro,Romania,2,0,European Nations League B,Montenegro,False
2022-06-04,Turkey,Faroe Islands,4,0,European Nations League C,Turkey,False
2022-06-04,Armenia,Ireland,1,0,European Nations League B,Armenia,False
2022-06-05,Colombia,Saudi Arabia,1,0,Friendly,Spain,True
2022-06-05,Egypt,Guinea,1,0,African Nations Cup qualifier,Egypt,False
2022-06-05,Madagascar,Angola,1,1,African Nations Cup qualifier,Madagascar,False
2022-06-05,Malawi,Ethiopia,2,1,African Nations Cup qualifier,Malawi,False
2022-06-05,Central African Republic,Ghana,1,1,African Nations Cup qualifier,Angola,True
2022-06-05,Botswana,Tunisia,0,0,African Nations Cup qualifier,Botswana,False
2022-06-05,United States,Uruguay,0,0,Friendly,United States,False
2022-06-05,Costa Rica,Martinique,2,0,CONCACAF Nations League A,Costa Rica,False
2022-06-05,Guatemala,Belize,2,0,CONCACAF Nations League B,Guatemala,False
2022-06-05,Ecuador,Mexico,0,0,Friendly,United States,True
2022-06-05,Cuba,Barbados,3,0,CONCACAF Nations League B,Cuba,False
2022-06-05,Anguilla,Dominica,1,1,CONCACAF Nations League C,Saint Kitts and Nevis,True
2022-06-05,Antigua and Barbuda,Guadeloupe,1,0,CONCACAF Nations League B,Saint Kitts and Nevis,True
2022-06-05,Dominican Republic,French Guiana,2,3,CONCACAF Nations League B,Dominican Republic,False
2022-06-05,Argentina,Estonia,5,0,Friendly,Spain,True
2022-06-05,Peru,New Zealand,1,0,Friendly,Spain,True
2022-06-05,Wales,Ukraine,1,0,World Cup qualifier,Wales,False
2022-06-05,Cyprus,Northern Ireland,0,0,European Nations League C,Cyprus,False
2022-06-05,Portugal,Switzerland,4,0,European Nations League A,Portugal,False
2022-06-05,Sweden,Norway,1,2,European Nations League B,Sweden,False
2022-06-05,Czechia,Spain,2,2,European Nations League A,Czechia,False
2022-06-05,Bulgaria,Georgia,2,5,European Nations League C,Bulgaria,False
2022-06-05,Kosovo,Greece,0,1,European Nations League C,Kosovo,False
2022-06-05,Serbia,Slovenia,4,1,European Nations League B,Serbia,False
2022-06-05,San Marino,Malta,0,2,European Nations League D,San Marino,False
2022-06-05,Gibraltar,North Macedonia,0,2,European Nations League C,Gibraltar,False
2022-06-06,Japan,Brazil,0,1,Friendly,Japan,False
2022-06-06,South Korea,Chile,2,0,Friendly,South Korea,False
2022-06-06,Equatorial Guinea,Libya,2,0,African Nations Cup qualifier,Equatorial Guinea,False
2022-06-06,Aruba,Saint Martin,3,0,CONCACAF Nations League C,Curaçao,True
2022-06-06,Honduras,Curaçao,1,2,CONCACAF Nations League A,Honduras,False
2022-06-06,Trinidad and Tobago,Bahamas,1,0,CONCACAF Nations League B,Trinidad and Tobago,False
2022-06-06,St Vincent & Grenadines,Nicaragua,2,2,CONCACAF Nations League B,St Vincent & Grenadines,False
2022-06-06,Cayman Islands,British Virgin Islands,1,1,CONCACAF Nations League C,Cayman Islands,False
2022-06-06,Bonaire,Sint Maarten,2,2,CONCACAF Nations League C,Curaçao,True
2022-06-06,US Virgin Islands,Turks and Caicos Islands,3,2,CONCACAF Nations League C,US Virgin Islands,False
2022-06-06,Austria,Denmark,1,2,European Nations League A,Austria,False
2022-06-06,Croatia,France,1,1,European Nations League A,Croatia,False
2022-06-06,Latvia,Liechtenstein,1,0,European Nations League D,Latvia,False
2022-06-06,Azerbaijan,Belarus,0,0,European Nations League C,Serbia,True
2022-06-06,Slovakia,Kazakhstan,0,1,European Nations League C,Slovakia,False
2022-06-06,Iceland,Albania,1,1,European Nations League B,Iceland,False
2022-06-06,Andorra,Moldova,0,0,European Nations League D,Andorra,False
2022-06-07,Australia,United Arab Emirates,2,1,World Cup qualifier,Qatar,True
2022-06-07,Zambia,Comoros,2,1,African Nations Cup qualifier,Zambia,False
2022-06-07,Cape Verde,Togo,2,0,African Nations Cup qualifier,Morocco,True
2022-06-07,Burkina Faso,Eswatini,3,1,African Nations Cup qualifier,South Africa,True
2022-06-07,Senegal,Rwanda,1,0,African Nations Cup qualifier,Senegal,False
2022-06-07,Grenada,El Salvador,2,2,CONCACAF Nations League A,Grenada,False
2022-06-07,Haiti,Montserrat,3,2,CONCACAF Nations League B,Dominican Republic,True
2022-06-07,Jamaica,Suriname,3,1,CONCACAF Nations League A,Jamaica,False
2022-06-07,Guyana,Bermuda,2,1,CONCACAF Nations League B,Guyana,False
2022-06-07,Germany,England,1,1,European Nations League A,Germany,False
2022-06-07,Italy,Hungary,2,1,European Nations League A,Italy,False
2022-06-07,Finland,Montenegro,2,0,European Nations League B,Finland,False
2022-06-07,Faroe Islands,Luxembourg,0,1,European Nations League C,Faroe Islands,False
2022-06-07,Bosnia and Herzegovina,Romania,1,0,European Nations League B,Bosnia and Herzegovina,False
2022-06-07,Lithuania,Turkey,0,6,European Nations League C,Lithuania,False
2022-06-08,Philippines,Yemen,0,0,Asian Cup qualifier,Mongolia,True
2022-06-08,Kuwait,Indonesia,1,2,Asian Cup qualifier,Kuwait,False
2022-06-08,India,Cambodia,2,0,Asian Cup qualifier,India,False
2022-06-08,Hong Kong,Afghanistan,2,1,Asian Cup qualifier,India,True
2022-06-08,Mongolia,Palestine,0,1,Asian Cup qualifier,Mongolia,False
2022-06-08,Tajikistan,Myanmar,4,0,Asian Cup qualifier,Kyrgyzstan,True
2022-06-08,Uzbekistan,Sri Lanka,3,0,Asian Cup qualifier,Uzbekistan,False
2022-06-08,Kyrgyzstan,Singapore,2,1,Asian Cup qualifier,Kyrgyzstan,False
2022-06-08,Malaysia,Turkmenistan,3,1,Asian Cup qualifier,Malaysia,False
2022-06-08,Thailand,Maldives,3,0,Asian Cup qualifier,Uzbekistan,True
2022-06-08,Jordan,Nepal,2,0,Asian Cup qualifier,Kuwait,True
2022-06-08,Bahrain,Bangladesh,2,0,Asian Cup qualifier,Malaysia,True
2022-06-08,Uganda,Niger,1,1,African Nations Cup qualifier,Uganda,False
2022-06-08,Tanzania,Algeria,0,2,African Nations Cup qualifier,Tanzania,False
2022-06-08,Sudan,DR Congo,2,1,African Nations Cup qualifier,Sudan,False
2022-06-08,Congo,Gambia,1,0,African Nations Cup qualifier,Congo,False
2022-06-08,Benin,Mozambique,0,1,African Nations Cup qualifier,Benin,False
2022-06-08,Gabon,Mauritania,0,0,African Nations Cup qualifier,Gabon,False
2022-06-08,Scotland,Armenia,2,0,European Nations League B,Scotland,False
2022-06-08,Wales,Netherlands,1,2,European Nations League A,Wales,False
2022-06-08,Belgium,Poland,6,1,European Nations League A,Belgium,False
2022-06-08,Ireland,Ukraine,0,1,European Nations League B,Ireland,False
2022-06-09,Venezuela,Saudi Arabia,1,0,Friendly,Spain,True
2022-06-09,New Zealand,Oman,0,0,Friendly,Qatar,True
2022-06-09,Ethiopia,Egypt,2,0,African Nations Cup qualifier,Malawi,True
2022-06-09,Morocco,South Africa,2,1,African Nations Cup qualifier,Morocco,False
2022-06-09,Nigeria,Sierra Leone,2,1,African Nations Cup qualifier,Nigeria,False
2022-06-09,Guinea-Bissau,Sao Tome and Principe,5,1,African Nations Cup qualifier,Morocco,True
2022-06-09,Cameroon,Burundi,1,0,African Nations Cup qualifier,Tanzania,True
2022-06-09,Guinea,Malawi,1,0,African Nations Cup qualifier,Guinea,False
2022-06-09,Mali,South Sudan,3,1,African Nations Cup qualifier,Uganda,True
2022-06-09,Ivory Coast,Lesotho,0,0,African Nations Cup qualifier,South Africa,True
2022-06-09,Canada,Curaçao,4,0,CONCACAF Nations League A,Canada,False
2022-06-09,Aruba,Saint Kitts and Nevis,2,3,CONCACAF Nations League C,Curaçao,True
2022-06-09,Barbados,Guadeloupe,0,1,CONCACAF Nations League B,Saint Lucia,True
2022-06-09,Panama,Martinique,5,0,CONCACAF Nations League A,Panama,False
2022-06-09,Dominica,Saint Lucia,0,1,CONCACAF Nations League C,Dominica,False
2022-06-09,Cuba,Antigua and Barbuda,2,0,CONCACAF Nations League B,Saint Kitts and Nevis,True
2022-06-09,Belize,French Guiana,1,1,CONCACAF Nations League B,Belize,False
2022-06-09,Cayman Islands,Puerto Rico,0,3,CONCACAF Nations League C,Cayman Islands,False
2022-06-09,Kosovo,Northern Ireland,3,2,European Nations League C,Kosovo,False
2022-06-09,Switzerland,Spain,0,1,European Nations League A,Switzerland,False
2022-06-09,Sweden,Serbia,0,1,European Nations League B,Sweden,False
2022-06-09,Norway,Slovenia,0,0,European Nations League B,Norway,False
2022-06-09,Malta,Estonia,1,2,European Nations League D,Malta,False
2022-06-09,Portugal,Czechia,2,0,European Nations League A,Portugal,False
2022-06-09,Gibraltar,Bulgaria,1,1,European Nations League C,Gibraltar,False
2022-06-09,Greece,Cyprus,3,0,European Nations League C,Greece,False
2022-06-09,San Marino,Iceland,0,1,Friendly,San Marino,False
2022-06-09,North Macedonia,Georgia,0,3,European Nations League C,North Macedonia,False
2022-06-10,Japan,Ghana,4,1,Friendly tournament,Japan,False
2022-06-10,South Korea,Paraguay,2,2,Friendly,South Korea,False
2022-06-10,Tunisia,Chile,2,0,Friendly tournament,Japan,True
2022-06-10,United States,Grenada,5,0,CONCACAF Nations League A,United States,False
2022-06-10,Dominican Republic,Guatemala,1,1,CONCACAF Nations League B,Dominican Republic,False
2022-06-10,St Vincent & Grenadines,Trinidad and Tobago,0,2,CONCACAF Nations League B,St Vincent & Grenadines,False
2022-06-10,Bahamas,Nicaragua,0,2,CONCACAF Nations League B,Bahamas,False
2022-06-10,Austria,France,1,1,European Nations League A,Austria,False
2022-06-10,Denmark,Croatia,0,1,European Nations League A,Denmark,False
2022-06-10,Moldova,Latvia,2,4,European Nations League D,Moldova,False
2022-06-10,Belarus,Kazakhstan,1,1,European Nations League C,Serbia,True
2022-06-10,Albania,Israel,1,2,European Nations League B,Albania,False
2022-06-10,Azerbaijan,Slovakia,0,1,European Nations League C,Azerbaijan,False
2022-06-10,Andorra,Liechtenstein,2,1,European Nations League D,Andorra,False
2022-06-11,Mongolia,Philippines,0,1,Asian Cup qualifier,Mongolia,False
2022-06-11,Jordan,Indonesia,1,0,Asian Cup qualifier,Kuwait,True
2022-06-11,India,Afghanistan,2,1,Asian Cup qualifier,India,False
2022-06-11,Kyrgyzstan,Myanmar,2,0,Asian Cup qualifier,Kyrgyzstan,False
2022-06-11,Thailand,Sri Lanka,2,0,Asian Cup qualifier,Uzbekistan,True
2022-06-11,Hong Kong,Cambodia,3,0,Asian Cup qualifier,India,True
2022-06-11,Tajikistan,Singapore,1,0,Asian Cup qualifier,Kyrgyzstan,True
2022-06-11,Malaysia,Bahrain,1,2,Asian Cup qualifier,Malaysia,False
2022-06-11,Kuwait,Nepal,4,1,Asian Cup qualifier,Kuwait,False
2022-06-11,Palestine,Yemen,5,0,Asian Cup qualifier,Mongolia,True
2022-06-11,Turkmenistan,Bangladesh,2,1,Asian Cup qualifier,Malaysia,True
2022-06-11,Uzbekistan,Maldives,4,0,Asian Cup qualifier,Uzbekistan,False
2022-06-11,Ecuador,Cape Verde,1,0,Friendly,United States,True
2022-06-11,Mexico,Suriname,3,0,CONCACAF Nations League A,Mexico,False
2022-06-11,Guyana,Haiti,2,6,CONCACAF Nations League B,Guyana,False
2022-06-11,Uruguay,Panama,5,0,Friendly,Uruguay,False
2022-06-11,Montserrat,Bermuda,3,2,CONCACAF Nations League B,Dominican Republic,True
2022-06-11,Sint Maarten,Turks and Caicos Islands,8,2,CONCACAF Nations League C,Curaçao,True
2022-06-11,US Virgin Islands,Bonaire,0,2,CONCACAF Nations League C,US Virgin Islands,False
2022-06-11,Ireland,Scotland,3,0,European Nations League B,Ireland,False
2022-06-11,England,Italy,0,0,European Nations League A,England,False
2022-06-11,Wales,Belgium,1,1,European Nations League A,Wales,False
2022-06-11,Hungary,Germany,1,1,European Nations League A,Hungary,False
2022-06-11,Netherlands,Poland,2,2,European Nations League A,Netherlands,False
2022-06-11,Romania,Finland,1,0,European Nations League B,Romania,False
2022-06-11,Luxembourg,Turkey,0,2,European Nations League C,Luxembourg,False
2022-06-11,Faroe Islands,Lithuania,2,1,European Nations League C,Faroe Islands,False
2022-06-11,Ukraine,Armenia,3,0,European Nations League B,Poland,True
2022-06-11,Montenegro,Bosnia and Herzegovina,1,1,European Nations League B,Montenegro,False
2022-06-12,Algeria,Iran,2,1,Friendly,Qatar,True
2022-06-12,Guadeloupe,Barbados,2,1,CONCACAF Nations League B,Guadeloupe,False
2022-06-12,Martinique,Panama,0,0,CONCACAF Nations League A,Martinique,False
2022-06-12,Cuba,Antigua and Barbuda,3,1,CONCACAF Nations League B,Cuba,False
2022-06-12,Saint Lucia,Anguilla,2,0,CONCACAF Nations League C,Saint Lucia,False
2022-06-12,Saint Kitts and Nevis,Saint Martin,1,1,CONCACAF Nations League C,Saint Kitts and Nevis,False
2022-06-12,Puerto Rico,British Virgin Islands,6,0,CONCACAF Nations League C,Puerto Rico,False
2022-06-12,Northern Ireland,Cyprus,2,2,European Nations League C,Northern Ireland,False
2022-06-12,Switzerland,Portugal,1,0,European Nations League A,Switzerland,False
2022-06-12,Norway,Sweden,3,2,European Nations League B,Norway,False
2022-06-12,Spain,Czechia,2,0,European Nations League A,Spain,False
2022-06-12,Georgia,Bulgaria,0,0,European Nations League C,Georgia,False
2022-06-12,Greece,Kosovo,2,0,European Nations League C,Greece,False
2022-06-12,Slovenia,Serbia,2,2,European Nations League B,Slovenia,False
2022-06-12,Malta,San Marino,1,0,European Nations League D,Malta,False
2022-06-12,North Macedonia,Gibraltar,4,0,European Nations League C,North Macedonia,False
2022-06-13,Australia,Peru,0,0,World Cup qualifier,Qatar,True
2022-06-13,Guinea-Bissau,Sierra Leone,2,2,African Nations Cup qualifier,Guinea,True
2022-06-13,Nigeria,Sao Tome and Principe,10,0,African Nations Cup qualifier,Morocco,True
2022-06-13,Morocco,Liberia,2,0,African Nations Cup qualifier,Morocco,False
2022-06-13,Honduras,Canada,2,1,CONCACAF Nations League A,Honduras,False
2022-06-13,Guatemala,Dominican Republic,2,0,CONCACAF Nations League B,Guatemala,False
2022-06-13,Trinidad and Tobago,St Vincent & Grenadines,4,1,CONCACAF Nations League B,Trinidad and Tobago,False
2022-06-13,Nicaragua,Bahamas,4,0,CONCACAF Nations League B,Nicaragua,False
2022-06-13,Denmark,Austria,2,0,European Nations League A,Denmark,False
2022-06-13,France,Croatia,0,1,European Nations League A,France,False
2022-06-13,Albania,Estonia,0,0,Friendly,Albania,False
2022-06-13,Azerbaijan,Belarus,2,0,European Nations League C,Azerbaijan,False
2022-06-13,Iceland,Israel,2,2,European Nations League B,Iceland,False
2022-06-13,Kazakhstan,Slovakia,2,1,European Nations League C,Kazakhstan,False
2022-06-14,Japan,Tunisia,0,3,Friendly tournament,Japan,False
2022-06-14,Palestine,Philippines,4,0,Asian Cup qualifier,Mongolia,True
2022-06-14,Indonesia,Nepal,7,0,Asian Cup qualifier,Kuwait,True
2022-06-14,India,Hong Kong,4,0,Asian Cup qualifier,India,False
2022-06-14,Afghanistan,Cambodia,2,2,Asian Cup qualifier,India,True
2022-06-14,Mongolia,Yemen,2,0,Asian Cup qualifier,Mongolia,False
2022-06-14,South Korea,Egypt,4,1,Friendly,South Korea,False
2022-06-14,Singapore,Myanmar,6,2,Asian Cup qualifier,Kyrgyzstan,True
2022-06-14,Maldives,Sri Lanka,1,0,Asian Cup qualifier,Uzbekistan,True
2022-06-14,Malaysia,Bangladesh,4,1,Asian Cup qualifier,Malaysia,False
2022-06-14,Uzbekistan,Thailand,2,0,Asian Cup qualifier,Uzbekistan,False
2022-06-14,Kyrgyzstan,Tajikistan,0,0,Asian Cup qualifier,Kyrgyzstan,False
2022-06-14,Kuwait,Jordan,0,3,Asian Cup qualifier,Kuwait,False
2022-06-14,Bahrain,Turkmenistan,1,0,Asian Cup qualifier,Malaysia,True
2022-06-14,Chile,Ghana,0,0,Friendly tournament,Japan,True
2022-06-14,El Salvador,United States,1,1,CONCACAF Nations League A,El Salvador,False
2022-06-14,Costa Rica,New Zealand,1,0,World Cup qualifier,Qatar,True
2022-06-14,Jamaica,Mexico,1,1,CONCACAF Nations League A,Jamaica,False
2022-06-14,Haiti,Guyana,6,0,CONCACAF Nations League B,Dominican Republic,True
2022-06-14,French Guiana,Belize,1,0,CONCACAF Nations League B,French Guiana,False
2022-06-14,Turks and Caicos Islands,Sint Maarten,2,0,CONCACAF Nations League C,Turks and Caicos Islands,False
2022-06-14,Bonaire,US Virgin Islands,2,0,CONCACAF Nations League C,Curaçao,True
2022-06-14,Armenia,Scotland,1,4,European Nations League B,Armenia,False
2022-06-14,England,Hungary,0,4,European Nations League A,England,False
2022-06-14,Netherlands,Wales,3,2,European Nations League A,Netherlands,False
2022-06-14,Poland,Belgium,0,1,European Nations League A,Poland,False
2022-06-14,Germany,Italy,5,2,European Nations League A,Germany,False
2022-06-14,Bosnia and Herzegovina,Finland,3,2,European Nations League B,Bosnia and Herzegovina,False
2022-06-14,Luxembourg,Faroe Islands,2,2,European Nations League C,Luxembourg,False
2022-06-14,Romania,Montenegro,0,3,European Nations League B,Romania,False
2022-06-14,Liechtenstein,Latvia,0,2,European Nations League D,Liechtenstein,False
2022-06-14,Turkey,Lithuania,2,0,European Nations League C,Turkey,False
2022-06-14,Ireland,Ukraine,1,1,European Nations League B,Poland,True
2022-06-14,Moldova,Andorra,2,1,European Nations League D,Moldova,False
2022-07-05,Botswana,Seychelles,1,0,COSAFA Cup,South Africa,True
2022-07-05,Angola,Comoros,3,1,COSAFA Cup,South Africa,True
2022-07-06,Eswatini,Mauritius,3,0,COSAFA Cup,South Africa,True
2022-07-06,Lesotho,Malawi,2,1,COSAFA Cup,South Africa,True
2022-07-07,Botswana,Comoros,1,0,COSAFA Cup,South Africa,True
2022-07-07,Angola,Seychelles,3,0,COSAFA Cup,South Africa,True
2022-07-08,Lesotho,Mauritius,2,1,COSAFA Cup,South Africa,True
2022-07-08,Eswatini,Malawi,1,1,COSAFA Cup,South Africa,True
2022-07-10,Malawi,Mauritius,2,0,COSAFA Cup,South Africa,True
2022-07-10,Eswatini,Lesotho,2,0,COSAFA Cup,South Africa,True
2022-07-10,Botswana,Angola,1,0,COSAFA Cup,South Africa,True
2022-07-10,Comoros,Seychelles,2,1,COSAFA Cup,South Africa,True
2022-07-12,Botswana,Zambia,1,1,COSAFA Cup,South Africa,True
2022-07-12,Namibia,Madagascar,2,0,COSAFA Cup,South Africa,True
2022-07-13,South Africa,Mozambique,0,0,COSAFA Cup,South Africa,False
2022-07-13,Eswatini,Senegal,1,1,COSAFA Cup,South Africa,True
2022-07-15,South Africa,Madagascar,2,1,COSAFA Cup,South Africa,False
2022-07-15,Zambia,Senegal,4,3,COSAFA Cup,South Africa,True
2022-07-15,Botswana,Eswatini,2,0,COSAFA Cup,South Africa,True
2022-07-15,Namibia,Mozambique,1,0,COSAFA Cup,South Africa,True
2022-07-16,Philippines,East Timor,4,1,Friendly,Indonesia,True
2022-07-17,South Africa,Botswana,2,1,COSAFA Cup,South Africa,False
2022-07-17,Zambia,Namibia,1,0,COSAFA Cup,South Africa,True
2022-07-17,Mozambique,Senegal,1,1,COSAFA Cup,South Africa,True
2022-07-18,Mauritius,Seychelles,2,0,Friendly,Mauritius,False
2022-07-19,Japan,Hong Kong,6,0,East Asian Championship,Japan,False
2022-07-20,South Korea,China,3,0,East Asian Championship,Japan,True
2022-07-24,Japan,China,0,0,East Asian Championship,Japan,False
2022-07-24,South Korea,Hong Kong,3,0,East Asian Championship,Japan,True
2022-07-27,Japan,South Korea,3,0,East Asian Championship,Japan,False
2022-07-27,China,Hong Kong,1,0,East Asian Championship,Japan,True
2022-08-26,Jamaica,Qatar,1,1,Friendly tournament,Austria,True
2022-08-31,Paraguay,Mexico,1,0,Friendly,United States,True
2022-09-17,Fiji,New Caledonia,1,0,Melanesian Cup,Vanuatu,True
2022-09-21,Vietnam,Singapore,4,0,Friendly tournament,Vietnam,False
2022-09-21,Hong Kong,Myanmar,2,0,Friendly,Hong Kong,False
2022-09-21,Brunei,Maldives,0,3,Friendly tournament,Brunei,False
2022-09-21,Libya,Uganda,0,0,Friendly tournament,Libya,False
2022-09-21,Morocco,Madagascar,1,0,Friendly,Morocco,False
2022-09-21,San Marino,Seychelles,0,0,Friendly,San Marino,False
2022-09-21,Solomon Islands,New Caledonia,1,0,Melanesian Cup,Vanuatu,True
2022-09-21,Scotland,Ukraine,3,0,European Nations League B,Scotland,False
2022-09-22,Australia,New Zealand,1,0,Friendly,Australia,False
2022-09-22,Thailand,Malaysia,1,1,King's Cup,Thailand,False
2022-09-22,Cambodia,Bangladesh,0,1,Friendly,Cambodia,False
2022-09-22,Tajikistan,Trinidad and Tobago,2,1,King's Cup,Thailand,True
2022-09-22,Tunisia,Comoros,1,0,Friendly,France,True
2022-09-22,Suriname,Nicaragua,2,1,Friendly,Netherlands,True
2022-09-22,Iceland,Venezuela,1,0,Friendly,Austria,True
2022-09-22,Belgium,Wales,2,1,European Nations League A,Belgium,False
2022-09-22,France,Austria,2,0,European Nations League A,France,False
2022-09-22,Poland,Netherlands,0,2,European Nations League A,Poland,False
2022-09-22,Turkey,Luxembourg,3,3,European Nations League C,Turkey,False
2022-09-22,Croatia,Denmark,2,1,European Nations League A,Croatia,False
2022-09-22,Latvia,Moldova,1,2,European Nations League D,Latvia,False
2022-09-22,Lithuania,Faroe Islands,1,1,European Nations League C,Lithuania,False
2022-09-22,Kazakhstan,Belarus,2,1,European Nations League C,Kazakhstan,False
2022-09-22,Slovakia,Azerbaijan,1,2,European Nations League C,Slovakia,False
2022-09-22,Liechtenstein,Andorra,0,2,European Nations League D,Liechtenstein,False
2022-09-23,Japan,United States,2,0,Friendly,Germany,True
2022-09-23,Iran,Uruguay,1,0,Friendly,Austria,True
2022-09-23,South Korea,Costa Rica,2,2,Friendly,South Korea,False
2022-09-23,Jordan,Syria,2,0,Friendly tournament,Jordan,False
2022-09-23,Iraq,Oman,1,1,Friendly tournament,Jordan,True
2022-09-23,Ecuador,Saudi Arabia,0,0,Friendly,Spain,True
2022-09-23,Bahrain,Cape Verde,1,2,Friendly,Bahrain,False
2022-09-23,Canada,Qatar,2,0,Friendly,Austria,True
2022-09-23,Paraguay,United Arab Emirates,1,0,Friendly,Austria,True
2022-09-23,Uzbekistan,Cameroon,2,0,Friendly,South Korea,True
2022-09-23,Egypt,Niger,3,0,Friendly tournament,Egypt,False
2022-09-23,Mali,Zambia,1,0,Friendly,Mali,False
2022-09-23,Ethiopia,Sudan,1,1,Friendly,Ethiopia,False
2022-09-23,Burkina Faso,DR Congo,1,0,Friendly,Morocco,True
2022-09-23,Brazil,Ghana,3,0,Friendly,France,True
2022-09-23,Morocco,Chile,2,0,Friendly,Spain,True
2022-09-23,Algeria,Guinea,1,0,Friendly,Algeria,False
2022-09-23,Equatorial Guinea,Rwanda,0,0,Friendly,Morocco,True
2022-09-23,Argentina,Honduras,3,0,Friendly,United States,True
2022-09-23,Italy,England,1,0,European Nations League A,Italy,False
2022-09-23,Germany,Hungary,0,1,European Nations League A,Germany,False
2022-09-23,Finland,Romania,1,1,European Nations League B,Finland,False
2022-09-23,Estonia,Malta,2,1,European Nations League D,Estonia,False
2022-09-23,Bulgaria,Gibraltar,5,1,European Nations League C,Bulgaria,False
2022-09-23,Bosnia and Herzegovina,Montenegro,1,0,European Nations League B,Bosnia and Herzegovina,False
2022-09-23,Georgia,North Macedonia,2,0,European Nations League C,Georgia,False
2022-09-24,Indonesia,Curaçao,3,2,Friendly,Indonesia,False
2022-09-24,India,Singapore,1,1,Friendly tournament,Vietnam,True
2022-09-24,Hong Kong,Myanmar,0,0,Friendly,Hong Kong,False
2022-09-24,Kyrgyzstan,Russia,1,2,Friendly,Kyrgyzstan,False
2022-09-24,Maldives,Laos,3,1,Friendly tournament,Brunei,True
2022-09-24,South Africa,Sierra Leone,4,0,Friendly,South Africa,False
2022-09-24,Tanzania,Uganda,1,0,Friendly tournament,Libya,True
2022-09-24,Congo,Madagascar,3,3,Friendly,Morocco,True
2022-09-24,Martinique,Guinea-Bissau,1,1,Friendly,Martinique,False
2022-09-24,Ivory Coast,Togo,2,1,Friendly,France,True
2022-09-24,Mauritania,Benin,1,0,Friendly,Morocco,True
2022-09-24,Senegal,Bolivia,2,0,Friendly,France,True
2022-09-24,Colombia,Guatemala,4,1,Friendly,United States,True
2022-09-24,Mexico,Peru,1,0,Friendly,United States,True
2022-09-24,Grenada,St Vincent & Grenadines,1,3,Friendly,Grenada,False
2022-09-24,Vanuatu,Papua New Guinea,0,1,Melanesian Cup,Vanuatu,False
2022-09-24,Fiji,Solomon Islands,2,2,Melanesian Cup,Vanuatu,True
2022-09-24,Scotland,Ireland,2,1,European Nations League B,Scotland,False
2022-09-24,Northern Ireland,Kosovo,2,1,European Nations League C,Northern Ireland,False
2022-09-24,Spain,Switzerland,1,2,European Nations League A,Spain,False
2022-09-24,Serbia,Sweden,4,1,European Nations League B,Serbia,False
2022-09-24,Slovenia,Norway,2,1,European Nations League B,Slovenia,False
2022-09-24,Czechia,Portugal,0,4,European Nations League A,Czechia,False
2022-09-24,Armenia,Ukraine,0,5,European Nations League B,Armenia,False
2022-09-24,Cyprus,Greece,1,0,European Nations League C,Cyprus,False
2022-09-24,Israel,Albania,2,1,European Nations League B,Israel,False
2022-09-25,New Zealand,Australia,0,2,Friendly,New Zealand,False
2022-09-25,Malaysia,Tajikistan,0,0,King's Cup,Thailand,True
2022-09-25,Thailand,Trinidad and Tobago,2,1,King's Cup,Thailand,False
2022-09-25,Liberia,Niger,0,0,Friendly tournament,Egypt,True
2022-09-25,Wales,Poland,0,1,European Nations League A,Wales,False
2022-09-25,Austria,Croatia,1,3,European Nations League A,Austria,False
2022-09-25,Netherlands,Belgium,1,0,European Nations League A,Netherlands,False
2022-09-25,Denmark,France,2,0,European Nations League A,Denmark,False
2022-09-25,Luxembourg,Lithuania,1,0,European Nations League C,Luxembourg,False
2022-09-25,Andorra,Latvia,1,1,European Nations League D,Andorra,False
2022-09-25,Faroe Islands,Turkey,2,1,European Nations League C,Faroe Islands,False
2022-09-25,Slovakia,Belarus,1,1,European Nations League C,Slovakia,False
2022-09-25,Moldova,Liechtenstein,2,0,European Nations League D,Moldova,False
2022-09-25,Azerbaijan,Kazakhstan,3,0,European Nations League C,Azerbaijan,False
2022-09-26,Iraq,Syria,1,0,Friendly tournament,Jordan,True
2022-09-26,Jordan,Oman,1,0,Friendly tournament,Jordan,False
2022-09-26,Mali,Zambia,0,0,Friendly,Mali,False
2022-09-26,Ethiopia,Sudan,2,2,Friendly,Ethiopia,False
2022-09-26,England,Germany,3,3,European Nations League A,England,False
2022-09-26,Hungary,Italy,0,2,European Nations League A,Hungary,False
2022-09-26,Montenegro,Finland,0,2,European Nations League B,Montenegro,False
2022-09-26,San Marino,Estonia,0,4,European Nations League D,San Marino,False
2022-09-26,Romania,Bosnia and Herzegovina,4,1,European Nations League B,Romania,False
2022-09-26,North Macedonia,Bulgaria,0,1,European Nations League C,North Macedonia,False
2022-09-26,Gibraltar,Georgia,1,2,European Nations League C,Gibraltar,False
2022-09-27,Ecuador,Japan,0,0,Friendly,Germany,True
2022-09-27,Indonesia,Curaçao,2,1,Friendly,Indonesia,False
2022-09-27,Vietnam,India,3,0,Friendly tournament,Vietnam,False
2022-09-27,Iran,Senegal,1,1,Friendly,Austria,True
2022-09-27,South Korea,Cameroon,1,0,Friendly,South Korea,False
2022-09-27,Brunei,Laos,1,0,Friendly tournament,Brunei,False
2022-09-27,Saudi Arabia,United States,0,0,Friendly,Spain,True
2022-09-27,Bahrain,Panama,0,2,Friendly,Bahrain,False
2022-09-27,Chile,Qatar,2,2,Friendly,Austria,True
2022-09-27,Venezuela,United Arab Emirates,4,0,Friendly,Austria,True
2022-09-27,Nepal,Bangladesh,3,1,Friendly,Nepal,False
2022-09-27,Costa Rica,Uzbekistan,2,1,Friendly,South Korea,True
2022-09-27,Egypt,Liberia,3,0,Friendly tournament,Egypt,False
2022-09-27,South Africa,Botswana,1,0,Friendly,South Africa,False
2022-09-27,Libya,Tanzania,2,1,Friendly tournament,Libya,False
2022-09-27,Madagascar,Benin,3,1,Friendly,Morocco,True
2022-09-27,DR Congo,Sierra Leone,3,0,Friendly,Morocco,True
2022-09-27,Algeria,Nigeria,2,1,Friendly,Algeria,False
2022-09-27,Ghana,Nicaragua,1,0,Friendly,Spain,True
2022-09-27,Equatorial Guinea,Togo,2,2,Friendly,Morocco,True
2022-09-27,Brazil,Tunisia,5,1,Friendly,France,True
2022-09-27,Morocco,Paraguay,0,0,Friendly,Spain,True
2022-09-27,Burkina Faso,Comoros,2,1,Friendly,Morocco,True
2022-09-27,Ivory Coast,Guinea,3,1,Friendly,France,True
2022-09-27,Mauritania,Congo,2,0,Friendly,Morocco,True
2022-09-27,Uruguay,Canada,2,0,Friendly,Slovakia,True
2022-09-27,Peru,El Salvador,4,1,Friendly,United States,True
2022-09-27,Honduras,Guatemala,2,1,Friendly,United States,True
2022-09-27,Colombia,Mexico,3,2,Friendly,United States,True
2022-09-27,Argentina,Jamaica,3,0,Friendly,United States,True
2022-09-27,Papua New Guinea,Fiji,1,0,Melanesian Cup,Vanuatu,True
2022-09-27,Scotland,Ukraine,0,0,European Nations League B,Poland,True
2022-09-27,Greece,Northern Ireland,3,1,European Nations League C,Greece,False
2022-09-27,Switzerland,Czechia,2,1,European Nations League A,Switzerland,False
2022-09-27,Sweden,Slovenia,1,1,European Nations League B,Sweden,False
2022-09-27,Norway,Serbia,0,2,European Nations League B,Norway,False
2022-09-27,Portugal,Spain,0,1,European Nations League A,Portugal,False
2022-09-27,Ireland,Armenia,3,2,European Nations League B,Ireland,False
2022-09-27,Malta,Israel,2,1,Friendly,Malta,False
2022-09-27,Albania,Iceland,1,1,European Nations League B,Albania,False
2022-09-27,Kosovo,Cyprus,5,1,European Nations League C,Kosovo,False
2022-09-30,Fiji,Solomon Islands,1,0,Melanesian Cup,Vanuatu,True
2022-10-01,St Vincent & Grenadines,Grenada,1,5,Friendly,St Vincent & Grenadines,False
2022-10-13,Qatar,Nicaragua,2,1,Friendly,Spain,True
2022-10-22,Saudi Arabia,North Macedonia,1,0,Friendly,United Arab Emirates,True
2022-10-23,Qatar,Guatemala,2,0,Friendly,Spain,True
2022-10-26,Albania,Saudi Arabia,1,1,Friendly,United Arab Emirates,True
2022-10-27,Qatar,Honduras,1,0,Friendly,Spain,True
2022-10-30,Honduras,Saudi Arabia,0,0,Friendly,United Arab Emirates,True
2022-11-05,Qatar,Panama,2,1,Friendly,Spain,True
2022-11-05,Brunei,East Timor,6,2,Southeast Asian Champ qual,Brunei,False
2022-11-06,Saudi Arabia,Iceland,1,0,Friendly,United Arab Emirates,True
2022-11-08,Brunei,East Timor,0,1,Southeast Asian Champ qual,Brunei,False
2022-11-09,Mexico,Iraq,4,0,Friendly,Spain,True
2022-11-09,Qatar,Albania,1,0,Friendly,Spain,True
2022-11-09,Costa Rica,Nigeria,2,0,Friendly,Costa Rica,False
2022-11-09,Cameroon,Jamaica,1,1,Friendly,Cameroon,False
2022-11-10,Iran,Nicaragua,1,0,Friendly,Iran,False
2022-11-10,Panama,Saudi Arabia,1,1,Friendly,United Arab Emirates,True
2022-11-11,South Korea,Iceland,1,0,Friendly,South Korea,False
2022-11-11,Bahrain,Canada,2,2,Friendly,Bahrain,False
2022-11-12,Ecuador,Iraq,0,0,Friendly,Spain,True
2022-11-15,Dominican Republic,Cuba,2,4,Friendly,Dominican Republic,False
2022-11-15,Panama,Venezuela,2,2,Friendly,United Arab Emirates,True
2022-11-16,Tunisia,Iran,2,0,Friendly,Qatar,True
2022-11-16,Nepal,Pakistan,1,0,Friendly,Nepal,False
2022-11-16,Saudi Arabia,Croatia,0,1,Friendly,Saudi Arabia,False
2022-11-16,Oman,Germany,0,1,Friendly,Oman,False
2022-11-16,United Arab Emirates,Argentina,0,5,Friendly,United Arab Emirates,False
2022-11-16,Uzbekistan,Kazakhstan,2,0,Friendly,Uzbekistan,False
2022-11-16,Ivory Coast,Burundi,4,0,Friendly,Morocco,True
2022-11-16,Algeria,Mali,1,1,Friendly,Algeria,False
2022-11-16,Nicaragua,El Salvador,1,0,Friendly,Nicaragua,False
2022-11-16,Sweden,Mexico,2,1,Friendly,Spain,True
2022-11-16,Poland,Chile,1,0,Friendly,Poland,False
2022-11-16,Peru,Paraguay,1,0,Friendly,Peru,False
2022-11-16,Turkey,Scotland,2,1,Friendly,Turkey,False
2022-11-16,Austria,Andorra,1,0,Friendly,Spain,True
2022-11-16,Albania,Italy,1,3,Friendly,Albania,False
2022-11-16,Latvia,Estonia,1,1,Baltic Cup,Latvia,False
2022-11-16,Lithuania,Iceland,0,0,Baltic Cup,Lithuania,False
2022-11-16,Cyprus,Bulgaria,0,2,Friendly,Cyprus,False
2022-11-16,Moldova,Azerbaijan,1,2,Friendly,Moldova,False
2022-11-16,Czechia,Faroe Islands,5,0,Friendly,Czechia,False
2022-11-16,Kosovo,Armenia,2,2,Friendly,Kosovo,False
2022-11-16,Gibraltar,Liechtenstein,2,0,Friendly,Gibraltar,False
2022-11-17,Canada,Japan,2,1,Friendly,United Arab Emirates,True
2022-11-17,Belarus,Syria,1,0,Friendly,United Arab Emirates,True
2022-11-17,Jordan,Spain,1,3,Friendly,Jordan,False
2022-11-17,Tajikistan,Russia,0,0,Friendly,Tajikistan,False
2022-11-17,South Africa,Mozambique,2,1,Friendly,South Africa,False
2022-11-17,Israel,Zambia,4,2,Friendly,Israel,False
2022-11-17,Portugal,Nigeria,4,0,Friendly,Portugal,False
2022-11-17,Ghana,Switzerland,2,0,Friendly,United Arab Emirates,True
2022-11-17,Gabon,Guinea-Bissau,3,1,Friendly,Turkey,True
2022-11-17,Rwanda,Sudan,0,0,Friendly,Rwanda,False
2022-11-17,Libya,Niger,3,2,Friendly,Turkey,True
2022-11-17,Morocco,Georgia,3,0,Friendly,United Arab Emirates,True
2022-11-17,Angola,Botswana,1,0,Friendly,South Africa,True
2022-11-17,Saint Lucia,San Marino,1,1,Friendly,Saint Lucia,False
2022-11-17,Luxembourg,Hungary,2,2,Friendly,Luxembourg,False
2022-11-17,Ireland,Norway,1,2,Friendly,Ireland,False
2022-11-17,North Macedonia,Finland,1,1,Friendly,North Macedonia,False
2022-11-17,Romania,Slovenia,1,2,Friendly,Romania,False
2022-11-17,Malta,Greece,2,2,Friendly,Malta,False
2022-11-17,Montenegro,Slovakia,2,2,Friendly,Montenegro,False
2022-11-18,Bahrain,Serbia,1,5,Friendly,Bahrain,False
2022-11-18,Egypt,Belgium,2,1,Friendly,Kuwait,True
2022-11-18,Cameroon,Panama,1,1,Friendly,United Arab Emirates,True
2022-11-18,Dominican Republic,Cuba,1,1,Friendly,Dominican Republic,False
2022-11-19,Kuwait,Lebanon,2,0,Friendly,United Arab Emirates,True
2022-11-19,United Arab Emirates,Kazakhstan,2,1,Friendly,United Arab Emirates,False
2022-11-19,Rwanda,Sudan,1,0,Friendly,Rwanda,False
2022-11-19,Burkina Faso,Ivory Coast,2,1,Friendly,Morocco,True
2022-11-19,Sweden,Algeria,2,0,Friendly,Sweden,False
2022-11-19,Guatemala,Nicaragua,3,1,Friendly,United States,True
2022-11-19,Suriname,French Guiana,1,3,Friendly,Suriname,False
2022-11-19,Colombia,Paraguay,2,0,Friendly,United States,True
2022-11-19,Peru,Bolivia,1,0,Friendly,Peru,False
2022-11-19,Estonia,Lithuania,2,0,Baltic Cup,Estonia,False
2022-11-19,Latvia,Iceland,1,1,Baltic Cup,Latvia,False
2022-11-19,Turkey,Czechia,2,1,Friendly,Turkey,False
2022-11-19,Albania,Armenia,2,0,Friendly,Albania,False
2022-11-19,Kosovo,Faroe Islands,1,1,Friendly,Kosovo,False
2022-11-19,Gibraltar,Andorra,1,0,Friendly,Gibraltar,False
2022-11-20,Venezuela,Syria,2,1,Friendly,United Arab Emirates,True
2022-11-20,Oman,Belarus,2,0,Friendly,United Arab Emirates,True
2022-11-20,Qatar,Ecuador,0,2,World Cup,Qatar,False
2022-11-20,Uzbekistan,Russia,0,0,Friendly,Uzbekistan,False
2022-11-20,South Africa,Angola,1,1,Friendly,South Africa,False
2022-11-20,Gambia,Guinea-Bissau,0,0,Friendly,Turkey,True
2022-11-20,Gabon,Niger,3,1,Friendly,Turkey,True
2022-11-20,Saint Lucia,San Marino,1,0,Friendly,Saint Lucia,False
2022-11-20,Slovakia,Chile,0,0,Friendly,Slovakia,False
2022-11-20,Austria,Italy,2,0,Friendly,Austria,False
2022-11-20,Hungary,Greece,2,1,Friendly,Hungary,False
2022-11-20,Norway,Finland,1,1,Friendly,Norway,False
2022-11-20,Luxembourg,Bulgaria,0,0,Friendly,Luxembourg,False
2022-11-20,Moldova,Romania,0,5,Friendly,Moldova,False
2022-11-20,Malta,Ireland,0,1,Friendly,Malta,False
2022-11-20,Israel,Cyprus,2,3,Friendly,Israel,False
2022-11-20,Slovenia,Montenegro,1,0,Friendly,Slovenia,False
2022-11-20,North Macedonia,Azerbaijan,1,3,Friendly,North Macedonia,False
2022-11-21,England,Iran,6,2,World Cup,Qatar,True
2022-11-21,Netherlands,Senegal,2,0,World Cup,Qatar,True
2022-11-21,United States,Wales,1,1,World Cup,Qatar,True
2022-11-22,France,Australia,4,1,World Cup,Qatar,True
2022-11-22,Saudi Arabia,Argentina,2,1,World Cup,Qatar,True
2022-11-22,Denmark,Tunisia,0,0,World Cup,Qatar,True
2022-11-22,Mexico,Poland,0,0,World Cup,Qatar,True
2022-11-23,Japan,Germany,2,1,World Cup,Qatar,True
2022-11-23,Croatia,Morocco,0,0,World Cup,Qatar,True
2022-11-23,Belgium,Canada,1,0,World Cup,Qatar,True
2022-11-23,Spain,Costa Rica,7,0,World Cup,Qatar,True
2022-11-24,South Korea,Uruguay,0,0,World Cup,Qatar,True
2022-11-24,Portugal,Ghana,3,2,World Cup,Qatar,True
2022-11-24,Switzerland,Cameroon,1,0,World Cup,Qatar,True
2022-11-24,Curaçao,Aruba,2,2,Friendly tournament,Curaçao,False
2022-11-24,Suriname,Bonaire,4,1,Friendly tournament,Curaçao,True
2022-11-24,Brazil,Serbia,2,0,World Cup,Qatar,True
2022-11-25,Iran,Wales,2,0,World Cup,Qatar,True
2022-11-25,Qatar,Senegal,1,3,World Cup,Qatar,False
2022-11-25,England,United States,0,0,World Cup,Qatar,True
2022-11-25,Ecuador,Netherlands,1,1,World Cup,Qatar,True
2022-11-26,Australia,Tunisia,1,0,World Cup,Qatar,True
2022-11-26,Poland,Saudi Arabia,2,0,World Cup,Qatar,True
2022-11-26,Argentina,Mexico,2,0,World Cup,Qatar,True
2022-11-26,Aruba,Bonaire,1,0,Friendly tournament,Curaçao,True
2022-11-26,Curaçao,Suriname,2,2,Friendly tournament,Curaçao,False
2022-11-26,France,Denmark,2,1,World Cup,Qatar,True
2022-11-27,Costa Rica,Japan,1,0,World Cup,Qatar,True
2022-11-27,Morocco,Belgium,2,0,World Cup,Qatar,True
2022-11-27,Croatia,Canada,4,1,World Cup,Qatar,True
2022-11-27,Germany,Spain,1,1,World Cup,Qatar,True
2022-11-28,Ghana,South Korea,3,2,World Cup,Qatar,True
2022-11-28,Cameroon,Serbia,3,3,World Cup,Qatar,True
2022-11-28,Portugal,Uruguay,2,0,World Cup,Qatar,True
2022-11-28,Brazil,Switzerland,1,0,World Cup,Qatar,True
2022-11-29,United States,Iran,1,0,World Cup,Qatar,True
2022-11-29,Qatar,Netherlands,0,2,World Cup,Qatar,False
2022-11-29,Senegal,Ecuador,2,1,World Cup,Qatar,True
2022-11-29,England,Wales,3,0,World Cup,Qatar,True
2022-11-30,Australia,Denmark,1,0,World Cup,Qatar,True
2022-11-30,Mexico,Saudi Arabia,2,1,World Cup,Qatar,True
2022-11-30,Tunisia,France,1,0,World Cup,Qatar,True
2022-11-30,Argentina,Poland,2,0,World Cup,Qatar,True
2022-12-01,Japan,Spain,2,1,World Cup,Qatar,True
2022-12-01,Morocco,Canada,2,1,World Cup,Qatar,True
2022-12-01,Germany,Costa Rica,4,2,World Cup,Qatar,True
2022-12-01,Belgium,Croatia,0,0,World Cup,Qatar,True
2022-12-02,South Korea,Portugal,2,1,World Cup,Qatar,True
2022-12-02,Uruguay,Ghana,2,0,World Cup,Qatar,True
2022-12-02,Cameroon,Brazil,1,0,World Cup,Qatar,True
2022-12-02,Switzerland,Serbia,3,2,World Cup,Qatar,True
2022-12-03,Argentina,Australia,2,1,World Cup,Qatar,True
2022-12-03,Netherlands,United States,3,1,World Cup,Qatar,True
2022-12-04,England,Senegal,3,0,World Cup,Qatar,True
2022-12-04,France,Poland,3,1,World Cup,Qatar,True
2022-12-05,Croatia,Japan,1,1,World Cup,Qatar,True
2022-12-05,Brazil,South Korea,4,1,World Cup,Qatar,True
2022-12-06,Morocco,Spain,0,0,World Cup,Qatar,True
2022-12-06,Portugal,Switzerland,6,1,World Cup,Qatar,True
2022-12-09,Malaysia,Cambodia,4,0,Friendly,Malaysia,False
2022-12-09,Argentina,Netherlands,2,2,World Cup,Qatar,True
2022-12-09,Brazil,Croatia,1,1,World Cup,Qatar,True
2022-12-10,Morocco,Portugal,1,0,World Cup,Qatar,True
2022-12-10,France,England,2,1,World Cup,Qatar,True
2022-12-11,Thailand,Myanmar,6,0,Friendly,Thailand,False
2022-12-13,Argentina,Croatia,3,0,World Cup,Qatar,True
2022-12-14,Vietnam,Philippines,1,0,Friendly,Vietnam,False
2022-12-14,Thailand,Taiwan,0,1,Friendly,Thailand,False
2022-12-14,Malaysia,Maldives,3,0,Friendly,Malaysia,False
2022-12-14,France,Morocco,2,0,World Cup,Qatar,True
2022-12-17,Singapore,Maldives,3,1,Friendly,Singapore,False
2022-12-17,Croatia,Morocco,2,1,World Cup,Qatar,True
2022-12-18,Argentina,France,3,3,World Cup,Qatar,True
2022-12-20,Cambodia,Philippines,3,2,Southeast Asian Champ,Cambodia,False
2022-12-20,Thailand,Brunei,5,0,Southeast Asian Champ,Malaysia,True
2022-12-21,Laos,Vietnam,0,6,Southeast Asian Champ,Laos,False
2022-12-21,Myanmar,Malaysia,0,1,Southeast Asian Champ,Myanmar,False
2022-12-23,Philippines,Brunei,5,1,Southeast Asian Champ,Philippines,False
2022-12-23,Indonesia,Cambodia,2,1,Southeast Asian Champ,Indonesia,False
2022-12-23,Oman,Syria,2,1,Friendly,United Arab Emirates,True
2022-12-24,Singapore,Myanmar,3,2,Southeast Asian Champ,Singapore,False
2022-12-24,Malaysia,Laos,5,0,Southeast Asian Champ,Malaysia,False
2022-12-26,Thailand,Philippines,4,0,Southeast Asian Champ,Thailand,False
2022-12-26,Indonesia,Brunei,7,0,Southeast Asian Champ,Malaysia,True
2022-12-27,Vietnam,Malaysia,3,0,Southeast Asian Champ,Vietnam,False
2022-12-27,Laos,Singapore,0,2,Southeast Asian Champ,Laos,False
2022-12-29,Indonesia,Thailand,1,1,Southeast Asian Champ,Indonesia,False
2022-12-29,Cambodia,Brunei,5,1,Southeast Asian Champ,Cambodia,False
2022-12-30,United Arab Emirates,Lebanon,1,0,Friendly,United Arab Emirates,False
2022-12-30,Singapore,Vietnam,0,0,Southeast Asian Champ,Singapore,False
2022-12-30,Oman,Syria,1,0,Friendly,United Arab Emirates,True
2022-12-30,Myanmar,Laos,2,2,Southeast Asian Champ,Myanmar,False
2022-12-30,Iraq,Kuwait,1,0,Friendly,Iraq,False
2023-01-02,Philippines,Indonesia,1,2,Southeast Asian Champ,Philippines,False
2023-01-02,Thailand,Cambodia,3,1,Southeast Asian Champ,Thailand,False
2023-01-03,Vietnam,Myanmar,3,0,Southeast Asian Champ,Vietnam,False
2023-01-03,Malaysia,Singapore,4,1,Southeast Asian Champ,Malaysia,False
2023-01-06,Indonesia,Vietnam,0,0,Southeast Asian Champ,Indonesia,False
2023-01-06,Iraq,Oman,0,0,Gulf Cup,Iraq,False
2023-01-06,Saudi Arabia,Yemen,2,0,Gulf Cup,Iraq,True
2023-01-07,Malaysia,Thailand,1,0,Southeast Asian Champ,Malaysia,False
2023-01-07,Qatar,Kuwait,2,0,Gulf Cup,Iraq,True
2023-01-07,Bahrain,United Arab Emirates,2,1,Gulf Cup,Iraq,True
2023-01-08,Estonia,Iceland,1,1,Friendly,Portugal,True
2023-01-09,Vietnam,Indonesia,2,0,Southeast Asian Champ,Vietnam,False
2023-01-09,Iraq,Saudi Arabia,2,0,Gulf Cup,Iraq,False
2023-01-09,Oman,Yemen,3,2,Gulf Cup,Iraq,True
2023-01-09,Sweden,Finland,2,0,Friendly,Portugal,True
2023-01-10,Thailand,Malaysia,3,0,Southeast Asian Champ,Thailand,False
2023-01-10,Kuwait,United Arab Emirates,1,0,Gulf Cup,Iraq,True
2023-01-10,Bahrain,Qatar,2,1,Gulf Cup,Iraq,True
2023-01-12,Iraq,Yemen,5,0,Gulf Cup,Iraq,False
2023-01-12,Oman,Saudi Arabia,2,1,Gulf Cup,Iraq,True
2023-01-12,Sweden,Iceland,2,1,Friendly,Portugal,True
2023-01-12,Estonia,Finland,1,0,Friendly,Portugal,True
2023-01-13,Vietnam,Thailand,2,2,Southeast Asian Champ,Vietnam,False
2023-01-13,Bahrain,Kuwait,1,1,Gulf Cup,Iraq,True
2023-01-13,Qatar,United Arab Emirates,1,1,Gulf Cup,Iraq,True
2023-01-16,Thailand,Vietnam,1,0,Southeast Asian Champ,Thailand,False
2023-01-16,Iraq,Qatar,2,1,Gulf Cup,Iraq,False
2023-01-16,Oman,Bahrain,1,0,Gulf Cup,Iraq,True
2023-01-19,Iraq,Oman,3,2,Gulf Cup,Iraq,False
2023-01-25,United States,Serbia,1,2,Friendly,United States,False
2023-01-28,United States,Colombia,0,0,Friendly,United States,False
2023-01-29,Trinidad and Tobago,Saint Martin,2,0,Friendly,Trinidad and Tobago,False
2023-02-22,Grenada,Barbados,1,1,Friendly,Grenada,False
2023-02-23,French Guiana,Martinique,0,1,Friendly,French Guiana,False
2023-02-24,Grenada,Barbados,2,2,Friendly,Grenada,False
2023-02-25,Malawi,Lesotho,1,1,Friendly,Malawi,False
2023-02-25,French Guiana,Martinique,2,2,Friendly,French Guiana,False
2023-02-26,Malawi,Lesotho,0,1,Friendly,Malawi,False
2023-02-26,Grenada,Barbados,2,2,Friendly,Grenada,False
2023-03-03,Grenada,Saint Lucia,1,2,Friendly,Grenada,False
2023-03-03,Bahamas,Turks and Caicos Islands,1,2,Friendly,Bahamas,False
2023-03-04,Bahamas,Turks and Caicos Islands,2,0,Friendly,Bahamas,False
2023-03-04,Anguilla,Saint Martin,2,2,Friendly,Anguilla,False
2023-03-04,Saint Barthelemy,Sint Maarten,5,1,Friendly,Saint Barthelemy,False
2023-03-05,Grenada,Saint Lucia,2,0,Friendly,Grenada,False
2023-03-10,Saint Martin,Saint Barthelemy,3,2,Friendly,Saint Martin,False
2023-03-11,Jamaica,Trinidad and Tobago,0,1,Friendly,Jamaica,False
2023-03-12,Guatemala,Panama,1,1,Friendly,United States,True
2023-03-14,Jamaica,Trinidad and Tobago,0,0,Friendly,Jamaica,False
2023-03-15,Bangladesh,Malawi,1,1,Friendly,Saudi Arabia,True
2023-03-16,Lesotho,Eswatini,0,0,Friendly,Lesotho,False
2023-03-19,Ethiopia,Rwanda,1,0,Friendly,Ethiopia,False
2023-03-20,Tahiti,New Caledonia,0,2,Friendly,Tahiti,False
2023-03-20,Fiji,Vanuatu,1,2,Friendly tournament,Fiji,False
2023-03-21,Maldives,Pakistan,1,0,Friendly,Maldives,False
2023-03-22,India,Myanmar,1,0,Friendly tournament,India,False
2023-03-22,Nepal,Laos,2,0,Friendly tournament,Nepal,False
2023-03-22,Sao Tome and Principe,Sierra Leone,2,2,African Nations Cup qualifier,Morocco,True
2023-03-22,Benin,Rwanda,1,1,African Nations Cup qualifier,Benin,False
2023-03-22,Honduras,El Salvador,1,0,Friendly,United States,True
2023-03-22,Ireland,Latvia,3,2,Friendly,Ireland,False
2023-03-23,New Zealand,China,0,0,Friendly,New Zealand,False
2023-03-23,Iran,Russia,1,1,Friendly,Iran,False
2023-03-23,Hong Kong,Singapore,1,1,Friendly,Hong Kong,False
2023-03-23,Malaysia,Turkmenistan,1,0,Friendly,Malaysia,False
2023-03-23,Zambia,Lesotho,3,1,African Nations Cup qualifier,Zambia,False
2023-03-23,Madagascar,Central African Republic,0,3,African Nations Cup qualifier,Madagascar,False
2023-03-23,Ghana,Angola,1,0,African Nations Cup qualifier,Ghana,False
2023-03-23,Gabon,Sudan,1,0,African Nations Cup qualifier,Gabon,False
2023-03-23,Congo,South Sudan,1,2,African Nations Cup qualifier,Congo,False
2023-03-23,Algeria,Niger,2,1,African Nations Cup qualifier,Algeria,False
2023-03-23,Suriname,Mexico,0,2,CONCACAF Nations League A,Suriname,False
2023-03-23,Barbados,Cuba,0,1,CONCACAF Nations League B,Barbados,False
2023-03-23,Guadeloupe,Antigua and Barbuda,0,1,CONCACAF Nations League B,Guadeloupe,False
2023-03-23,French Guiana,Dominican Republic,1,1,CONCACAF Nations League B,French Guiana,False
2023-03-23,Saint Kitts and Nevis,Saint Martin,3,1,CONCACAF Nations League C,Anguilla,True
2023-03-23,Argentina,Panama,2,0,Friendly,Argentina,False
2023-03-23,British Virgin Islands,Puerto Rico,1,3,CONCACAF Nations League C,British Virgin Islands,False
2023-03-23,Tahiti,New Caledonia,2,1,Friendly,Tahiti,False
2023-03-23,Solomon Islands,Vanuatu,2,0,Friendly tournament,Fiji,True
2023-03-23,Italy,England,1,2,European Championship qual,Italy,False
2023-03-23,San Marino,Northern Ireland,0,2,European Championship qual,San Marino,False
2023-03-23,Hungary,Estonia,1,0,Friendly,Hungary,False
2023-03-23,Denmark,Finland,3,1,European Championship qual,Denmark,False
2023-03-23,Slovakia,Luxembourg,0,0,European Championship qual,Slovakia,False
2023-03-23,Portugal,Liechtenstein,4,0,European Championship qual,Portugal,False
2023-03-23,Bosnia and Herzegovina,Iceland,3,0,European Championship qual,Bosnia and Herzegovina,False
2023-03-23,North Macedonia,Malta,2,1,European Championship qual,North Macedonia,False
2023-03-23,Kazakhstan,Slovenia,1,2,European Championship qual,Kazakhstan,False
2023-03-24,Japan,Uruguay,1,1,Friendly,Japan,False
2023-03-24,Kuwait,Philippines,2,0,Friendly,Kuwait,False
2023-03-24,Australia,Ecuador,3,1,Friendly,Australia,False
2023-03-24,South Korea,Colombia,2,2,Friendly,South Korea,False
2023-03-24,Saudi Arabia,Venezuela,1,2,Friendly,Saudi Arabia,False
2023-03-24,Uzbekistan,Bolivia,1,0,Friendly,Saudi Arabia,True
2023-03-24,Egypt,Malawi,2,0,African Nations Cup qualifier,Egypt,False
2023-03-24,South Africa,Liberia,2,2,African Nations Cup qualifier,South Africa,False
2023-03-24,Tanzania,Uganda,1,0,African Nations Cup qualifier,Egypt,True
2023-03-24,Guinea,Ethiopia,2,0,African Nations Cup qualifier,Morocco,True
2023-03-24,DR Congo,Mauritania,3,1,African Nations Cup qualifier,DR Congo,False
2023-03-24,Nigeria,Guinea-Bissau,0,1,African Nations Cup qualifier,Nigeria,False
2023-03-24,Mali,Gambia,2,0,African Nations Cup qualifier,Mali,False
2023-03-24,Burkina Faso,Togo,1,0,African Nations Cup qualifier,Morocco,True
2023-03-24,Tunisia,Libya,3,0,African Nations Cup qualifier,Tunisia,False
2023-03-24,Cape Verde,Eswatini,0,0,African Nations Cup qualifier,Cape Verde,False
2023-03-24,Cameroon,Namibia,1,1,African Nations Cup qualifier,Cameroon,False
2023-03-24,Ivory Coast,Comoros,3,1,African Nations Cup qualifier,Ivory Coast,False
2023-03-24,Senegal,Mozambique,5,1,African Nations Cup qualifier,Senegal,False
2023-03-24,Equatorial Guinea,Botswana,2,0,African Nations Cup qualifier,Equatorial Guinea,False
2023-03-24,Grenada,United States,1,7,CONCACAF Nations League A,Grenada,False
2023-03-24,Belize,Guatemala,1,2,CONCACAF Nations League B,Belize,False
2023-03-24,Bahamas,Trinidad and Tobago,0,3,CONCACAF Nations League B,Bahamas,False
2023-03-24,Nicaragua,St Vincent & Grenadines,4,1,CONCACAF Nations League B,Nicaragua,False
2023-03-24,Anguilla,Saint Lucia,1,2,CONCACAF Nations League C,Anguilla,False
2023-03-24,Austria,Azerbaijan,4,1,European Championship qual,Austria,False
2023-03-24,Sweden,Belgium,0,3,European Championship qual,Sweden,False
2023-03-24,France,Netherlands,4,0,European Championship qual,France,False
2023-03-24,Czechia,Poland,3,1,European Championship qual,Czechia,False
2023-03-24,Serbia,Lithuania,2,0,European Championship qual,Serbia,False
2023-03-24,Bulgaria,Montenegro,0,1,European Championship qual,Bulgaria,False
2023-03-24,Gibraltar,Greece,0,3,European Championship qual,Portugal,True
2023-03-24,Moldova,Faroe Islands,1,1,European Championship qual,Moldova,False
2023-03-25,Indonesia,Burundi,3,1,Friendly,Indonesia,False
2023-03-25,Georgia,Mongolia,6,1,Friendly,Georgia,False
2023-03-25,Syria,Thailand,3,1,Friendly,United Arab Emirates,True
2023-03-25,Kyrgyzstan,Myanmar,1,1,Friendly tournament,India,True
2023-03-25,Laos,Bhutan,2,1,Friendly tournament,Nepal,True
2023-03-25,Bahrain,Palestine,1,2,Friendly,Bahrain,False
2023-03-25,United Arab Emirates,Tajikistan,0,0,Friendly,United Arab Emirates,False
2023-03-25,Bangladesh,Seychelles,1,0,Friendly,Bangladesh,False
2023-03-25,Morocco,Brazil,2,1,Friendly,Morocco,False
2023-03-25,Curaçao,Canada,0,2,CONCACAF Nations League A,Curaçao,False
2023-03-25,Martinique,Costa Rica,1,2,CONCACAF Nations League A,Martinique,False
2023-03-25,Montserrat,Haiti,0,4,CONCACAF Nations League B,Montserrat,False
2023-03-25,Bermuda,Guyana,0,2,CONCACAF Nations League B,Bermuda,False
2023-03-25,Sint Maarten,Bonaire,6,1,CONCACAF Nations League C,US Virgin Islands,True
2023-03-25,Turks and Caicos Islands,US Virgin Islands,1,0,CONCACAF Nations League C,Turks and Caicos Islands,False
2023-03-25,Germany,Peru,2,0,Friendly,Germany,False
2023-03-25,Scotland,Cyprus,3,0,European Championship qual,Scotland,False
2023-03-25,Croatia,Wales,1,1,European Championship qual,Croatia,False
2023-03-25,Belarus,Switzerland,0,5,European Championship qual,Serbia,True
2023-03-25,Spain,Norway,3,0,European Championship qual,Spain,False
2023-03-25,Andorra,Romania,0,2,European Championship qual,Andorra,False
2023-03-25,Armenia,Turkey,1,2,European Championship qual,Armenia,False
2023-03-25,Israel,Kosovo,1,1,European Championship qual,Israel,False
2023-03-26,New Zealand,China,2,1,Friendly,New Zealand,False
2023-03-26,Macao,Singapore,0,1,Friendly,Macao,False
2023-03-26,Russia,Iraq,2,0,Friendly,Russia,False
2023-03-26,Lesotho,Zambia,0,2,African Nations Cup qualifier,South Africa,True
2023-03-26,Sierra Leone,Sao Tome and Principe,2,0,African Nations Cup qualifier,Morocco,True
2023-03-26,Mexico,Jamaica,2,2,CONCACAF Nations League A,Mexico,False
2023-03-26,Antigua and Barbuda,Barbados,1,2,CONCACAF Nations League B,Antigua and Barbuda,False
2023-03-26,Cuba,Guadeloupe,1,0,CONCACAF Nations League B,Cuba,False
2023-03-26,Puerto Rico,Cayman Islands,5,1,CONCACAF Nations League C,Puerto Rico,False
2023-03-26,Fiji,Solomon Islands,0,2,Friendly tournament,Fiji,False
2023-03-26,England,Ukraine,2,0,European Championship qual,England,False
2023-03-26,Northern Ireland,Finland,0,1,European Championship qual,Northern Ireland,False
2023-03-26,Malta,Italy,0,2,European Championship qual,Malta,False
2023-03-26,Luxembourg,Portugal,0,6,European Championship qual,Luxembourg,False
2023-03-26,Kazakhstan,Denmark,3,2,European Championship qual,Kazakhstan,False
2023-03-26,Slovakia,Bosnia and Herzegovina,2,0,European Championship qual,Slovakia,False
2023-03-26,Liechtenstein,Iceland,0,7,European Championship qual,Liechtenstein,False
2023-03-26,Slovenia,San Marino,2,0,European Championship qual,Slovenia,False
2023-03-27,Oman,Lebanon,2,0,Friendly,Oman,False
2023-03-27,Central African Republic,Madagascar,2,0,African Nations Cup qualifier,Cameroon,True
2023-03-27,Guinea,Ethiopia,3,2,African Nations Cup qualifier,Morocco,True
2023-03-27,Guinea-Bissau,Nigeria,0,1,African Nations Cup qualifier,Guinea-Bissau,False
2023-03-27,Angola,Ghana,1,1,African Nations Cup qualifier,Angola,False
2023-03-27,Sudan,Gabon,1,0,African Nations Cup qualifier,Sudan,False
2023-03-27,Congo,South Sudan,1,0,African Nations Cup qualifier,Tanzania,True
2023-03-27,Algeria,Niger,1,0,African Nations Cup qualifier,Tunisia,True
2023-03-27,United States,El Salvador,1,0,CONCACAF Nations League A,United States,False
2023-03-27,Guatemala,French Guiana,4,0,CONCACAF Nations League B,Guatemala,False
2023-03-27,Saint Kitts and Nevis,Aruba,2,0,CONCACAF Nations League C,Saint Kitts and Nevis,False
2023-03-27,Trinidad and Tobago,Nicaragua,1,1,CONCACAF Nations League B,Trinidad and Tobago,False
2023-03-27,Saint Lucia,Dominica,3,1,CONCACAF Nations League C,Saint Lucia,False
2023-03-27,Dominican Republic,Belize,2,0,CONCACAF Nations League B,Dominican Republic,False
2023-03-27,St Vincent & Grenadines,Bahamas,1,1,CONCACAF Nations League B,St Vincent & Grenadines,False
2023-03-27,Chile,Paraguay,3,2,Friendly,Chile,False
2023-03-27,Austria,Estonia,2,1,European Championship qual,Austria,False
2023-03-27,Hungary,Bulgaria,3,0,European Championship qual,Hungary,False
2023-03-27,Ireland,France,0,1,European Championship qual,Ireland,False
2023-03-27,Netherlands,Gibraltar,3,0,European Championship qual,Netherlands,False
2023-03-27,Sweden,Azerbaijan,5,0,European Championship qual,Sweden,False
2023-03-27,Poland,Albania,1,0,European Championship qual,Poland,False
2023-03-27,Greece,Lithuania,0,0,Friendly,Greece,False
2023-03-27,Montenegro,Serbia,0,2,European Championship qual,Montenegro,False
2023-03-27,Moldova,Czechia,0,0,European Championship qual,Moldova,False
2023-03-27,North Macedonia,Faroe Islands,1,0,Friendly,North Macedonia,False
2023-03-28,Japan,Colombia,1,2,Friendly,Japan,False
2023-03-28,Jordan,Philippines,4,0,Friendly,Qatar,True
2023-03-28,Australia,Ecuador,1,2,Friendly,Australia,False
2023-03-28,Indonesia,Burundi,2,2,Friendly,Indonesia,False
2023-03-28,India,Kyrgyzstan,2,0,Friendly tournament,India,False
2023-03-28,Iran,Kenya,2,1,Friendly,Iran,False
2023-03-28,South Korea,Uruguay,1,2,Friendly,South Korea,False
2023-03-28,Bahrain,Syria,1,0,Friendly,Bahrain,False
2023-03-28,Malaysia,Hong Kong,2,0,Friendly,Malaysia,False
2023-03-28,United Arab Emirates,Thailand,2,0,Friendly,United Arab Emirates,False
2023-03-28,Kuwait,Tajikistan,2,1,Friendly,Kuwait,False
2023-03-28,Saudi Arabia,Bolivia,1,2,Friendly,Saudi Arabia,False
2023-03-28,Nepal,Bhutan,1,1,Friendly tournament,Nepal,False
2023-03-28,Bangladesh,Seychelles,0,1,Friendly,Bangladesh,False
2023-03-28,Uzbekistan,Venezuela,1,1,Friendly,Saudi Arabia,True
2023-03-28,Malawi,Egypt,0,4,African Nations Cup qualifier,Malawi,False
2023-03-28,Liberia,South Africa,1,2,African Nations Cup qualifier,Liberia,False
2023-03-28,Tanzania,Uganda,0,1,African Nations Cup qualifier,Tanzania,False
2023-03-28,Mauritania,DR Congo,1,1,African Nations Cup qualifier,Mauritania,False
2023-03-28,Gambia,Mali,1,0,African Nations Cup qualifier,Morocco,True
2023-03-28,Togo,Burkina Faso,1,1,African Nations Cup qualifier,Togo,False
2023-03-28,Libya,Tunisia,0,1,African Nations Cup qualifier,Libya,False
2023-03-28,Morocco,Peru,0,0,Friendly,Spain,True
2023-03-28,Cape Verde,Eswatini,1,0,African Nations Cup qualifier,South Africa,True
2023-03-28,Namibia,Cameroon,2,1,African Nations Cup qualifier,South Africa,True
2023-03-28,Comoros,Ivory Coast,0,2,African Nations Cup qualifier,Comoros,False
2023-03-28,Mozambique,Senegal,0,1,African Nations Cup qualifier,Mozambique,False
2023-03-28,Botswana,Equatorial Guinea,2,3,African Nations Cup qualifier,Botswana,False
2023-03-28,Canada,Honduras,4,1,CONCACAF Nations League A,Canada,False
2023-03-28,Costa Rica,Panama,0,1,CONCACAF Nations League A,Costa Rica,False
2023-03-28,Argentina,Curaçao,7,0,Friendly,Argentina,False
2023-03-28,Haiti,Bermuda,3,1,CONCACAF Nations League B,Dominican Republic,True
2023-03-28,Guyana,Montserrat,0,0,CONCACAF Nations League B,Barbados,True
2023-03-28,US Virgin Islands,Sint Maarten,1,2,CONCACAF Nations League C,US Virgin Islands,False
2023-03-28,Bonaire,Turks and Caicos Islands,1,2,CONCACAF Nations League C,Bonaire,False
2023-03-28,Scotland,Spain,2,0,European Championship qual,Scotland,False
2023-03-28,Wales,Latvia,1,0,European Championship qual,Wales,False
2023-03-28,Germany,Belgium,2,3,Friendly,Germany,False
2023-03-28,Switzerland,Israel,3,0,European Championship qual,Switzerland,False
2023-03-28,Georgia,Norway,1,1,European Championship qual,Georgia,False
2023-03-28,Romania,Belarus,2,1,European Championship qual,Romania,False
2023-03-28,Turkey,Croatia,0,2,European Championship qual,Turkey,False
2023-03-28,Armenia,Cyprus,2,2,Friendly,Armenia,False
2023-03-28,Kosovo,Andorra,1,1,European Championship qual,Kosovo,False
2023-03-29,Rwanda,Benin,1,1,African Nations Cup qualifier,Rwanda,False
2023-03-31,Nepal,Laos,2,1,Friendly tournament,Nepal,False
2023-04-19,United States,Mexico,1,1,Friendly,United States,False
2023-06-03,Eswatini,Lesotho,1,2,Friendly,Eswatini,False
2023-06-03,Eswatini,Lesotho,1,0,Friendly,Eswatini,False
2023-06-07,Mexico,Guatemala,2,0,Friendly,Mexico,False
2023-06-09,India,Mongolia,2,0,Friendly tournament,India,False
2023-06-09,Lebanon,Vanuatu,3,1,Friendly tournament,India,True
2023-06-09,Luxembourg,Malta,0,1,Friendly,Luxembourg,False
2023-06-10,Kyrgyzstan,Afghanistan,1,0,Central Asian Nations Cup,Kyrgyzstan,False
2023-06-10,Cameroon,Mexico,2,2,Friendly,United States,True
2023-06-10,Martinique,Guyana,2,0,Friendly,United States,True
2023-06-10,Panama,Nicaragua,3,2,Friendly,Panama,False
2023-06-11,Mauritius,Pakistan,3,0,Friendly tournament,Mauritius,False
2023-06-11,Uzbekistan,Oman,3,0,Central Asian Nations Cup,Uzbekistan,False
2023-06-11,Tajikistan,Turkmenistan,1,1,Central Asian Nations Cup,Uzbekistan,True
2023-06-11,Central African Republic,Uganda,1,1,Friendly,Cameroon,True
2023-06-11,Trinidad and Tobago,Guatemala,1,0,Friendly,United States,True
2023-06-11,Chile,Cuba,3,0,Friendly,Chile,False
2023-06-12,India,Vanuatu,1,0,Friendly tournament,India,False
2023-06-12,Lebanon,Mongolia,0,0,Friendly tournament,India,True
2023-06-12,Kuwait,Zambia,3,0,Friendly,Egypt,True
2023-06-12,Morocco,Cape Verde,0,0,Friendly,Morocco,False
2023-06-12,Germany,Ukraine,3,3,Friendly,Germany,False
2023-06-13,Iran,Afghanistan,6,1,Central Asian Nations Cup,Kyrgyzstan,True
2023-06-13,Curaçao,Puerto Rico,0,0,Friendly,United States,True
2023-06-13,Haiti,Saint Kitts and Nevis,3,1,Friendly,United States,True
2023-06-14,Indonesia,Palestine,0,0,Friendly,Indonesia,False
2023-06-14,Kenya,Pakistan,1,0,Friendly tournament,Mauritius,True
2023-06-14,Malaysia,Solomon Islands,4,1,Friendly,Malaysia,False
2023-06-14,Oman,Tajikistan,1,1,Central Asian Nations Cup,Uzbekistan,True
2023-06-14,Uzbekistan,Turkmenistan,2,0,Central Asian Nations Cup,Uzbekistan,False
2023-06-14,Egypt,Guinea,2,1,African Nations Cup qualifier,Morocco,True
2023-06-14,DR Congo,Uganda,1,0,Friendly,Cameroon,True
2023-06-14,Mauritius,Djibouti,1,3,Friendly tournament,Mauritius,False
2023-06-14,Gambia,South Sudan,3,2,African Nations Cup qualifier,Egypt,True
2023-06-14,Guinea-Bissau,Sao Tome and Principe,1,0,African Nations Cup qualifier,Guinea-Bissau,False
2023-06-14,Togo,Lesotho,2,0,Friendly,South Africa,True
2023-06-14,Mozambique,Malawi,1,1,Friendly,Mozambique,False
2023-06-14,Uruguay,Nicaragua,4,1,Friendly,Uruguay,False
2023-06-14,Netherlands,Croatia,2,4,European Nations League,Netherlands,False
2023-06-15,Japan,El Salvador,6,0,Friendly,Japan,False
2023-06-15,Philippines,Nepal,1,0,Friendly,Philippines,False
2023-06-15,Argentina,Australia,2,0,Friendly,China,True
2023-06-15,India,Lebanon,0,0,Friendly tournament,India,False
2023-06-15,Vanuatu,Mongolia,1,0,Friendly tournament,India,True
2023-06-15,Vietnam,Hong Kong,1,0,Friendly,Vietnam,False
2023-06-15,Cambodia,Bangladesh,0,1,Friendly,Cambodia,False
2023-06-15,Kuwait,Sudan,2,1,Friendly,Egypt,True
2023-06-15,Qatar,Jamaica,2,1,Friendly,Austria,True
2023-06-15,United States,Mexico,3,0,CONCACAF Nations League,United States,False
2023-06-15,Canada,Panama,2,0,CONCACAF Nations League,United States,True
2023-06-15,Guatemala,Costa Rica,1,0,Friendly,United States,True
2023-06-15,Venezuela,Honduras,1,0,Friendly,United States,True
2023-06-15,Spain,Italy,2,1,European Nations League,Netherlands,True
2023-06-16,China,Myanmar,4,0,Friendly,China,False
2023-06-16,Kyrgyzstan,Iran,1,5,Central Asian Nations Cup,Kyrgyzstan,False
2023-06-16,South Korea,Peru,0,1,Friendly,South Korea,False
2023-06-16,Taiwan,Thailand,2,2,Friendly,Taiwan,False
2023-06-16,Singapore,Papua New Guinea,2,2,Friendly,Singapore,False
2023-06-16,Colombia,Iraq,1,0,Friendly,Spain,True
2023-06-16,Serbia,Jordan,3,2,Friendly,Austria,True
2023-06-16,Curaçao,Saint Kitts and Nevis,1,1,CONCACAF Champ qual,United States,True
2023-06-16,Martinique,Saint Lucia,3,1,CONCACAF Champ qual,United States,True
2023-06-16,Guadeloupe,Antigua and Barbuda,5,0,CONCACAF Champ qual,United States,True
2023-06-16,Chile,Dominican Republic,5,0,Friendly,Chile,False
2023-06-16,Sweden,New Zealand,4,1,Friendly,Sweden,False
2023-06-16,Malta,England,0,4,European Championship qual,Malta,False
2023-06-16,Wales,Armenia,2,4,European Championship qual,Wales,False
2023-06-16,Denmark,Northern Ireland,1,0,European Championship qual,Denmark,False
2023-06-16,France,Gibraltar,3,0,European Championship qual,Portugal,True
2023-06-16,Andorra,Switzerland,1,2,European Championship qual,Andorra,False
2023-06-16,Poland,Germany,1,0,Friendly,Poland,False
2023-06-16,Finland,Slovenia,2,0,European Championship qual,Finland,False
2023-06-16,Kosovo,Romania,0,0,European Championship qual,Kosovo,False
2023-06-16,Latvia,Turkey,2,3,European Championship qual,Latvia,False
2023-06-16,Greece,Ireland,2,1,European Championship qual,Greece,False
2023-06-16,Israel,Belarus,2,1,European Championship qual,Hungary,True
2023-06-16,North Macedonia,Ukraine,2,3,European Championship qual,North Macedonia,False
2023-06-16,Kazakhstan,San Marino,3,0,European Championship qual,Italy,True
2023-06-17,Djibouti,Pakistan,3,1,Friendly tournament,Mauritius,True
2023-06-17,Oman,Turkmenistan,2,0,Central Asian Nations Cup,Uzbekistan,True
2023-06-17,Uzbekistan,Tajikistan,5,1,Central Asian Nations Cup,Uzbekistan,False
2023-06-17,South Africa,Morocco,2,1,African Nations Cup qualifier,South Africa,False
2023-06-17,Zambia,Ivory Coast,3,0,African Nations Cup qualifier,Zambia,False
2023-06-17,Equatorial Guinea,Tunisia,1,0,African Nations Cup qualifier,Equatorial Guinea,False
2023-06-17,Botswana,Libya,1,0,African Nations Cup qualifier,Botswana,False
2023-06-17,Benin,Senegal,1,1,African Nations Cup qualifier,Benin,False
2023-06-17,Angola,Central African Republic,2,1,African Nations Cup qualifier,Cameroon,True
2023-06-17,Brazil,Guinea,4,1,Friendly,Spain,True
2023-06-17,Comoros,Lesotho,1,0,African Nations Cup qualifier,South Africa,True
2023-06-17,Grenada,Guyana,1,1,CONCACAF Champ qual,United States,True
2023-06-17,Puerto Rico,Suriname,0,0,CONCACAF Champ qual,United States,True
2023-06-17,French Guiana,Sint Maarten,4,1,CONCACAF Champ qual,United States,True
2023-06-17,Ecuador,Bolivia,1,0,Friendly,United States,True
2023-06-17,Norway,Scotland,1,2,European Championship qual,Norway,False
2023-06-17,Belgium,Austria,1,1,European Championship qual,Belgium,False
2023-06-17,Montenegro,Hungary,0,0,European Championship qual,Montenegro,False
2023-06-17,Luxembourg,Liechtenstein,2,0,European Championship qual,Luxembourg,False
2023-06-17,Azerbaijan,Estonia,1,1,European Championship qual,Azerbaijan,False
2023-06-17,Portugal,Bosnia and Herzegovina,3,0,European Championship qual,Portugal,False
2023-06-17,Lithuania,Bulgaria,1,1,European Championship qual,Lithuania,False
2023-06-17,Iceland,Slovakia,1,2,European Championship qual,Iceland,False
2023-06-17,Albania,Moldova,2,0,European Championship qual,Albania,False
2023-06-17,Cyprus,Georgia,1,2,European Championship qual,Cyprus,False
2023-06-17,Faroe Islands,Czechia,0,3,European Championship qual,Faroe Islands,False
2023-06-18,India,Lebanon,2,0,Friendly tournament,India,False
2023-06-18,Singapore,Solomon Islands,1,1,Friendly,Singapore,False
2023-06-18,Egypt,South Sudan,3,0,Friendly,Egypt,False
2023-06-18,Mauritius,Kenya,1,0,Friendly tournament,Mauritius,False
2023-06-18,Algeria,Uganda,2,1,African Nations Cup qualifier,Cameroon,True
2023-06-18,Tanzania,Niger,1,0,African Nations Cup qualifier,Tanzania,False
2023-06-18,Madagascar,Ghana,0,0,African Nations Cup qualifier,Madagascar,False
2023-06-18,Gabon,DR Congo,0,2,African Nations Cup qualifier,Gabon,False
2023-06-18,Nigeria,Sierra Leone,3,2,African Nations Cup qualifier,Liberia,True
2023-06-18,Togo,Eswatini,2,0,African Nations Cup qualifier,South Africa,True
2023-06-18,Cape Verde,Burkina Faso,3,1,African Nations Cup qualifier,Cape Verde,False
2023-06-18,Congo,Mali,0,2,African Nations Cup qualifier,Congo,False
2023-06-18,Rwanda,Mozambique,0,2,African Nations Cup qualifier,Rwanda,False
2023-06-18,United States,Canada,2,0,CONCACAF Nations League,United States,False
2023-06-18,Venezuela,Guatemala,1,0,Friendly,United States,True
2023-06-18,Mexico,Panama,1,0,CONCACAF Nations League,United States,True
2023-06-18,Paraguay,Nicaragua,2,0,Friendly,Paraguay,False
2023-06-18,Netherlands,Italy,2,3,European Nations League,Netherlands,False
2023-06-18,Croatia,Spain,0,0,European Nations League,Netherlands,True
2023-06-19,Philippines,Taiwan,2,3,Friendly,Philippines,False
2023-06-19,Indonesia,Argentina,0,2,Friendly,Indonesia,False
2023-06-19,Myanmar,Macao,2,0,Friendly,China,True
2023-06-19,Hong Kong,Thailand,0,1,Friendly,Hong Kong,False
2023-06-19,Jordan,Jamaica,2,1,Friendly,Austria,True
2023-06-19,New Zealand,Qatar,1,0,Friendly,Austria,True
2023-06-19,England,North Macedonia,7,0,European Championship qual,England,False
2023-06-19,Turkey,Wales,2,0,European Championship qual,Turkey,False
2023-06-19,Northern Ireland,Kazakhstan,0,1,European Championship qual,Northern Ireland,False
2023-06-19,France,Greece,1,0,European Championship qual,France,False
2023-06-19,Switzerland,Romania,2,2,European Championship qual,Switzerland,False
2023-06-19,Finland,San Marino,6,0,European Championship qual,Finland,False
2023-06-19,Slovenia,Denmark,1,1,European Championship qual,Slovenia,False
2023-06-19,Armenia,Latvia,2,1,European Championship qual,Armenia,False
2023-06-19,Ireland,Gibraltar,3,0,European Championship qual,Ireland,False
2023-06-19,Belarus,Kosovo,2,1,European Championship qual,Hungary,True
2023-06-19,Ukraine,Malta,1,0,European Championship qual,Slovakia,True
2023-06-19,Israel,Andorra,2,1,European Championship qual,Israel,False
2023-06-20,Japan,Peru,4,1,Friendly,Japan,False
2023-06-20,China,Palestine,2,0,Friendly,China,False
2023-06-20,Uzbekistan,Iran,0,1,Central Asian Nations Cup,Uzbekistan,False
2023-06-20,South Korea,El Salvador,1,1,Friendly,South Korea,False
2023-06-20,Vietnam,Syria,1,0,Friendly,Vietnam,False
2023-06-20,Malaysia,Papua New Guinea,10,0,Friendly,Malaysia,False
2023-06-20,Kyrgyzstan,Oman,0,1,Central Asian Nations Cup,Uzbekistan,True
2023-06-20,Ethiopia,Malawi,0,0,African Nations Cup qualifier,Mozambique,True
2023-06-20,Burundi,Namibia,3,2,African Nations Cup qualifier,Tanzania,True
2023-06-20,Mauritania,Sudan,3,0,African Nations Cup qualifier,Morocco,True
2023-06-20,Algeria,Tunisia,1,1,Friendly,Algeria,False
2023-06-20,Senegal,Brazil,4,2,Friendly,Portugal,True
2023-06-20,Ecuador,Costa Rica,3,1,Friendly,United States,True
2023-06-20,Haiti,Trinidad and Tobago,0,0,Friendly,United States,True
2023-06-20,Guadeloupe,Guyana,2,0,CONCACAF Champ qual,United States,True
2023-06-20,Martinique,Puerto Rico,2,0,CONCACAF Champ qual,United States,True
2023-06-20,Uruguay,Cuba,2,0,Friendly,Uruguay,False
2023-06-20,French Guiana,Saint Kitts and Nevis,1,1,CONCACAF Champ qual,United States,True
2023-06-20,Bolivia,Chile,0,0,Friendly,Bolivia,False
2023-06-20,Germany,Colombia,0,2,Friendly,Germany,False
2023-06-20,Scotland,Georgia,2,0,European Championship qual,Scotland,False
2023-06-20,Austria,Sweden,2,0,European Championship qual,Austria,False
2023-06-20,Hungary,Lithuania,2,0,European Championship qual,Hungary,False
2023-06-20,Estonia,Belgium,0,3,European Championship qual,Estonia,False
2023-06-20,Norway,Cyprus,3,1,European Championship qual,Norway,False
2023-06-20,Bosnia and Herzegovina,Luxembourg,0,2,European Championship qual,Bosnia and Herzegovina,False
2023-06-20,Moldova,Poland,3,2,European Championship qual,Moldova,False
2023-06-20,Iceland,Portugal,0,1,European Championship qual,Iceland,False
2023-06-20,Bulgaria,Serbia,1,1,European Championship qual,Bulgaria,False
2023-06-20,Liechtenstein,Slovakia,0,1,European Championship qual,Liechtenstein,False
2023-06-20,Faroe Islands,Albania,1,3,European Championship qual,Faroe Islands,False
2023-06-20,Montenegro,Czechia,1,4,Friendly,Montenegro,False
2023-06-21,India,Pakistan,4,0,South Asian Championship,India,False
2023-06-21,Kuwait,Nepal,3,1,South Asian Championship,India,True
2023-06-22,Lebanon,Bangladesh,2,0,South Asian Championship,India,True
2023-06-22,Maldives,Bhutan,2,0,South Asian Championship,India,True
2023-06-24,India,Nepal,2,0,South Asian Championship,India,False
2023-06-24,Kuwait,Pakistan,4,0,South Asian Championship,India,True
2023-06-24,United States,Jamaica,1,1,CONCACAF Championship,United States,False
2023-06-25,Lebanon,Bhutan,4,1,South Asian Championship,India,True
2023-06-25,Haiti,Qatar,2,1,CONCACAF Championship,United States,True
2023-06-25,Bangladesh,Maldives,3,1,South Asian Championship,India,True
2023-06-25,Mexico,Honduras,4,0,CONCACAF Championship,United States,True
2023-06-25,Trinidad and Tobago,Saint Kitts and Nevis,3,0,CONCACAF Championship,United States,True
2023-06-26,Panama,Costa Rica,2,1,CONCACAF Championship,United States,True
2023-06-26,Martinique,El Salvador,2,1,CONCACAF Championship,United States,True
2023-06-27,India,Kuwait,1,1,South Asian Championship,India,False
2023-06-27,Nepal,Pakistan,1,0,South Asian Championship,India,True
2023-06-27,Canada,Guadeloupe,2,2,CONCACAF Championship,Canada,False
2023-06-27,Guatemala,Cuba,1,0,CONCACAF Championship,United States,True
2023-06-28,Lebanon,Maldives,1,0,South Asian Championship,India,True
2023-06-28,Bangladesh,Bhutan,3,1,South Asian Championship,India,True
2023-06-28,United States,Saint Kitts and Nevis,6,0,CONCACAF Championship,United States,False
2023-06-28,Jamaica,Trinidad and Tobago,4,1,CONCACAF Championship,United States,True
2023-06-29,Honduras,Qatar,1,1,CONCACAF Championship,United States,True
2023-06-29,Mexico,Haiti,3,1,CONCACAF Championship,United States,True
2023-06-30,Costa Rica,El Salvador,0,0,CONCACAF Championship,United States,True
2023-06-30,Panama,Martinique,2,1,CONCACAF Championship,United States,True
2023-07-01,India,Lebanon,0,0,South Asian Championship,India,False
2023-07-01,Kuwait,Bangladesh,1,0,South Asian Championship,India,True
2023-07-01,Canada,Guatemala,0,0,CONCACAF Championship,United States,True
2023-07-01,Guadeloupe,Cuba,4,1,CONCACAF Championship,United States,True
2023-07-02,Qatar,Mexico,1,0,CONCACAF Championship,United States,True
2023-07-02,United States,Trinidad and Tobago,6,0,CONCACAF Championship,United States,False
2023-07-02,Honduras,Haiti,2,1,CONCACAF Championship,United States,True
2023-07-02,Jamaica,Saint Kitts and Nevis,5,0,CONCACAF Championship,United States,True
2023-07-04,India,Kuwait,1,1,South Asian Championship,India,False
2023-07-04,Canada,Cuba,4,2,CONCACAF Championship,United States,True
2023-07-04,Costa Rica,Martinique,6,4,CONCACAF Championship,United States,True
2023-07-04,El Salvador,Panama,2,2,CONCACAF Championship,United States,True
2023-07-04,Guatemala,Guadeloupe,3,2,CONCACAF Championship,United States,True
2023-07-05,South Africa,Namibia,1,1,COSAFA Cup,South Africa,False
2023-07-05,Botswana,Eswatini,1,0,COSAFA Cup,South Africa,True
2023-07-06,Malawi,Zambia,1,0,COSAFA Cup,South Africa,True
2023-07-06,Comoros,Seychelles,3,0,COSAFA Cup,South Africa,True
2023-07-07,Lesotho,Mauritius,2,0,COSAFA Cup,South Africa,True
2023-07-07,Angola,Mozambique,1,1,COSAFA Cup,South Africa,True
2023-07-08,Panama,Qatar,4,0,CONCACAF Championship,United States,True
2023-07-08,South Africa,Botswana,2,1,COSAFA Cup,South Africa,False
2023-07-08,Eswatini,Namibia,2,1,COSAFA Cup,South Africa,True
2023-07-08,Mexico,Costa Rica,2,0,CONCACAF Championship,United States,True
2023-07-09,Zambia,Comoros,2,1,COSAFA Cup,South Africa,True
2023-07-09,Malawi,Seychelles,2,0,COSAFA Cup,South Africa,True
2023-07-09,United States,Canada,2,2,CONCACAF Championship,United States,False
2023-07-09,Jamaica,Guatemala,1,0,CONCACAF Championship,United States,True
2023-07-10,Mauritius,Angola,1,0,COSAFA Cup,South Africa,True
2023-07-10,Lesotho,Mozambique,1,0,COSAFA Cup,South Africa,True
2023-07-11,South Africa,Eswatini,2,1,COSAFA Cup,South Africa,False
2023-07-11,Zambia,Seychelles,4,2,COSAFA Cup,South Africa,True
2023-07-11,Malawi,Comoros,2,0,COSAFA Cup,South Africa,True
2023-07-11,Botswana,Namibia,0,0,COSAFA Cup,South Africa,True
2023-07-11,Bermuda,Greenland,3,2,Island Games,United Kingdom,True
2023-07-12,Mozambique,Mauritius,1,0,COSAFA Cup,South Africa,True
2023-07-12,Angola,Lesotho,4,2,COSAFA Cup,South Africa,True
2023-07-12,United States,Panama,1,1,CONCACAF Championship,United States,False
2023-07-12,Mexico,Jamaica,3,0,CONCACAF Championship,United States,True
2023-07-14,South Africa,Zambia,1,2,COSAFA Cup,South Africa,False
2023-07-14,Lesotho,Malawi,1,1,COSAFA Cup,South Africa,True
2023-07-16,South Africa,Malawi,0,0,COSAFA Cup,South Africa,False
2023-07-16,Zambia,Lesotho,1,0,COSAFA Cup,South Africa,True
2023-07-16,Mexico,Panama,1,0,CONCACAF Championship,United States,True
2023-07-30,Madagascar,Mayotte,3,1,Friendly tournament,Madagascar,False
2023-08-02,Ethiopia,Guyana,2,0,Friendly,United States,True
2023-08-24,Madagascar,Seychelles,1,0,Indian Ocean Games,Madagascar,False
2023-08-24,Comoros,Mayotte,0,0,Indian Ocean Games,Madagascar,True
2023-08-26,Madagascar,Mauritius,1,1,Indian Ocean Games,Madagascar,False
2023-08-26,Mayotte,Reunion,0,0,Indian Ocean Games,Madagascar,True
2023-08-27,Bolivia,Panama,1,2,Friendly,Bolivia,False
2023-08-28,Mauritius,Seychelles,1,0,Indian Ocean Games,Madagascar,True
2023-08-28,Comoros,Reunion,1,1,Indian Ocean Games,Madagascar,True
2023-08-28,Tahiti,Cook Islands,9,1,Friendly,Tahiti,False
2023-08-31,Madagascar,Comoros,4,2,Indian Ocean Games,Madagascar,False
2023-08-31,Reunion,Mauritius,2,1,Indian Ocean Games,Madagascar,True
2023-08-31,Tahiti,Cook Islands,3,0,Friendly,Tahiti,False
2023-09-02,Madagascar,Reunion,1,0,Indian Ocean Games,Madagascar,False
2023-09-02,Mauritius,Comoros,2,0,Indian Ocean Games,Madagascar,True
2023-09-03,Bangladesh,Afghanistan,0,0,Friendly,Bangladesh,False
2023-09-03,Guatemala,Honduras,0,0,Friendly,United States,True
2023-09-04,Zimbabwe,Namibia,2,2,Friendly,Zimbabwe,False
2023-09-06,Macao,Bhutan,0,1,Friendly,Macao,False
2023-09-06,Malaysia,Syria,2,2,Friendly,China,True
2023-09-06,Oman,Palestine,2,1,Friendly,Oman,False
2023-09-06,Libya,Equatorial Guinea,1,1,African Nations Cup qualifier,Libya,False
2023-09-06,Malta,Gibraltar,1,0,Friendly,Malta,False
2023-09-07,India,Iraq,2,2,King's Cup,Thailand,True
2023-09-07,Thailand,Lebanon,2,1,King's Cup,Thailand,False
2023-09-07,Bangladesh,Afghanistan,1,1,Friendly,Bangladesh,False
2023-09-07,Bulgaria,Iran,0,1,Friendly,Bulgaria,False
2023-09-07,Wales,South Korea,0,0,Friendly,Wales,False
2023-09-07,Cambodia,Hong Kong,1,1,Friendly,Cambodia,False
2023-09-07,Kuwait,Bahrain,3,1,Friendly,United Arab Emirates,True
2023-09-07,Norway,Jordan,6,0,Friendly,Norway,False
2023-09-07,Qatar,Kenya,1,2,Friendly,Qatar,False
2023-09-07,Niger,Uganda,0,2,African Nations Cup qualifier,Morocco,True
2023-09-07,Algeria,Tanzania,0,0,African Nations Cup qualifier,Algeria,False
2023-09-07,Angola,Madagascar,0,0,African Nations Cup qualifier,Angola,False
2023-09-07,Ghana,Central African Republic,2,1,African Nations Cup qualifier,Ghana,False
2023-09-07,Tunisia,Botswana,3,0,African Nations Cup qualifier,Tunisia,False
2023-09-07,Guatemala,El Salvador,2,0,CONCACAF Nations League A,Guatemala,False
2023-09-07,Trinidad and Tobago,Curaçao,1,0,CONCACAF Nations League A,Trinidad and Tobago,False
2023-09-07,Panama,Martinique,3,0,CONCACAF Nations League A,Panama,False
2023-09-07,Saint Kitts and Nevis,Guadeloupe,1,2,CONCACAF Nations League B,Saint Kitts and Nevis,False
2023-09-07,Saint Lucia,Sint Maarten,5,1,CONCACAF Nations League B,Curaçao,True
2023-09-07,US Virgin Islands,Cayman Islands,2,2,CONCACAF Nations League C,US Virgin Islands,False
2023-09-07,Anguilla,Saint Martin,0,6,CONCACAF Nations League C,Anguilla,False
2023-09-07,Argentina,Ecuador,1,0,World Cup qualifier,Argentina,False
2023-09-07,Paraguay,Peru,0,0,World Cup qualifier,Paraguay,False
2023-09-07,Colombia,Venezuela,1,0,World Cup qualifier,Colombia,False
2023-09-07,Slovenia,Northern Ireland,4,2,European Championship qual,Slovenia,False
2023-09-07,Austria,Moldova,1,1,Friendly,Austria,False
2023-09-07,Serbia,Hungary,1,2,European Championship qual,Serbia,False
2023-09-07,France,Ireland,2,0,European Championship qual,France,False
2023-09-07,Netherlands,Greece,3,0,European Championship qual,Netherlands,False
2023-09-07,Kazakhstan,Finland,0,1,European Championship qual,Kazakhstan,False
2023-09-07,Denmark,San Marino,4,0,European Championship qual,Denmark,False
2023-09-07,Poland,Faroe Islands,2,0,European Championship qual,Poland,False
2023-09-07,Lithuania,Montenegro,2,2,European Championship qual,Lithuania,False
2023-09-07,Czechia,Albania,1,1,European Championship qual,Czechia,False
2023-09-08,Taiwan,Philippines,1,1,Friendly,Taiwan,False
2023-09-08,Indonesia,Turkmenistan,2,0,Friendly,Indonesia,False
2023-09-08,Myanmar,Nepal,0,0,Friendly,Myanmar,False
2023-09-08,Singapore,Tajikistan,0,2,Friendly,Singapore,False
2023-09-08,Costa Rica,Saudi Arabia,3,1,Friendly,England,True
2023-09-08,Egypt,Ethiopia,1,0,African Nations Cup qualifier,Egypt,False
2023-09-08,Mali,South Sudan,4,0,African Nations Cup qualifier,Mali,False
2023-09-08,Burkina Faso,Eswatini,0,0,African Nations Cup qualifier,Morocco,True
2023-09-08,Cuba,Haiti,0,0,CONCACAF Nations League A,Dominican Republic,True
2023-09-08,Jamaica,Honduras,1,0,CONCACAF Nations League A,Jamaica,False
2023-09-08,Barbados,Montserrat,2,3,CONCACAF Nations League B,Barbados,False
2023-09-08,Dominican Republic,Nicaragua,0,2,CONCACAF Nations League B,Dominican Republic,False
2023-09-08,Grenada,Suriname,1,1,CONCACAF Nations League A,Grenada,False
2023-09-08,Bermuda,French Guiana,0,0,CONCACAF Nations League B,Bermuda,False
2023-09-08,Belize,St Vincent & Grenadines,1,2,CONCACAF Nations League B,Belize,False
2023-09-08,Uruguay,Chile,3,1,World Cup qualifier,Uruguay,False
2023-09-08,Brazil,Bolivia,5,1,World Cup qualifier,Brazil,False
2023-09-08,Cyprus,Scotland,0,3,European Championship qual,Cyprus,False
2023-09-08,Luxembourg,Iceland,3,1,European Championship qual,Luxembourg,False
2023-09-08,Georgia,Spain,1,7,European Championship qual,Georgia,False
2023-09-08,Slovakia,Portugal,0,1,European Championship qual,Slovakia,False
2023-09-08,Croatia,Latvia,5,0,European Championship qual,Croatia,False
2023-09-08,Turkey,Armenia,1,1,European Championship qual,Turkey,False
2023-09-08,Bosnia and Herzegovina,Liechtenstein,2,1,European Championship qual,Bosnia and Herzegovina,False
2023-09-09,Germany,Japan,1,4,Friendly,Germany,False
2023-09-09,Australia,Mexico,2,2,Friendly,United States,True
2023-09-09,China,Malaysia,1,1,Friendly,China,False
2023-09-09,United States,Uzbekistan,3,0,Friendly,United States,False
2023-09-09,South Africa,Namibia,0,0,Friendly,South Africa,False
2023-09-09,Comoros,Zambia,1,1,African Nations Cup qualifier,Comoros,False
2023-09-09,DR Congo,Sudan,2,0,African Nations Cup qualifier,DR Congo,False
2023-09-09,Malawi,Guinea,2,2,African Nations Cup qualifier,Malawi,False
2023-09-09,Mozambique,Benin,3,2,African Nations Cup qualifier,Mozambique,False
2023-09-09,Mauritania,Gabon,2,1,African Nations Cup qualifier,Mauritania,False
2023-09-09,Ivory Coast,Lesotho,1,0,African Nations Cup qualifier,Ivory Coast,False
2023-09-09,Senegal,Rwanda,1,1,African Nations Cup qualifier,Senegal,False
2023-09-09,Antigua and Barbuda,Guyana,1,5,CONCACAF Nations League B,Antigua and Barbuda,False
2023-09-09,Bahamas,Puerto Rico,1,6,CONCACAF Nations League B,Bahamas,False
2023-09-09,British Virgin Islands,Turks and Caicos Islands,3,1,CONCACAF Nations League C,British Virgin Islands,False
2023-09-09,England,Ukraine,1,1,European Championship qual,Poland,True
2023-09-09,Azerbaijan,Belgium,0,1,European Championship qual,Azerbaijan,False
2023-09-09,Kosovo,Switzerland,2,2,European Championship qual,Kosovo,False
2023-09-09,Estonia,Sweden,0,5,European Championship qual,Estonia,False
2023-09-09,North Macedonia,Italy,1,1,European Championship qual,North Macedonia,False
2023-09-09,Romania,Israel,1,1,European Championship qual,Romania,False
2023-09-09,Andorra,Belarus,0,0,European Championship qual,Andorra,False
2023-09-10,Lebanon,India,1,0,King's Cup,Thailand,True
2023-09-10,Thailand,Iraq,2,2,King's Cup,Thailand,False
2023-09-10,Nigeria,Sao Tome and Principe,6,0,African Nations Cup qualifier,Nigeria,False
2023-09-10,Congo,Gambia,2,2,African Nations Cup qualifier,Morocco,True
2023-09-10,Togo,Cape Verde,3,2,African Nations Cup qualifier,Togo,False
2023-09-10,El Salvador,Trinidad and Tobago,2,3,CONCACAF Nations League A,El Salvador,False
2023-09-10,Guatemala,Panama,1,1,CONCACAF Nations League A,Guatemala,False
2023-09-10,Martinique,Curaçao,1,0,CONCACAF Nations League A,Martinique,False
2023-09-10,Guadeloupe,Sint Maarten,4,0,CONCACAF Nations League B,Guadeloupe,False
2023-09-10,Saint Lucia,Saint Kitts and Nevis,2,0,CONCACAF Nations League B,Saint Lucia,False
2023-09-10,Kazakhstan,Northern Ireland,1,0,European Championship qual,Kazakhstan,False
2023-09-10,Hungary,Czechia,1,1,Friendly,Hungary,False
2023-09-10,Ireland,Netherlands,1,2,European Championship qual,Ireland,False
2023-09-10,Finland,Denmark,0,1,European Championship qual,Finland,False
2023-09-10,Albania,Poland,2,0,European Championship qual,Albania,False
2023-09-10,Lithuania,Serbia,1,3,European Championship qual,Lithuania,False
2023-09-10,Montenegro,Bulgaria,2,1,European Championship qual,Montenegro,False
2023-09-10,Greece,Gibraltar,5,0,European Championship qual,Greece,False
2023-09-10,Faroe Islands,Moldova,0,1,European Championship qual,Faroe Islands,False
2023-09-10,San Marino,Slovenia,0,4,European Championship qual,San Marino,False
2023-09-11,Vietnam,Palestine,2,0,Friendly,Vietnam,False
2023-09-11,Cambodia,Macao,4,0,Friendly,Cambodia,False
2023-09-11,Myanmar,Nepal,1,0,Friendly,Myanmar,False
2023-09-11,Hong Kong,Brunei,10,0,Friendly,Hong Kong,False
2023-09-11,Kyrgyzstan,Kuwait,3,1,Friendly,United Arab Emirates,True
2023-09-11,Guinea-Bissau,Sierra Leone,2,1,African Nations Cup qualifier,Guinea-Bissau,False
2023-09-11,Cayman Islands,Aruba,1,2,CONCACAF Nations League C,Cayman Islands,False
2023-09-11,Nicaragua,Barbados,5,1,CONCACAF Nations League B,Nicaragua,False
2023-09-11,Dominican Republic,Montserrat,3,0,CONCACAF Nations League B,Dominican Republic,False
2023-09-11,Saint Martin,Bonaire,2,1,CONCACAF Nations League C,Saint Kitts and Nevis,True
2023-09-11,Latvia,Wales,0,2,European Championship qual,Latvia,False
2023-09-11,Portugal,Luxembourg,9,0,European Championship qual,Portugal,False
2023-09-11,Slovakia,Liechtenstein,3,0,European Championship qual,Slovakia,False
2023-09-11,Armenia,Croatia,0,1,European Championship qual,Armenia,False
2023-09-11,Iceland,Bosnia and Herzegovina,1,0,European Championship qual,Iceland,False
2023-09-12,Japan,Turkey,4,2,Friendly,Belgium,True
2023-09-12,Philippines,Afghanistan,2,1,Friendly,Philippines,False
2023-09-12,China,Syria,0,1,Friendly,China,False
2023-09-12,Iran,Angola,4,0,Friendly,Iran,False
2023-09-12,South Korea,Saudi Arabia,1,0,Friendly,England,True
2023-09-12,Singapore,Taiwan,3,1,Friendly,Singapore,False
2023-09-12,Azerbaijan,Jordan,2,1,Friendly,Azerbaijan,False
2023-09-12,Bahrain,Turkmenistan,1,1,Friendly,United Arab Emirates,True
2023-09-12,United States,Oman,4,0,Friendly,United States,False
2023-09-12,Qatar,Russia,1,1,Friendly,Qatar,False
2023-09-12,United Arab Emirates,Costa Rica,4,1,Friendly,Croatia,True
2023-09-12,Mexico,Uzbekistan,3,3,Friendly,United States,True
2023-09-12,Egypt,Tunisia,1,3,Friendly,Egypt,False
2023-09-12,South Africa,DR Congo,1,0,Friendly,South Africa,False
2023-09-12,Kenya,South Sudan,0,1,Friendly,Kenya,False
2023-09-12,Ghana,Liberia,3,1,Friendly,Ghana,False
2023-09-12,Cameroon,Burundi,3,0,African Nations Cup qualifier,Cameroon,False
2023-09-12,Morocco,Burkina Faso,1,0,Friendly,France,True
2023-09-12,Ivory Coast,Mali,0,0,Friendly,Ivory Coast,False
2023-09-12,Senegal,Algeria,0,1,Friendly,Senegal,False
2023-09-12,Jamaica,Haiti,2,2,CONCACAF Nations League A,Jamaica,False
2023-09-12,Honduras,Grenada,4,0,CONCACAF Nations League A,Honduras,False
2023-09-12,Guyana,Bahamas,3,2,CONCACAF Nations League B,Guyana,False
2023-09-12,Turks and Caicos Islands,Dominica,0,3,CONCACAF Nations League C,Turks and Caicos Islands,False
2023-09-12,Cuba,Suriname,1,0,CONCACAF Nations League A,Cuba,False
2023-09-12,French Guiana,Belize,0,2,CONCACAF Nations League B,French Guiana,False
2023-09-12,Puerto Rico,Antigua and Barbuda,5,0,CONCACAF Nations League B,Bahamas,True
2023-09-12,St Vincent & Grenadines,Bermuda,4,3,CONCACAF Nations League B,St Vincent & Grenadines,False
2023-09-12,Ecuador,Uruguay,2,1,World Cup qualifier,Ecuador,False
2023-09-12,Bolivia,Argentina,0,3,World Cup qualifier,Bolivia,False
2023-09-12,Chile,Colombia,0,0,World Cup qualifier,Chile,False
2023-09-12,Peru,Brazil,0,1,World Cup qualifier,Peru,False
2023-09-12,Venezuela,Paraguay,1,0,World Cup qualifier,Venezuela,False
2023-09-12,Scotland,England,1,3,Friendly,Scotland,False
2023-09-12,Sweden,Austria,1,3,European Championship qual,Sweden,False
2023-09-12,Belgium,Estonia,5,0,European Championship qual,Belgium,False
2023-09-12,Germany,France,2,1,Friendly,Germany,False
2023-09-12,Switzerland,Andorra,3,0,European Championship qual,Switzerland,False
2023-09-12,Norway,Georgia,2,1,European Championship qual,Norway,False
2023-09-12,Italy,Ukraine,2,1,European Championship qual,Italy,False
2023-09-12,Spain,Cyprus,6,0,European Championship qual,Spain,False
2023-09-12,Romania,Kosovo,2,0,European Championship qual,Romania,False
2023-09-12,Israel,Belarus,1,0,European Championship qual,Israel,False
2023-09-12,Malta,North Macedonia,0,2,European Championship qual,Malta,False
2023-09-30,Botswana,Zimbabwe,1,1,Friendly,Botswana,False
2023-10-08,New Caledonia,Vanuatu,4,0,Melanesian Cup,New Caledonia,False
2023-10-08,Solomon Islands,Papua New Guinea,3,1,Melanesian Cup,New Caledonia,True
2023-10-10,China,Vietnam,2,0,Friendly,China,False
2023-10-11,New Caledonia,Papua New Guinea,3,1,Melanesian Cup,New Caledonia,False
2023-10-11,Solomon Islands,Vanuatu,1,0,Melanesian Cup,New Caledonia,True
2023-10-11,Wales,Gibraltar,4,0,Friendly,Wales,False
2023-10-12,Indonesia,Brunei,6,0,World Cup and Asian Cup qual,Indonesia,False
2023-10-12,Montenegro,Lebanon,3,2,Friendly,Montenegro,False
2023-10-12,Afghanistan,Mongolia,1,0,World Cup and Asian Cup qual,Tajikistan,True
2023-10-12,Myanmar,Macao,5,1,World Cup and Asian Cup qual,Myanmar,False
2023-10-12,Taiwan,East Timor,4,0,World Cup and Asian Cup qual,Taiwan,False
2023-10-12,Cambodia,Pakistan,0,0,World Cup and Asian Cup qual,Cambodia,False
2023-10-12,Yemen,Sri Lanka,3,0,World Cup and Asian Cup qual,Saudi Arabia,True
2023-10-12,Hong Kong,Bhutan,4,0,World Cup and Asian Cup qual,Hong Kong,False
2023-10-12,Singapore,Guam,2,1,World Cup and Asian Cup qual,Singapore,False
2023-10-12,Georgia,Thailand,8,0,Friendly,Georgia,False
2023-10-12,Bahrain,Kyrgyzstan,2,0,Friendly,Bahrain,False
2023-10-12,United Arab Emirates,Kuwait,1,0,Friendly,United Arab Emirates,False
2023-10-12,Nepal,Laos,1,1,World Cup and Asian Cup qual,Nepal,False
2023-10-12,Maldives,Bangladesh,1,1,World Cup and Asian Cup qual,Maldives,False
2023-10-12,Egypt,Zambia,1,0,Friendly,United Arab Emirates,True
2023-10-12,Algeria,Cape Verde,5,1,Friendly,Algeria,False
2023-10-12,Russia,Cameroon,1,0,Friendly,Russia,False
2023-10-12,Suriname,Haiti,1,1,CONCACAF Nations League A,Suriname,False
2023-10-12,Grenada,Jamaica,1,4,CONCACAF Nations League A,Grenada,False
2023-10-12,Cuba,Honduras,0,0,CONCACAF Nations League A,Dominican Republic,True
2023-10-12,British Virgin Islands,Dominica,1,1,CONCACAF Nations League C,Saint Lucia,True
2023-10-12,Saint Lucia,Guadeloupe,2,1,CONCACAF Nations League B,Saint Lucia,False
2023-10-12,Saint Kitts and Nevis,Sint Maarten,3,2,CONCACAF Nations League B,Anguilla,True
2023-10-12,Bonaire,Anguilla,2,0,CONCACAF Nations League C,Bonaire,False
2023-10-12,Colombia,Uruguay,2,2,World Cup qualifier,Colombia,False
2023-10-12,Argentina,Paraguay,1,0,World Cup qualifier,Argentina,False
2023-10-12,Chile,Peru,2,0,World Cup qualifier,Chile,False
2023-10-12,Brazil,Venezuela,1,1,World Cup qualifier,Brazil,False
2023-10-12,Bolivia,Ecuador,1,2,World Cup qualifier,Bolivia,False
2023-10-12,Spain,Scotland,2,0,European Championship qual,Spain,False
2023-10-12,Sweden,Moldova,3,1,Friendly,Sweden,False
2023-10-12,Cyprus,Norway,0,4,European Championship qual,Cyprus,False
2023-10-12,Faroe Islands,Poland,0,2,European Championship qual,Faroe Islands,False
2023-10-12,Belarus,Romania,0,0,European Championship qual,Hungary,True
2023-10-12,Latvia,Armenia,2,0,European Championship qual,Latvia,False
2023-10-12,Croatia,Turkey,0,1,European Championship qual,Croatia,False
2023-10-12,Albania,Czechia,3,0,European Championship qual,Albania,False
2023-10-12,Andorra,Kosovo,0,3,European Championship qual,Andorra,False
2023-10-13,Japan,Canada,4,1,Friendly,Japan,False
2023-10-13,England,Australia,1,0,Friendly,England,False
2023-10-13,Malaysia,India,4,2,Independence Tournament,Malaysia,False
2023-10-13,Jordan,Iran,1,3,Friendly tournament,Jordan,False
2023-10-13,South Korea,Tunisia,4,0,Friendly,South Korea,False
2023-10-13,Uzbekistan,Vietnam,2,0,Friendly,China,True
2023-10-13,Iraq,Qatar,0,0,Friendly tournament,Jordan,True
2023-10-13,Nigeria,Saudi Arabia,2,2,Friendly,Portugal,True
2023-10-13,South Africa,Eswatini,0,0,Friendly,South Africa,False
2023-10-13,Mali,Uganda,1,0,Friendly,Mali,False
2023-10-13,DR Congo,New Zealand,1,1,Friendly,Spain,True
2023-10-13,Guinea,Guinea-Bissau,1,0,Friendly,Portugal,True
2023-10-13,Equatorial Guinea,Burkina Faso,0,0,Friendly,Equatorial Guinea,False
2023-10-13,Angola,Mozambique,1,1,Friendly,Portugal,True
2023-10-13,Martinique,El Salvador,1,0,CONCACAF Nations League A,Martinique,False
2023-10-13,Trinidad and Tobago,Guatemala,3,2,CONCACAF Nations League A,Trinidad and Tobago,False
2023-10-13,Curaçao,Panama,1,2,CONCACAF Nations League A,Curaçao,False
2023-10-13,Barbados,Dominican Republic,0,5,CONCACAF Nations League B,Barbados,False
2023-10-13,Montserrat,Nicaragua,0,3,CONCACAF Nations League B,Barbados,True
2023-10-13,St Vincent & Grenadines,French Guiana,1,4,CONCACAF Nations League B,St Vincent & Grenadines,False
2023-10-13,Belize,Bermuda,0,1,CONCACAF Nations League B,Belize,False
2023-10-13,Austria,Belgium,2,3,European Championship qual,Austria,False
2023-10-13,Netherlands,France,1,2,European Championship qual,Netherlands,False
2023-10-13,Iceland,Luxembourg,1,1,European Championship qual,Iceland,False
2023-10-13,Estonia,Azerbaijan,0,2,European Championship qual,Estonia,False
2023-10-13,Portugal,Slovakia,3,2,European Championship qual,Portugal,False
2023-10-13,Ireland,Greece,0,2,European Championship qual,Ireland,False
2023-10-13,Liechtenstein,Bosnia and Herzegovina,0,2,European Championship qual,Liechtenstein,False
2023-10-14,Mauritania,Madagascar,2,1,Friendly,Morocco,True
2023-10-14,Benin,Sierra Leone,1,1,Friendly,Morocco,True
2023-10-14,Mexico,Ghana,2,0,Friendly,United States,True
2023-10-14,Libya,Liberia,3,2,Friendly,Morocco,True
2023-10-14,Ivory Coast,Morocco,1,1,Friendly,Ivory Coast,False
2023-10-14,Niger,Somalia,3,0,Friendly,Morocco,True
2023-10-14,United States,Germany,1,3,Friendly,United States,False
2023-10-14,Aruba,US Virgin Islands,3,1,CONCACAF Nations League C,Aruba,False
2023-10-14,Guyana,Puerto Rico,3,1,CONCACAF Nations League B,Saint Kitts and Nevis,True
2023-10-14,Bahamas,Antigua and Barbuda,1,4,CONCACAF Nations League B,Bahamas,False
2023-10-14,New Caledonia,Solomon Islands,0,1,Melanesian Cup,New Caledonia,False
2023-10-14,Papua New Guinea,Vanuatu,0,1,Melanesian Cup,New Caledonia,True
2023-10-14,Northern Ireland,San Marino,3,0,European Championship qual,Northern Ireland,False
2023-10-14,Hungary,Serbia,2,1,European Championship qual,Hungary,False
2023-10-14,Italy,Malta,4,0,European Championship qual,Italy,False
2023-10-14,Slovenia,Finland,3,0,European Championship qual,Slovenia,False
2023-10-14,Denmark,Kazakhstan,3,1,European Championship qual,Denmark,False
2023-10-14,Bulgaria,Lithuania,0,2,European Championship qual,Bulgaria,False
2023-10-14,Ukraine,North Macedonia,2,0,European Championship qual,Czechia,True
2023-10-15,Philippines,Kyrgyzstan,1,0,Friendly,Bahrain,True
2023-10-15,Sudan,Tanzania,1,1,Friendly,Saudi Arabia,True
2023-10-15,Jamaica,Haiti,3,2,CONCACAF Nations League A,Trinidad and Tobago,True
2023-10-15,Honduras,Cuba,4,0,CONCACAF Nations League A,Honduras,False
2023-10-15,Guadeloupe,Saint Lucia,2,0,CONCACAF Nations League B,Guadeloupe,False
2023-10-15,Suriname,Grenada,4,0,CONCACAF Nations League A,Suriname,False
2023-10-15,Saint Kitts and Nevis,Sint Maarten,0,1,CONCACAF Nations League B,Saint Kitts and Nevis,False
2023-10-15,Wales,Croatia,2,1,European Championship qual,Wales,False
2023-10-15,Switzerland,Belarus,3,3,European Championship qual,Switzerland,False
2023-10-15,Norway,Spain,0,1,European Championship qual,Norway,False
2023-10-15,Poland,Moldova,1,1,European Championship qual,Poland,False
2023-10-15,Romania,Andorra,4,0,European Championship qual,Romania,False
2023-10-15,Turkey,Latvia,4,0,European Championship qual,Turkey,False
2023-10-15,Georgia,Cyprus,4,0,European Championship qual,Georgia,False
2023-10-15,Czechia,Faroe Islands,1,0,European Championship qual,Czechia,False
2023-10-16,China,Uzbekistan,1,2,Friendly,China,False
2023-10-16,Algeria,Egypt,1,1,Friendly,United Arab Emirates,True
2023-10-16,Kenya,Russia,2,2,Friendly,Turkey,True
2023-10-16,Nigeria,Mozambique,3,2,Friendly,Portugal,True
2023-10-16,Senegal,Cameroon,1,0,Friendly,France,True
2023-10-16,Botswana,Eswatini,2,1,Friendly,Botswana,False
2023-10-16,Dominican Republic,Barbados,5,2,CONCACAF Nations League B,Dominican Republic,False
2023-10-16,Nicaragua,Montserrat,3,0,CONCACAF Nations League B,Nicaragua,False
2023-10-16,French Guiana,St Vincent & Grenadines,3,2,CONCACAF Nations League B,French Guiana,False
2023-10-16,Saint Martin,Anguilla,8,0,CONCACAF Nations League C,Saint Kitts and Nevis,True
2023-10-16,Turks and Caicos Islands,British Virgin Islands,2,2,CONCACAF Nations League C,Turks and Caicos Islands,False
2023-10-16,Azerbaijan,Austria,0,1,European Championship qual,Azerbaijan,False
2023-10-16,Belgium,Sweden,1,1,European Championship qual,Belgium,False
2023-10-16,Greece,Netherlands,0,1,European Championship qual,Greece,False
2023-10-16,Luxembourg,Slovakia,0,1,European Championship qual,Luxembourg,False
2023-10-16,Bosnia and Herzegovina,Portugal,0,5,European Championship qual,Bosnia and Herzegovina,False
2023-10-16,Gibraltar,Ireland,0,4,European Championship qual,Portugal,True
2023-10-16,Iceland,Liechtenstein,4,0,European Championship qual,Iceland,False
2023-10-17,Japan,Tunisia,2,0,Friendly,Japan,False
2023-10-17,Bahrain,Philippines,1,0,Friendly,Bahrain,False
2023-10-17,Australia,New Zealand,2,0,Friendly tournament,England,True
2023-10-17,Brunei,Indonesia,0,6,World Cup and Asian Cup qual,Brunei,False
2023-10-17,United Arab Emirates,Lebanon,2,1,Friendly,United Arab Emirates,False
2023-10-17,Mongolia,Afghanistan,0,1,World Cup and Asian Cup qual,Mongolia,False
2023-10-17,Iran,Qatar,4,0,Friendly tournament,Jordan,True
2023-10-17,South Korea,Vietnam,6,0,Friendly,South Korea,False
2023-10-17,Macao,Myanmar,0,0,World Cup and Asian Cup qual,Macao,False
2023-10-17,Kuwait,Syria,2,1,Friendly,United Arab Emirates,True
2023-10-17,Taiwan,East Timor,3,0,World Cup and Asian Cup qual,Taiwan,False
2023-10-17,Pakistan,Cambodia,1,0,World Cup and Asian Cup qual,Pakistan,False
2023-10-17,Sri Lanka,Yemen,1,1,World Cup and Asian Cup qual,Sri Lanka,False
2023-10-17,Bhutan,Hong Kong,2,0,World Cup and Asian Cup qual,Bhutan,False
2023-10-17,Guam,Singapore,0,1,World Cup and Asian Cup qual,Guam,False
2023-10-17,Malaysia,Tajikistan,0,2,Independence Tournament,Malaysia,False
2023-10-17,Estonia,Thailand,1,1,Friendly,Estonia,False
2023-10-17,Jordan,Iraq,2,2,Friendly tournament,Jordan,False
2023-10-17,Laos,Nepal,0,1,World Cup and Asian Cup qual,Laos,False
2023-10-17,Mali,Saudi Arabia,3,1,Friendly,Portugal,True
2023-10-17,Bangladesh,Maldives,2,1,World Cup and Asian Cup qual,Bangladesh,False
2023-10-17,Ivory Coast,South Africa,1,1,Friendly,Ivory Coast,False
2023-10-17,Zambia,Uganda,3,0,Friendly,United Arab Emirates,True
2023-10-17,Madagascar,Benin,2,1,Friendly,Morocco,True
2023-10-17,Angola,DR Congo,0,0,Friendly,Portugal,True
2023-10-17,Sierra Leone,Somalia,2,0,Friendly,Morocco,True
2023-10-17,United States,Ghana,4,0,Friendly,United States,False
2023-10-17,Sudan,Chad,1,0,Friendly,Saudi Arabia,True
2023-10-17,Libya,Niger,1,1,Friendly,Morocco,True
2023-10-17,Morocco,Liberia,3,0,African Nations Cup qualifier,Morocco,False
2023-10-17,Comoros,Cape Verde,2,1,Friendly,France,True
2023-10-17,Gabon,Guinea,1,1,Friendly,Portugal,True
2023-10-17,Burkina Faso,Mauritania,2,1,Friendly,Morocco,True
2023-10-17,El Salvador,Martinique,0,0,CONCACAF Nations League A,El Salvador,False
2023-10-17,Panama,Guatemala,3,0,CONCACAF Nations League A,Panama,False
2023-10-17,Germany,Mexico,2,2,Friendly,United States,True
2023-10-17,Curaçao,Trinidad and Tobago,5,3,CONCACAF Nations League A,Curaçao,False
2023-10-17,Guyana,Puerto Rico,3,1,CONCACAF Nations League B,Saint Kitts and Nevis,True
2023-10-17,Bermuda,Belize,1,1,CONCACAF Nations League B,Bermuda,False
2023-10-17,Antigua and Barbuda,Bahamas,2,2,CONCACAF Nations League B,Antigua and Barbuda,False
2023-10-17,Cayman Islands,US Virgin Islands,2,1,CONCACAF Nations League C,Cayman Islands,False
2023-10-17,Uruguay,Brazil,2,0,World Cup qualifier,Uruguay,False
2023-10-17,Peru,Argentina,0,2,World Cup qualifier,Peru,False
2023-10-17,Venezuela,Chile,3,0,World Cup qualifier,Venezuela,False
2023-10-17,Paraguay,Bolivia,1,0,World Cup qualifier,Paraguay,False
2023-10-17,Ecuador,Colombia,0,0,World Cup qualifier,Ecuador,False
2023-10-17,France,Scotland,4,1,Friendly,France,False
2023-10-17,England,Italy,3,1,European Championship qual,England,False
2023-10-17,Northern Ireland,Slovenia,0,1,European Championship qual,Northern Ireland,False
2023-10-17,Lithuania,Hungary,2,2,European Championship qual,Lithuania,False
2023-10-17,Finland,Kazakhstan,1,2,European Championship qual,Finland,False
2023-10-17,San Marino,Denmark,1,2,European Championship qual,San Marino,False
2023-10-17,Albania,Bulgaria,2,0,Friendly,Albania,False
2023-10-17,Malta,Ukraine,1,3,European Championship qual,Malta,False
2023-10-17,Serbia,Montenegro,3,1,European Championship qual,Serbia,False
2023-10-17,North Macedonia,Armenia,3,1,Friendly,North Macedonia,False
2023-10-19,Libya,Somalia,0,0,Friendly,Morocco,True
2023-10-20,Chad,Sudan,1,1,Friendly,Saudi Arabia,True
2023-11-11,Libya,Sudan,2,1,Friendly,Libya,False
2023-11-11,Guatemala,Jamaica,0,0,Friendly,United States,True
2023-11-12,Kosovo,Israel,1,0,European Championship qual,Kosovo,False
2023-11-15,Rwanda,Zimbabwe,0,0,World Cup qualifier,Rwanda,False
2023-11-15,Ethiopia,Sierra Leone,0,0,World Cup qualifier,Morocco,True
2023-11-15,DR Congo,Mauritania,2,0,World Cup qualifier,DR Congo,False
2023-11-15,Equatorial Guinea,Namibia,1,0,World Cup qualifier,Equatorial Guinea,False
2023-11-15,Belgium,Serbia,1,0,Friendly,Belgium,False
2023-11-15,Israel,Switzerland,1,1,European Championship qual,Hungary,True
2023-11-16,Japan,Myanmar,5,0,World Cup and Asian Cup qual,Japan,False
2023-11-16,Philippines,Vietnam,0,2,World Cup and Asian Cup qual,Philippines,False
2023-11-16,Australia,Bangladesh,7,0,World Cup and Asian Cup qual,Australia,False
2023-11-16,Thailand,China,1,2,World Cup and Asian Cup qual,Thailand,False
2023-11-16,Iraq,Indonesia,5,1,World Cup and Asian Cup qual,Iraq,False
2023-11-16,Kuwait,India,0,1,World Cup and Asian Cup qual,Kuwait,False
2023-11-16,Lebanon,Palestine,0,0,World Cup and Asian Cup qual,United Arab Emirates,True
2023-11-16,Qatar,Afghanistan,8,1,World Cup and Asian Cup qual,Qatar,False
2023-11-16,Iran,Hong Kong,4,0,World Cup and Asian Cup qual,Iran,False
2023-11-16,South Korea,Singapore,5,0,World Cup and Asian Cup qual,South Korea,False
2023-11-16,Syria,North Korea,1,0,World Cup and Asian Cup qual,Saudi Arabia,True
2023-11-16,Oman,Taiwan,3,0,World Cup and Asian Cup qual,Oman,False
2023-11-16,Saudi Arabia,Pakistan,4,0,World Cup and Asian Cup qual,Saudi Arabia,False
2023-11-16,Malaysia,Kyrgyzstan,4,3,World Cup and Asian Cup qual,Malaysia,False
2023-11-16,Tajikistan,Jordan,1,1,World Cup and Asian Cup qual,Tajikistan,False
2023-11-16,Bahrain,Yemen,2,0,World Cup and Asian Cup qual,Saudi Arabia,True
2023-11-16,United Arab Emirates,Nepal,4,0,World Cup and Asian Cup qual,United Arab Emirates,False
2023-11-16,Turkmenistan,Uzbekistan,1,3,World Cup and Asian Cup qual,Turkmenistan,False
2023-11-16,Egypt,Djibouti,6,0,World Cup qualifier,Egypt,False
2023-11-16,Gabon,Kenya,2,1,World Cup qualifier,Gabon,False
2023-11-16,Nigeria,Lesotho,1,1,World Cup qualifier,Nigeria,False
2023-11-16,Burundi,Gambia,3,2,World Cup qualifier,Tanzania,True
2023-11-16,Sudan,Togo,1,1,World Cup qualifier,Libya,True
2023-11-16,Cape Verde,Angola,0,0,World Cup qualifier,Cape Verde,False
2023-11-16,Algeria,Somalia,3,1,World Cup qualifier,Algeria,False
2023-11-16,Botswana,Mozambique,2,3,World Cup qualifier,Botswana,False
2023-11-16,United States,Trinidad and Tobago,3,0,CONCACAF Nations League A,United States,False
2023-11-16,Costa Rica,Panama,0,3,CONCACAF Nations League A,Costa Rica,False
2023-11-16,Curaçao,El Salvador,1,1,Friendly,Curaçao,False
2023-11-16,US Virgin Islands,Aruba,1,4,CONCACAF Nations League C,US Virgin Islands,False
2023-11-16,British Virgin Islands,Dominica,1,2,CONCACAF Nations League C,British Virgin Islands,False
2023-11-16,Guadeloupe,Sint Maarten,2,0,CONCACAF Nations League B,Barbados,True
2023-11-16,Saint Kitts and Nevis,Saint Lucia,0,0,CONCACAF Nations League B,Saint Kitts and Nevis,False
2023-11-16,Argentina,Uruguay,0,2,World Cup qualifier,Argentina,False
2023-11-16,Chile,Paraguay,0,0,World Cup qualifier,Chile,False
2023-11-16,Colombia,Brazil,2,1,World Cup qualifier,Colombia,False
2023-11-16,Bolivia,Peru,2,0,World Cup qualifier,Bolivia,False
2023-11-16,Venezuela,Ecuador,0,0,World Cup qualifier,Venezuela,False
2023-11-16,Georgia,Scotland,2,2,European Championship qual,Georgia,False
2023-11-16,Estonia,Austria,0,2,European Championship qual,Estonia,False
2023-11-16,Bulgaria,Hungary,2,2,European Championship qual,Bulgaria,False
2023-11-16,Azerbaijan,Sweden,3,0,European Championship qual,Azerbaijan,False
2023-11-16,Norway,Faroe Islands,2,0,Friendly,Norway,False
2023-11-16,Luxembourg,Bosnia and Herzegovina,4,1,European Championship qual,Luxembourg,False
2023-11-16,Cyprus,Spain,1,3,European Championship qual,Cyprus,False
2023-11-16,Liechtenstein,Portugal,0,2,European Championship qual,Liechtenstein,False
2023-11-16,Montenegro,Lithuania,2,0,European Championship qual,Montenegro,False
2023-11-16,Slovakia,Iceland,4,2,European Championship qual,Slovakia,False
2023-11-17,Guinea,Uganda,2,1,World Cup qualifier,Morocco,True
2023-11-17,Zambia,Congo,4,2,World Cup qualifier,Zambia,False
2023-11-17,Ghana,Madagascar,1,0,World Cup qualifier,Ghana,False
2023-11-17,Cameroon,Mauritius,3,0,World Cup qualifier,Cameroon,False
2023-11-17,Burkina Faso,Guinea-Bissau,1,1,World Cup qualifier,Morocco,True
2023-11-17,Tunisia,Sao Tome and Principe,4,0,World Cup qualifier,Tunisia,False
2023-11-17,Libya,Eswatini,1,0,World Cup qualifier,South Africa,True
2023-11-17,Liberia,Malawi,0,1,World Cup qualifier,Liberia,False
2023-11-17,Comoros,Central African Republic,4,2,World Cup qualifier,Comoros,False
2023-11-17,Mali,Chad,3,1,World Cup qualifier,Mali,False
2023-11-17,Ivory Coast,Seychelles,9,0,World Cup qualifier,Ivory Coast,False
2023-11-17,Honduras,Mexico,2,0,CONCACAF Nations League A,Honduras,False
2023-11-17,Barbados,Nicaragua,0,4,CONCACAF Nations League B,Barbados,False
2023-11-17,Belize,French Guiana,1,0,CONCACAF Nations League B,Belize,False
2023-11-17,Montserrat,Dominican Republic,2,1,CONCACAF Nations League B,Montserrat,False
2023-11-17,Bermuda,St Vincent & Grenadines,3,1,CONCACAF Nations League B,Bermuda,False
2023-11-17,Greece,New Zealand,2,0,Friendly,Greece,False
2023-11-17,Solomon Islands,Samoa,1,0,Pacific Games,Solomon Islands,False
2023-11-17,England,Malta,2,0,European Championship qual,England,False
2023-11-17,Finland,Northern Ireland,4,0,European Championship qual,Finland,False
2023-11-17,Italy,North Macedonia,5,2,European Championship qual,Italy,False
2023-11-17,Denmark,Slovenia,2,1,European Championship qual,Denmark,False
2023-11-17,Poland,Czechia,1,1,European Championship qual,Poland,False
2023-11-17,Moldova,Albania,1,1,European Championship qual,Moldova,False
2023-11-17,Kazakhstan,San Marino,3,1,European Championship qual,Kazakhstan,False
2023-11-18,Fiji,Northern Mariana Islands,10,0,Pacific Games,Solomon Islands,True
2023-11-18,South Africa,Benin,2,1,World Cup qualifier,South Africa,False
2023-11-18,Tanzania,Niger,1,0,World Cup qualifier,Morocco,True
2023-11-18,Senegal,South Sudan,4,0,World Cup qualifier,Senegal,False
2023-11-18,Jamaica,Canada,1,2,CONCACAF Nations League A,Jamaica,False
2023-11-18,Antigua and Barbuda,Puerto Rico,2,3,CONCACAF Nations League B,Antigua and Barbuda,False
2023-11-18,Anguilla,Bonaire,0,3,CONCACAF Nations League C,Anguilla,False
2023-11-18,New Caledonia,Tonga,7,0,Pacific Games,Solomon Islands,True
2023-11-18,Armenia,Wales,1,1,European Championship qual,Armenia,False
2023-11-18,France,Gibraltar,14,0,European Championship qual,France,False
2023-11-18,Switzerland,Kosovo,1,1,European Championship qual,Switzerland,False
2023-11-18,Netherlands,Ireland,1,0,European Championship qual,Netherlands,False
2023-11-18,Germany,Turkey,2,3,Friendly,Germany,False
2023-11-18,Romania,Israel,2,1,European Championship qual,Hungary,True
2023-11-18,Latvia,Croatia,0,2,European Championship qual,Latvia,False
2023-11-18,Belarus,Andorra,1,0,European Championship qual,Hungary,True
2023-11-19,Egypt,Sierra Leone,2,0,World Cup qualifier,Liberia,True
2023-11-19,Nigeria,Zimbabwe,1,1,World Cup qualifier,Rwanda,True
2023-11-19,Sudan,DR Congo,1,0,World Cup qualifier,Libya,True
2023-11-19,Gabon,Burundi,2,1,World Cup qualifier,Tanzania,True
2023-11-19,Mozambique,Algeria,0,2,World Cup qualifier,Mozambique,False
2023-11-19,Guadeloupe,Saint Kitts and Nevis,5,0,CONCACAF Nations League B,Guadeloupe,False
2023-11-19,Saint Lucia,Sint Maarten,1,2,CONCACAF Nations League B,Saint Lucia,False
2023-11-19,Scotland,Norway,3,3,European Championship qual,Scotland,False
2023-11-19,Hungary,Montenegro,3,1,European Championship qual,Hungary,False
2023-11-19,Belgium,Azerbaijan,5,0,European Championship qual,Belgium,False
2023-11-19,Sweden,Estonia,2,0,European Championship qual,Sweden,False
2023-11-19,Liechtenstein,Luxembourg,0,1,European Championship qual,Liechtenstein,False
2023-11-19,Spain,Georgia,3,1,European Championship qual,Spain,False
2023-11-19,Portugal,Iceland,2,0,European Championship qual,Portugal,False
2023-11-19,Cyprus,Lithuania,1,0,Friendly,Cyprus,False
2023-11-19,Serbia,Bulgaria,2,2,European Championship qual,Serbia,False
2023-11-19,Bosnia and Herzegovina,Slovakia,1,2,European Championship qual,Bosnia and Herzegovina,False
2023-11-20,Kenya,Seychelles,5,0,World Cup qualifier,Ivory Coast,True
2023-11-20,Madagascar,Chad,3,0,World Cup qualifier,Morocco,True
2023-11-20,Guinea-Bissau,Djibouti,1,0,World Cup qualifier,Egypt,True
2023-11-20,Ivory Coast,Gambia,2,0,World Cup qualifier,Tanzania,True
2023-11-20,Mali,Central African Republic,1,1,World Cup qualifier,Mali,False
2023-11-20,Liberia,Equatorial Guinea,0,1,World Cup qualifier,Liberia,False
2023-11-20,Trinidad and Tobago,United States,2,1,CONCACAF Nations League A,Trinidad and Tobago,False
2023-11-20,Panama,Costa Rica,3,1,CONCACAF Nations League A,Panama,False
2023-11-20,Curaçao,El Salvador,1,1,Friendly,Curaçao,False
2023-11-20,Aruba,Cayman Islands,5,1,CONCACAF Nations League C,Aruba,False
2023-11-20,Montserrat,Barbados,4,2,CONCACAF Nations League B,Montserrat,False
2023-11-20,Dominica,Turks and Caicos Islands,2,0,CONCACAF Nations League C,British Virgin Islands,True
2023-11-20,Russia,Cuba,8,0,Friendly,Russia,False
2023-11-20,Vanuatu,Tuvalu,6,0,Pacific Games,Solomon Islands,True
2023-11-20,Samoa,Eastern Samoa,10,0,Pacific Games,Solomon Islands,True
2023-11-20,North Macedonia,England,1,1,European Championship qual,North Macedonia,False
2023-11-20,Northern Ireland,Denmark,2,0,European Championship qual,Northern Ireland,False
2023-11-20,Italy,Ukraine,0,0,European Championship qual,Germany,True
2023-11-20,San Marino,Finland,1,2,European Championship qual,San Marino,False
2023-11-20,Albania,Faroe Islands,0,0,European Championship qual,Albania,False
2023-11-20,Czechia,Moldova,3,0,European Championship qual,Czechia,False
2023-11-20,Slovenia,Kazakhstan,2,1,European Championship qual,Slovenia,False
2023-11-21,Japan,Syria,5,0,World Cup and Asian Cup qual,Saudi Arabia,True
2023-11-21,Philippines,Indonesia,1,1,World Cup and Asian Cup qual,Philippines,False
2023-11-21,Australia,Palestine,1,0,World Cup and Asian Cup qual,Kuwait,True
2023-11-21,China,South Korea,0,3,World Cup and Asian Cup qual,China,False
2023-11-21,India,Qatar,0,3,World Cup and Asian Cup qual,India,False
2023-11-21,Bangladesh,Lebanon,1,1,World Cup and Asian Cup qual,Bangladesh,False
2023-11-21,Kuwait,Afghanistan,4,0,World Cup and Asian Cup qual,Saudi Arabia,True
2023-11-21,Uzbekistan,Iran,2,2,World Cup and Asian Cup qual,Uzbekistan,False
2023-11-21,Vietnam,Iraq,0,1,World Cup and Asian Cup qual,Vietnam,False
2023-11-21,Taiwan,Malaysia,0,1,World Cup and Asian Cup qual,Taiwan,False
2023-11-21,Myanmar,North Korea,1,6,World Cup and Asian Cup qual,Myanmar,False
2023-11-21,Pakistan,Tajikistan,1,6,World Cup and Asian Cup qual,Pakistan,False
2023-11-21,Hong Kong,Turkmenistan,2,2,World Cup and Asian Cup qual,Hong Kong,False
2023-11-21,Singapore,Thailand,1,3,World Cup and Asian Cup qual,Singapore,False
2023-11-21,Kyrgyzstan,Oman,1,0,World Cup and Asian Cup qual,Kyrgyzstan,False
2023-11-21,Jordan,Saudi Arabia,0,2,World Cup and Asian Cup qual,Jordan,False
2023-11-21,Nepal,Yemen,0,2,World Cup and Asian Cup qual,Nepal,False
2023-11-21,Bahrain,United Arab Emirates,0,2,World Cup and Asian Cup qual,Bahrain,False
2023-11-21,Rwanda,South Africa,2,0,World Cup qualifier,Rwanda,False
2023-11-21,Uganda,Somalia,1,0,World Cup qualifier,Morocco,True
2023-11-21,Tanzania,Morocco,0,2,World Cup qualifier,Tanzania,False
2023-11-21,Niger,Zambia,2,1,World Cup qualifier,Morocco,True
2023-11-21,Mauritius,Angola,0,0,World Cup qualifier,Mauritius,False
2023-11-21,Burkina Faso,Ethiopia,3,0,World Cup qualifier,Morocco,True
2023-11-21,Comoros,Ghana,1,0,World Cup qualifier,Comoros,False
2023-11-21,Togo,Senegal,0,0,World Cup qualifier,Togo,False
2023-11-21,Malawi,Tunisia,0,1,World Cup qualifier,Malawi,False
2023-11-21,Libya,Cameroon,1,1,World Cup qualifier,Libya,False
2023-11-21,Benin,Lesotho,0,0,World Cup qualifier,South Africa,True
2023-11-21,Cape Verde,Eswatini,2,0,World Cup qualifier,South Africa,True
2023-11-21,Botswana,Guinea,1,0,World Cup qualifier,Botswana,False
2023-11-21,Mauritania,South Sudan,0,0,World Cup qualifier,Senegal,True
2023-11-21,Namibia,Sao Tome and Principe,2,0,World Cup qualifier,Morocco,True
2023-11-21,Canada,Jamaica,2,3,CONCACAF Nations League A,Canada,False
2023-11-21,Mexico,Honduras,2,0,CONCACAF Nations League A,Mexico,False
2023-11-21,Guyana,Antigua and Barbuda,6,0,CONCACAF Nations League B,Dominican Republic,True
2023-11-21,Nicaragua,Dominican Republic,0,0,CONCACAF Nations League B,Nicaragua,False
2023-11-21,French Guiana,Bermuda,3,0,CONCACAF Nations League B,Martinique,True
2023-11-21,Puerto Rico,Bahamas,6,1,CONCACAF Nations League B,Puerto Rico,False
2023-11-21,St Vincent & Grenadines,Belize,3,0,CONCACAF Nations League B,Grenada,True
2023-11-21,Bonaire,Saint Martin,0,4,CONCACAF Nations League C,Bonaire,False
2023-11-21,Uruguay,Bolivia,3,0,World Cup qualifier,Uruguay,False
2023-11-21,Brazil,Argentina,0,1,World Cup qualifier,Brazil,False
2023-11-21,Ecuador,Chile,1,0,World Cup qualifier,Ecuador,False
2023-11-21,Paraguay,Colombia,0,1,World Cup qualifier,Paraguay,False
2023-11-21,Peru,Venezuela,1,1,World Cup qualifier,Peru,False
2023-11-21,Ireland,New Zealand,1,1,Friendly,Ireland,False
2023-11-21,Fiji,Tahiti,0,0,Pacific Games,Solomon Islands,True
2023-11-21,Cook Islands,Tonga,2,1,Pacific Games,Solomon Islands,True
2023-11-21,Wales,Turkey,1,1,European Championship qual,Wales,False
2023-11-21,Austria,Germany,2,0,Friendly,Austria,False
2023-11-21,Greece,France,2,2,European Championship qual,Greece,False
2023-11-21,Romania,Switzerland,1,0,European Championship qual,Romania,False
2023-11-21,Gibraltar,Netherlands,0,6,European Championship qual,Portugal,True
2023-11-21,Poland,Latvia,2,0,Friendly,Poland,False
2023-11-21,Kosovo,Belarus,0,1,European Championship qual,Kosovo,False
2023-11-21,Andorra,Israel,0,2,European Championship qual,Andorra,False
2023-11-21,Croatia,Armenia,1,0,European Championship qual,Croatia,False
2023-11-23,Papua New Guinea,Vanuatu,1,1,Pacific Games,Solomon Islands,True
2023-11-23,Solomon Islands,Eastern Samoa,11,0,Pacific Games,Solomon Islands,False
2023-11-24,Tahiti,Northern Mariana Islands,5,0,Pacific Games,Solomon Islands,True
2023-11-24,New Caledonia,Cook Islands,8,0,Pacific Games,Solomon Islands,True
2023-11-27,Northern Mariana Islands,Eastern Samoa,4,0,Pacific Games,Solomon Islands,True
2023-11-27,Tahiti,Samoa,2,1,Pacific Games,Solomon Islands,True
2023-11-27,Tuvalu,Tonga,4,0,Pacific Games,Solomon Islands,True
2023-11-28,New Caledonia,Vanuatu,1,0,Pacific Games,Solomon Islands,True
2023-11-28,Solomon Islands,Fiji,2,0,Pacific Games,Solomon Islands,False
2023-11-30,Tuvalu,Northern Mariana Islands,4,1,Pacific Games,Solomon Islands,True
2023-11-30,Tahiti,Papua New Guinea,2,0,Pacific Games,Solomon Islands,True
2023-11-30,Tonga,Eastern Samoa,6,2,Pacific Games,Solomon Islands,True
2023-12-01,Fiji,Vanuatu,4,2,Pacific Games,Solomon Islands,True
2023-12-02,Solomon Islands,New Caledonia,2,2,Pacific Games,Solomon Islands,False
2023-12-10,Colombia,Venezuela,1,0,Friendly,United States,True
2023-12-16,Colombia,Mexico,3,2,Friendly,United States,True
2023-12-25,Uzbekistan,Kyrgyzstan,4,1,Friendly,United Arab Emirates,True
2023-12-27,Zanzibar,Tanzania,0,0,Friendly,Zanzibar,False
2023-12-28,Lebanon,Jordan,2,1,Friendly,Lebanon,False
2023-12-29,Oman,China,2,0,Friendly,United Arab Emirates,True
2023-12-30,United Arab Emirates,Kyrgyzstan,1,0,Friendly,United Arab Emirates,False
2023-12-31,Qatar,Cambodia,3,0,Friendly,Qatar,False
2024-01-01,Japan,Thailand,5,0,Friendly,Japan,False
2024-01-01,Hong Kong,China,2,1,Friendly,United Arab Emirates,True
2024-01-02,Libya,Indonesia,4,0,Friendly,Turkey,True
2024-01-04,Saudi Arabia,Lebanon,1,0,Friendly,Qatar,True
2024-01-04,Tajikistan,Hong Kong,2,1,Friendly,United Arab Emirates,True
2024-01-05,Libya,Indonesia,2,1,Friendly,Turkey,True
2024-01-05,Iran,Burkina Faso,2,1,Friendly,Iran,False
2024-01-05,Kyrgyzstan,Syria,1,1,Friendly,United Arab Emirates,True
2024-01-05,Qatar,Jordan,1,2,Friendly,Qatar,False
2024-01-05,Togo,Algeria,0,3,Friendly,Togo,False
2024-01-06,Australia,Bahrain,2,0,Friendly,United Arab Emirates,True
2024-01-06,South Korea,Iraq,1,0,Friendly,United Arab Emirates,True
2024-01-06,United Arab Emirates,Oman,0,1,Friendly,United Arab Emirates,False
2024-01-06,Angola,DR Congo,0,0,Friendly,United Arab Emirates,True
2024-01-06,Ivory Coast,Sierra Leone,5,1,Friendly,Ivory Coast,False
2024-01-06,Mali,Guinea-Bissau,6,2,Friendly,Mali,False
2024-01-06,Tunisia,Mauritania,0,0,Friendly,Tunisia,False
2024-01-06,Mozambique,Lesotho,2,0,Friendly,South Africa,True
2024-01-07,Uzbekistan,Palestine,1,0,Friendly,Qatar,True
2024-01-07,Egypt,Tanzania,2,0,Friendly,Egypt,False
2024-01-08,Malaysia,Syria,2,2,Friendly,Qatar,True
2024-01-08,Guinea,Nigeria,2,0,Friendly,United Arab Emirates,True
2024-01-08,Ghana,Namibia,0,0,Friendly,Ghana,False
2024-01-08,Senegal,Niger,1,0,Friendly,Senegal,False
2024-01-08,Botswana,Mozambique,1,1,Friendly,South Africa,True
2024-01-09,Japan,Jordan,6,1,Friendly,Qatar,True
2024-01-09,Iran,Indonesia,5,0,Friendly,Qatar,True
2024-01-09,Kyrgyzstan,Vietnam,2,1,Friendly,Qatar,True
2024-01-09,Palestine,Saudi Arabia,0,0,Friendly,Qatar,True
2024-01-09,Cameroon,Zambia,1,1,Friendly,Saudi Arabia,True
2024-01-09,Equatorial Guinea,Djibouti,1,1,Friendly,Equatorial Guinea,False
2024-01-09,Algeria,Burundi,4,0,Friendly,Togo,True
2024-01-10,Saudi Arabia,Hong Kong,2,0,Friendly,Qatar,True
2024-01-10,Angola,Bahrain,3,0,Friendly,United Arab Emirates,True
2024-01-10,South Africa,Lesotho,0,0,Friendly,South Africa,False
2024-01-10,Burkina Faso,DR Congo,2,1,Friendly,United Arab Emirates,True
2024-01-10,Tunisia,Cape Verde,2,0,Friendly,Tunisia,False
2024-01-11,Morocco,Sierra Leone,3,1,Friendly,Ivory Coast,True
2024-01-12,Qatar,Lebanon,3,0,Asian Cup,Qatar,False
2024-01-12,Libya,Kuwait,3,1,Friendly,Egypt,True
2024-01-12,Sweden,Estonia,2,1,Friendly,Cyprus,True
2024-01-13,Australia,India,2,0,Asian Cup,Qatar,True
2024-01-13,China,Tajikistan,0,0,Asian Cup,Qatar,True
2024-01-13,Syria,Uzbekistan,0,0,Asian Cup,Qatar,True
2024-01-13,Ivory Coast,Guinea-Bissau,2,0,African Nations Cup,Ivory Coast,False
2024-01-13,Iceland,Guatemala,1,0,Friendly,United States,True
2024-01-14,Japan,Vietnam,4,2,Asian Cup,Qatar,True
2024-01-14,Equatorial Guinea,Nigeria,1,1,African Nations Cup,Ivory Coast,True
2024-01-14,United Arab Emirates,Hong Kong,3,1,Asian Cup,Qatar,True
2024-01-14,Iran,Palestine,4,1,Asian Cup,Qatar,True
2024-01-14,Egypt,Mozambique,2,2,African Nations Cup,Ivory Coast,True
2024-01-14,Cape Verde,Ghana,2,1,African Nations Cup,Ivory Coast,True
2024-01-15,South Korea,Bahrain,3,1,Asian Cup,Qatar,True
2024-01-15,Iraq,Indonesia,3,1,Asian Cup,Qatar,True
2024-01-15,Senegal,Gambia,3,0,African Nations Cup,Ivory Coast,True
2024-01-15,Jordan,Malaysia,4,0,Asian Cup,Qatar,True
2024-01-15,Cameroon,Guinea,1,1,African Nations Cup,Ivory Coast,True
2024-01-15,Algeria,Angola,1,1,African Nations Cup,Ivory Coast,True
2024-01-16,Thailand,Kyrgyzstan,2,0,Asian Cup,Qatar,True
2024-01-16,Burkina Faso,Mauritania,1,0,African Nations Cup,Ivory Coast,True
2024-01-16,Saudi Arabia,Oman,2,1,Asian Cup,Qatar,True
2024-01-16,Namibia,Tunisia,1,0,African Nations Cup,Ivory Coast,True
2024-01-16,Mali,South Africa,2,0,African Nations Cup,Ivory Coast,True
2024-01-17,China,Lebanon,0,0,Asian Cup,Qatar,True
2024-01-17,Qatar,Tajikistan,1,0,Asian Cup,Qatar,False
2024-01-17,Morocco,Tanzania,3,0,African Nations Cup,Ivory Coast,True
2024-01-17,DR Congo,Zambia,1,1,African Nations Cup,Ivory Coast,True
2024-01-17,Iceland,Honduras,2,0,Friendly,United States,True
2024-01-18,Australia,Syria,1,0,Asian Cup,Qatar,True
2024-01-18,Equatorial Guinea,Guinea-Bissau,4,2,African Nations Cup,Ivory Coast,True
2024-01-18,Uzbekistan,India,3,0,Asian Cup,Qatar,True
2024-01-18,Palestine,United Arab Emirates,1,1,Asian Cup,Qatar,True
2024-01-18,Ivory Coast,Nigeria,0,1,African Nations Cup,Ivory Coast,False
2024-01-18,Egypt,Ghana,2,2,African Nations Cup,Ivory Coast,True
2024-01-19,Uganda,Kuwait,2,0,Friendly,Egypt,True
2024-01-19,Iraq,Japan,2,1,Asian Cup,Qatar,True
2024-01-19,Iran,Hong Kong,1,0,Asian Cup,Qatar,True
2024-01-19,Indonesia,Vietnam,1,0,Asian Cup,Qatar,True
2024-01-19,Senegal,Cameroon,3,1,African Nations Cup,Ivory Coast,True
2024-01-19,Guinea,Gambia,1,0,African Nations Cup,Ivory Coast,True
2024-01-19,Cape Verde,Mozambique,3,0,African Nations Cup,Ivory Coast,True
2024-01-20,Jordan,South Korea,2,2,Asian Cup,Qatar,True
2024-01-20,Bahrain,Malaysia,1,0,Asian Cup,Qatar,True
2024-01-20,Algeria,Burkina Faso,2,2,African Nations Cup,Ivory Coast,True
2024-01-20,Mali,Tunisia,1,1,African Nations Cup,Ivory Coast,True
2024-01-20,Angola,Mauritania,3,2,African Nations Cup,Ivory Coast,True
2024-01-20,United States,Slovenia,0,1,Friendly,United States,False
2024-01-21,Oman,Thailand,0,0,Asian Cup,Qatar,True
2024-01-21,DR Congo,Morocco,1,1,African Nations Cup,Ivory Coast,True
2024-01-21,Saudi Arabia,Kyrgyzstan,2,0,Asian Cup,Qatar,True
2024-01-21,Tanzania,Zambia,1,1,African Nations Cup,Ivory Coast,True
2024-01-21,South Africa,Namibia,4,0,African Nations Cup,Ivory Coast,True
2024-01-22,Tajikistan,Lebanon,2,1,Asian Cup,Qatar,True
2024-01-22,Qatar,China,1,0,Asian Cup,Qatar,False
2024-01-22,Nigeria,Guinea-Bissau,1,0,African Nations Cup,Ivory Coast,True
2024-01-22,Ivory Coast,Equatorial Guinea,0,4,African Nations Cup,Ivory Coast,False
2024-01-22,Ghana,Mozambique,2,2,African Nations Cup,Ivory Coast,True
2024-01-22,Cape Verde,Egypt,2,2,African Nations Cup,Ivory Coast,True
2024-01-23,Syria,India,1,0,Asian Cup,Qatar,True
2024-01-23,Palestine,Hong Kong,3,0,Asian Cup,Qatar,True
2024-01-23,Iran,United Arab Emirates,2,1,Asian Cup,Qatar,True
2024-01-23,Australia,Uzbekistan,1,1,Asian Cup,Qatar,True
2024-01-23,Senegal,Guinea,2,0,African Nations Cup,Ivory Coast,True
2024-01-23,Mauritania,Algeria,1,0,African Nations Cup,Ivory Coast,True
2024-01-23,Cameroon,Gambia,3,2,African Nations Cup,Ivory Coast,True
2024-01-23,Angola,Burkina Faso,2,0,African Nations Cup,Ivory Coast,True
2024-01-24,Japan,Indonesia,3,1,Asian Cup,Qatar,True
2024-01-24,Iraq,Vietnam,3,2,Asian Cup,Qatar,True
2024-01-24,South Africa,Tunisia,0,0,African Nations Cup,Ivory Coast,True
2024-01-24,Morocco,Zambia,1,0,African Nations Cup,Ivory Coast,True
2024-01-24,Mali,Namibia,0,0,African Nations Cup,Ivory Coast,True
2024-01-24,DR Congo,Tanzania,0,0,African Nations Cup,Ivory Coast,True
2024-01-25,Saudi Arabia,Thailand,0,0,Asian Cup,Qatar,True
2024-01-25,Malaysia,South Korea,3,3,Asian Cup,Qatar,True
2024-01-25,Kyrgyzstan,Oman,1,1,Asian Cup,Qatar,True
2024-01-25,Bahrain,Jordan,1,0,Asian Cup,Qatar,True
2024-01-27,Nigeria,Cameroon,2,0,African Nations Cup,Ivory Coast,True
2024-01-27,Angola,Namibia,3,0,African Nations Cup,Ivory Coast,True
2024-01-28,Australia,Indonesia,4,0,Asian Cup,Qatar,True
2024-01-28,Tajikistan,United Arab Emirates,1,1,Asian Cup,Qatar,True
2024-01-28,Guinea,Equatorial Guinea,1,0,African Nations Cup,Ivory Coast,True
2024-01-28,DR Congo,Egypt,1,1,African Nations Cup,Ivory Coast,True
2024-01-29,Qatar,Palestine,2,1,Asian Cup,Qatar,False
2024-01-29,Jordan,Iraq,3,2,Asian Cup,Qatar,True
2024-01-29,Cape Verde,Mauritania,1,0,African Nations Cup,Ivory Coast,True
2024-01-29,Ivory Coast,Senegal,1,1,African Nations Cup,Ivory Coast,False
2024-01-30,Uzbekistan,Thailand,2,1,Asian Cup,Qatar,True
2024-01-30,Saudi Arabia,South Korea,1,1,Asian Cup,Qatar,True
2024-01-30,Mali,Burkina Faso,2,1,African Nations Cup,Ivory Coast,True
2024-01-30,South Africa,Morocco,2,0,African Nations Cup,Ivory Coast,True
2024-01-31,Japan,Bahrain,3,1,Asian Cup,Qatar,True
2024-01-31,Iran,Syria,1,1,Asian Cup,Qatar,True
2024-02-02,Jordan,Tajikistan,1,0,Asian Cup,Qatar,True
2024-02-02,South Korea,Australia,2,1,Asian Cup,Qatar,True
2024-02-02,Nigeria,Angola,1,0,African Nations Cup,Ivory Coast,True
2024-02-02,DR Congo,Guinea,3,1,African Nations Cup,Ivory Coast,True
2024-02-02,Costa Rica,El Salvador,2,0,Friendly,Costa Rica,False
2024-02-03,Iran,Japan,2,1,Asian Cup,Qatar,True
2024-02-03,Qatar,Uzbekistan,1,1,Asian Cup,Qatar,False
2024-02-03,Ivory Coast,Mali,2,1,African Nations Cup,Ivory Coast,False
2024-02-03,Cape Verde,South Africa,0,0,African Nations Cup,Ivory Coast,True
2024-02-06,Jordan,South Korea,2,0,Asian Cup,Qatar,True
2024-02-07,Qatar,Iran,3,2,Asian Cup,Qatar,False
2024-02-07,Nigeria,South Africa,1,1,African Nations Cup,Ivory Coast,True
2024-02-07,Ivory Coast,DR Congo,1,0,African Nations Cup,Ivory Coast,False
2024-02-10,Qatar,Jordan,3,1,Asian Cup,Qatar,False
2024-02-10,DR Congo,South Africa,0,0,African Nations Cup,Ivory Coast,True
2024-02-11,Ivory Coast,Nigeria,2,1,African Nations Cup,Ivory Coast,False
2024-03-01,Trinidad and Tobago,Jamaica,0,1,Friendly,Trinidad and Tobago,False
2024-03-03,Trinidad and Tobago,Jamaica,0,0,Friendly,Trinidad and Tobago,False
2024-03-10,Bangladesh,Sudan,0,0,Friendly,Saudi Arabia,True
2024-03-14,Kazakhstan,Turkmenistan,2,0,Friendly,United Arab Emirates,True
2024-03-14,Sudan,Bangladesh,3,0,Friendly,Saudi Arabia,True
2024-03-15,Malaysia,Nepal,4,1,Friendly,Malaysia,False
2024-03-15,Malaysia,Nepal,5,1,Friendly,Malaysia,False
2024-03-17,Sint Maarten,Anguilla,1,1,Friendly,Sint Maarten,False
2024-03-18,Solomon Islands,Fiji,2,1,Friendly,Solomon Islands,False
2024-03-20,San Marino,Saint Kitts and Nevis,1,3,Friendly,San Marino,False
2024-03-20,Tonga,Samoa,1,4,Oceania Nations Cup qualifier,Tonga,False
2024-03-20,Eswatini,Somalia,3,0,African Nations Cup qualifier,Morocco,True
2024-03-20,Liberia,Djibouti,2,0,African Nations Cup qualifier,Morocco,True
2024-03-20,Bonaire,El Salvador,1,1,Friendly,United States,True
2024-03-21,Japan,North Korea,1,0,World Cup and Asian Cup qual,Japan,False
2024-03-21,Iraq,Philippines,1,0,World Cup and Asian Cup qual,Iraq,False
2024-03-21,Iran,Turkmenistan,5,0,World Cup and Asian Cup qual,Iran,False
2024-03-21,Indonesia,Vietnam,1,0,World Cup and Asian Cup qual,Indonesia,False
2024-03-21,Hong Kong,Uzbekistan,0,2,World Cup and Asian Cup qual,Hong Kong,False
2024-03-21,Bahrain,Nepal,5,0,World Cup and Asian Cup qual,Bahrain,False
2024-03-21,Australia,Lebanon,2,0,World Cup and Asian Cup qual,Australia,False
2024-03-21,Lithuania,Gibraltar,1,0,European Nations League C,Portugal,True
2024-03-21,Wales,Finland,4,1,European Championship qual,Wales,False
2024-03-21,Poland,Estonia,5,1,European Championship qual,Poland,False
2024-03-21,Iceland,Israel,4,1,European Championship qual,Hungary,True
2024-03-21,Greece,Kazakhstan,5,0,European Championship qual,Greece,False
2024-03-21,Georgia,Luxembourg,2,0,European Championship qual,Georgia,False
2024-03-21,Myanmar,Syria,1,1,World Cup and Asian Cup qual,Myanmar,False
2024-03-21,Afghanistan,India,0,0,World Cup and Asian Cup qual,Saudi Arabia,True
2024-03-21,Oman,Malaysia,2,0,World Cup and Asian Cup qual,Oman,False
2024-03-21,Cape Verde,Guyana,1,0,Friendly tournament,Saudi Arabia,True
2024-03-21,Palestine,Bangladesh,5,0,World Cup and Asian Cup qual,Kuwait,True
2024-03-21,Solomon Islands,Fiji,0,2,Friendly,Solomon Islands,False
2024-03-21,Russia,Serbia,4,0,Friendly,Russia,False
2024-03-21,Portugal,Sweden,5,2,Friendly,Portugal,False
2024-03-21,Montenegro,Belarus,2,0,Friendly,Turkey,True
2024-03-21,Malta,Slovenia,2,2,Friendly,Malta,False
2024-03-21,Guinea,Vanuatu,6,0,Friendly tournament,Saudi Arabia,True
2024-03-21,Pakistan,Jordan,0,3,World Cup and Asian Cup qual,Pakistan,False
2024-03-21,Ethiopia,Lesotho,1,2,Friendly,Ethiopia,False
2024-03-21,United Arab Emirates,Yemen,2,1,World Cup and Asian Cup qual,United Arab Emirates,False
2024-03-21,Taiwan,Kyrgyzstan,0,2,World Cup and Asian Cup qual,Taiwan,False
2024-03-21,South Korea,Thailand,1,1,World Cup and Asian Cup qual,South Korea,False
2024-03-21,Singapore,China,2,2,World Cup and Asian Cup qual,Singapore,False
2024-03-21,Saudi Arabia,Tajikistan,1,0,World Cup and Asian Cup qual,Saudi Arabia,False
2024-03-21,Qatar,Kuwait,3,0,World Cup and Asian Cup qual,Qatar,False
2024-03-21,Cyprus,Latvia,1,1,Friendly,Cyprus,False
2024-03-21,Bosnia and Herzegovina,Ukraine,1,2,European Championship qual,Bosnia and Herzegovina,False
2024-03-21,United States,Jamaica,3,1,CONCACAF Nations League,United States,False
2024-03-21,Mexico,Panama,3,0,CONCACAF Nations League,United States,True
2024-03-21,Italy,Venezuela,2,1,Friendly,United States,True
2024-03-21,Ecuador,Guatemala,2,0,Friendly,United States,True
2024-03-21,Belize,Puerto Rico,1,1,Friendly,Belize,False
2024-03-21,Andorra,South Africa,1,1,Friendly tournament,Algeria,True
2024-03-22,Central African Republic,Bhutan,6,0,Friendly tournament,Sri Lanka,True
2024-03-22,Bulgaria,Tanzania,1,0,Friendly tournament,Azerbaijan,True
2024-03-22,Botswana,Rwanda,0,0,Friendly tournament,Madagascar,True
2024-03-22,Bermuda,Brunei,2,0,Friendly tournament,Saudi Arabia,True
2024-03-22,Sao Tome and Principe,South Sudan,1,1,African Nations Cup qualifier,Morocco,True
2024-03-22,Armenia,Kosovo,0,1,Friendly,Armenia,False
2024-03-22,Chad,Mauritius,1,0,African Nations Cup qualifier,Cameroon,True
2024-03-22,Chile,Albania,3,0,Friendly,Italy,True
2024-03-22,Azerbaijan,Mongolia,1,0,Friendly tournament,Azerbaijan,False
2024-03-22,Colombia,Spain,1,0,Friendly,England,True
2024-03-22,Romania,Northern Ireland,1,1,Friendly,Romania,False
2024-03-22,Equatorial Guinea,Cambodia,2,0,Friendly tournament,Saudi Arabia,True
2024-03-22,Faroe Islands,Liechtenstein,4,0,Friendly,Spain,True
2024-03-22,Hungary,Turkey,1,0,Friendly,Hungary,False
2024-03-22,Madagascar,Burundi,1,0,Friendly tournament,Madagascar,False
2024-03-22,Moldova,North Macedonia,1,1,Friendly,Turkey,True
2024-03-22,Netherlands,Scotland,4,0,Friendly,Netherlands,False
2024-03-22,Nigeria,Ghana,2,1,Friendly,Morocco,True
2024-03-22,Norway,Czechia,1,2,Friendly,Norway,False
2024-03-22,Senegal,Gabon,3,0,Friendly,France,True
2024-03-22,Sri Lanka,Papua New Guinea,0,0,Friendly tournament,Sri Lanka,False
2024-03-22,Egypt,New Zealand,1,0,Friendly tournament,Egypt,False
2024-03-22,Anguilla,Turks and Caicos Islands,0,0,World Cup qualifier,Anguilla,False
2024-03-22,Algeria,Bolivia,3,2,Friendly tournament,Algeria,False
2024-03-22,Argentina,El Salvador,3,0,Friendly,United States,True
2024-03-22,US Virgin Islands,British Virgin Islands,1,1,World Cup qualifier,US Virgin Islands,False
2024-03-22,Comoros,Uganda,4,0,Friendly,Morocco,True
2024-03-22,Libya,Burkina Faso,2,1,Friendly,Morocco,True
2024-03-22,Togo,Niger,2,1,Friendly,Morocco,True
2024-03-22,Peru,Nicaragua,2,0,Friendly,Peru,False
2024-03-22,Sudan,Guinea-Bissau,1,0,Friendly,Morocco,True
2024-03-22,Morocco,Angola,1,0,Friendly,Morocco,False
2024-03-22,Mali,Mauritania,2,0,Friendly,Morocco,True
2024-03-23,Samoa,Cook Islands,1,0,Oceania Nations Cup qualifier,Tonga,True
2024-03-23,Benin,Ivory Coast,2,2,Friendly,France,True
2024-03-23,Croatia,Tunisia,0,0,Friendly tournament,Egypt,True
2024-03-23,Denmark,Switzerland,0,0,Friendly,Denmark,False
2024-03-23,England,Brazil,0,1,Friendly,England,False
2024-03-23,Ireland,Belgium,0,0,Friendly,Ireland,False
2024-03-23,French Guiana,Haiti,1,1,Friendly,French Guiana,False
2024-03-23,Malawi,Kenya,0,4,Friendly tournament,Malawi,False
2024-03-23,Slovakia,Austria,0,2,Friendly,Slovakia,False
2024-03-23,Zambia,Zimbabwe,2,2,Friendly tournament,Malawi,True
2024-03-23,France,Germany,0,2,Friendly,France,False
2024-03-23,Canada,Trinidad and Tobago,2,0,Copa América qualifier,United States,True
2024-03-23,Costa Rica,Honduras,3,1,Copa América qualifier,United States,True
2024-03-23,Dominican Republic,Aruba,2,0,Friendly,Dominican Republic,False
2024-03-24,San Marino,Saint Kitts and Nevis,0,0,Friendly,San Marino,False
2024-03-24,Martinique,Suriname,1,1,Friendly,Netherlands,True
2024-03-24,Italy,Ecuador,2,0,Friendly,United States,True
2024-03-24,Ethiopia,Lesotho,2,1,Friendly,Ethiopia,False
2024-03-24,Jamaica,Panama,1,0,CONCACAF Nations League,United States,True
2024-03-24,Belize,Puerto Rico,3,0,Friendly,Belize,False
2024-03-24,United States,Mexico,2,0,CONCACAF Nations League,United States,False
2024-03-24,Guatemala,Venezuela,0,0,Friendly,United States,True
2024-03-25,Congo,Gabon,1,1,Friendly,France,True
2024-03-25,Angola,Comoros,0,0,Friendly,Morocco,True
2024-03-25,Azerbaijan,Bulgaria,1,1,Friendly tournament,Azerbaijan,False
2024-03-25,Bolivia,Andorra,1,0,Friendly tournament,Algeria,True
2024-03-25,Botswana,Burundi,0,0,Friendly tournament,Madagascar,True
2024-03-25,Cape Verde,Equatorial Guinea,1,0,Friendly tournament,Saudi Arabia,True
2024-03-25,Central African Republic,Papua New Guinea,4,0,Friendly tournament,Sri Lanka,True
2024-03-25,Cyprus,Serbia,0,1,Friendly,Cyprus,False
2024-03-25,Guinea-Bissau,Sudan,2,1,Friendly,Morocco,True
2024-03-25,Madagascar,Rwanda,0,2,Friendly tournament,Madagascar,False
2024-03-25,Montenegro,North Macedonia,1,0,Friendly,Turkey,True
2024-03-25,Sri Lanka,Bhutan,2,0,Friendly tournament,Sri Lanka,False
2024-03-25,Sweden,Albania,1,0,Friendly,Sweden,False
2024-03-25,Tanzania,Mongolia,3,0,Friendly tournament,Azerbaijan,True
2024-03-25,Guinea,Bermuda,5,1,Friendly tournament,Saudi Arabia,True
2024-03-26,United Arab Emirates,Yemen,3,0,World Cup and Asian Cup qual,Saudi Arabia,True
2024-03-26,Uzbekistan,Hong Kong,3,0,World Cup and Asian Cup qual,Uzbekistan,False
2024-03-26,Vietnam,Indonesia,0,3,World Cup and Asian Cup qual,Vietnam,False
2024-03-26,Georgia,Greece,0,0,European Championship qual,Georgia,False
2024-03-26,Ukraine,Iceland,2,1,European Championship qual,Poland,True
2024-03-26,Liberia,Djibouti,0,0,African Nations Cup qualifier,Liberia,False
2024-03-26,Lithuania,Gibraltar,1,0,European Nations League C,Lithuania,False
2024-03-26,Eswatini,Somalia,2,2,African Nations Cup qualifier,South Africa,True
2024-03-26,Mauritius,Chad,1,2,African Nations Cup qualifier,Mauritius,False
2024-03-26,Sao Tome and Principe,South Sudan,0,0,African Nations Cup qualifier,Morocco,True
2024-03-26,Tonga,Cook Islands,0,1,Oceania Nations Cup qualifier,Tonga,False
2024-03-26,Wales,Poland,0,0,European Championship qual,Wales,False
2024-03-26,Turkmenistan,Iran,0,1,World Cup and Asian Cup qual,Turkmenistan,False
2024-03-26,Turks and Caicos Islands,Anguilla,1,1,World Cup qualifier,Turks and Caicos Islands,False
2024-03-26,Tajikistan,Saudi Arabia,1,1,World Cup and Asian Cup qual,Tajikistan,False
2024-03-26,Syria,Myanmar,7,0,World Cup and Asian Cup qual,Saudi Arabia,True
2024-03-26,Philippines,Iraq,0,5,World Cup and Asian Cup qual,Philippines,False
2024-03-26,Malaysia,Oman,0,2,World Cup and Asian Cup qual,Malaysia,False
2024-03-26,Kyrgyzstan,Taiwan,5,1,World Cup and Asian Cup qual,Kyrgyzstan,False
2024-03-26,Kuwait,Qatar,1,2,World Cup and Asian Cup qual,Kuwait,False
2024-03-26,Jordan,Pakistan,7,0,World Cup and Asian Cup qual,Jordan,False
2024-03-26,India,Afghanistan,1,2,World Cup and Asian Cup qual,India,False
2024-03-26,China,Singapore,4,1,World Cup and Asian Cup qual,China,False
2024-03-26,Bangladesh,Palestine,0,1,World Cup and Asian Cup qual,Bangladesh,False
2024-03-26,Bahrain,Nepal,3,0,World Cup and Asian Cup qual,Bahrain,False
2024-03-26,Australia,Lebanon,5,0,World Cup and Asian Cup qual,Australia,False
2024-03-26,Algeria,South Africa,3,3,Friendly tournament,Algeria,False
2024-03-26,Thailand,South Korea,0,3,World Cup and Asian Cup qual,Thailand,False
2024-03-26,Austria,Turkey,6,1,Friendly,Austria,False
2024-03-26,Ivory Coast,Uruguay,2,1,Friendly,France,True
2024-03-26,Burkina Faso,Niger,1,1,Friendly,Morocco,True
2024-03-26,Spain,Brazil,3,3,Friendly,Spain,False
2024-03-26,Slovenia,Portugal,2,0,Friendly,Slovenia,False
2024-03-26,Senegal,Benin,1,0,Friendly,France,True
2024-03-26,Scotland,Northern Ireland,0,1,Friendly,Scotland,False
2024-03-26,Norway,Slovakia,1,1,Friendly,Norway,False
2024-03-26,New Zealand,Tunisia,0,0,Friendly tournament,Egypt,True
2024-03-26,Morocco,Mauritania,0,0,Friendly,Morocco,False
2024-03-26,Moldova,Cayman Islands,4,0,Friendly,Turkey,True
2024-03-26,Malta,Belarus,0,0,Friendly,Malta,False
2024-03-26,Mali,Nigeria,2,0,Friendly,Morocco,True
2024-03-26,Malawi,Zambia,1,2,Friendly tournament,Malawi,False
2024-03-26,Luxembourg,Kazakhstan,2,1,Friendly,Luxembourg,False
2024-03-26,Libya,Togo,1,1,Friendly,Morocco,True
2024-03-26,Latvia,Liechtenstein,1,1,Friendly,Cyprus,True
2024-03-26,Kenya,Zimbabwe,3,1,Friendly tournament,Malawi,True
2024-03-26,Ireland,Switzerland,0,1,Friendly,Ireland,False
2024-03-26,Hungary,Kosovo,2,0,Friendly,Hungary,False
2024-03-26,Guyana,Cambodia,4,1,Friendly tournament,Saudi Arabia,True
2024-03-26,Ghana,Uganda,2,2,Friendly,Morocco,True
2024-03-26,Germany,Netherlands,2,1,Friendly,Germany,False
2024-03-26,France,Chile,3,2,Friendly,France,False
2024-03-26,Finland,Estonia,2,1,Friendly,Finland,False
2024-03-26,England,Belgium,2,2,Friendly,England,False
2024-03-26,Egypt,Croatia,2,4,Friendly tournament,Egypt,False
2024-03-26,Denmark,Faroe Islands,2,0,Friendly,Denmark,False
2024-03-26,Czechia,Armenia,2,1,Friendly,Czechia,False
2024-03-26,Colombia,Romania,3,2,Friendly,Spain,True
2024-03-26,Brunei,Vanuatu,3,2,Friendly tournament,Saudi Arabia,True
2024-03-26,British Virgin Islands,US Virgin Islands,0,0,World Cup qualifier,British Virgin Islands,False
2024-03-26,Argentina,Costa Rica,3,1,Friendly,United States,True
2024-03-26,Peru,Dominican Republic,4,1,Friendly,Peru,False
2024-03-26,Nicaragua,Cuba,0,1,Friendly,Nicaragua,False
2024-03-26,El Salvador,Honduras,1,1,Friendly,United States,True
2024-04-06,Northern Mariana Islands,Guam,2,2,Friendly,Northern Marianas,True
2024-04-07,Northern Mariana Islands,Guam,2,1,Friendly,Northern Marianas,True
2024-05-02,St Vincent & Grenadines,Dominica,1,3,Friendly,St Vincent & Grenadines,False
2024-05-05,St Vincent & Grenadines,Dominica,2,0,Friendly,St Vincent & Grenadines,False
2024-05-13,Trinidad and Tobago,Guyana,2,1,Friendly,Trinidad and Tobago,False
2024-05-15,Trinidad and Tobago,Guyana,2,0,Friendly,Trinidad and Tobago,False
2024-05-15,Sudan,Tanzania,2,1,Friendly,Saudi Arabia,True
2024-05-19,Tanzania,Sudan,1,0,Friendly,Saudi Arabia,True
2024-05-19,Sudan,Tanzania,1,1,Friendly,Saudi Arabia,True
2024-05-26,Guatemala,Nicaragua,1,1,Friendly,United States,True
2024-05-26,Grenada,St Vincent & Grenadines,0,3,Friendly,Grenada,False
2024-05-31,Mexico,Bolivia,1,0,Friendly,United States,True
2024-05-31,Costa Rica,Uruguay,0,0,Friendly,Costa Rica,False
2024-06-01,Turkmenistan,Greenland,5,0,Friendly,Turkey,True
2024-06-02,Indonesia,Tanzania,0,0,Friendly,Indonesia,False
2024-06-02,Sint Maarten,Anguilla,0,3,Friendly,Sint Maarten,False
2024-06-03,Scotland,Gibraltar,2,0,Friendly,Portugal,True
2024-06-03,Germany,Ukraine,0,0,Friendly,Germany,False
2024-06-03,England,Bosnia and Herzegovina,3,0,Friendly,England,False
2024-06-03,Croatia,North Macedonia,3,0,Friendly,Croatia,False
2024-06-03,Albania,Liechtenstein,3,0,Friendly,Hungary,True
2024-06-01,Lesotho,Namibia,1,1,Friendly,South Africa,True
2024-06-04,Switzerland,Estonia,4,0,Friendly,Switzerland,False
2024-06-04,Slovenia,Armenia,2,1,Friendly,Slovenia,False
2024-06-04,Sint Maarten,Bonaire,3,1,Friendly,Netherlands,True
2024-06-04,Romania,Bulgaria,0,0,Friendly,Romania,False
2024-06-04,Portugal,Finland,4,2,Friendly,Portugal,False
2024-06-04,Italy,Turkey,0,0,Friendly,Italy,False
2024-06-04,Ireland,Hungary,2,1,Friendly,Ireland,False
2024-06-04,Austria,Serbia,2,1,Friendly,Austria,False
2024-06-05,Slovakia,San Marino,4,0,Friendly,Austria,True
2024-06-05,Norway,Kosovo,3,0,Friendly,Norway,False
2024-06-05,Denmark,Sweden,2,1,Friendly,Denmark,False
2024-06-05,Togo,South Sudan,1,1,World Cup qualifier,Togo,False
2024-06-05,Sierra Leone,Djibouti,2,1,World Cup qualifier,Morocco,True
2024-06-05,Liberia,Namibia,1,1,World Cup qualifier,South Africa,True
2024-06-05,Central African Republic,Chad,1,0,World Cup qualifier,Morocco,True
2024-06-05,Curaçao,Barbados,4,1,World Cup qualifier,Curaçao,False
2024-06-05,Guatemala,Dominica,6,0,World Cup qualifier,Guatemala,False
2024-06-05,Nicaragua,Montserrat,4,1,World Cup qualifier,Nicaragua,False
2024-06-05,Suriname,St Vincent & Grenadines,4,1,World Cup qualifier,Suriname,False
2024-06-05,Trinidad and Tobago,Grenada,2,2,World Cup qualifier,Trinidad and Tobago,False
2024-06-05,Tunisia,Equatorial Guinea,1,0,World Cup qualifier,Tunisia,False
2024-06-05,Belgium,Montenegro,2,0,Friendly,Belgium,False
2024-06-05,France,Luxembourg,3,0,Friendly,France,False
2024-06-05,Spain,Andorra,5,0,Friendly,Spain,False
2024-06-05,Uruguay,Mexico,4,0,Friendly,United States,True
2024-06-05,Antigua and Barbuda,Bermuda,1,1,World Cup qualifier,Antigua and Barbuda,False
2024-06-06,Bangladesh,Australia,0,2,World Cup and Asian Cup qual,Bangladesh,False
2024-06-06,Bahrain,Yemen,0,0,World Cup and Asian Cup qual,Bahrain,False
2024-06-06,Afghanistan,Qatar,0,0,World Cup and Asian Cup qual,Saudi Arabia,True
2024-06-06,Senegal,DR Congo,1,1,World Cup qualifier,Senegal,False
2024-06-06,Mauritania,Sudan,0,2,World Cup qualifier,Mauritania,False
2024-06-06,Guinea-Bissau,Ethiopia,0,0,World Cup qualifier,Guinea-Bissau,False
2024-06-06,Malawi,Sao Tome and Principe,3,1,World Cup qualifier,Malawi,False
2024-06-06,Libya,Mauritius,2,1,World Cup qualifier,Libya,False
2024-06-06,China,Thailand,1,1,World Cup and Asian Cup qual,China,False
2024-06-06,Egypt,Burkina Faso,2,1,World Cup qualifier,Egypt,False
2024-06-06,Benin,Rwanda,1,0,World Cup qualifier,Ivory Coast,True
2024-06-06,Mali,Ghana,1,2,World Cup qualifier,Mali,False
2024-06-06,Hong Kong,Iran,2,4,World Cup and Asian Cup qual,Hong Kong,False
2024-06-06,Lebanon,Palestine,0,0,World Cup and Asian Cup qual,Qatar,True
2024-06-06,Indonesia,Iraq,0,2,World Cup and Asian Cup qual,Indonesia,False
2024-06-06,Jordan,Tajikistan,3,0,World Cup and Asian Cup qual,Jordan,False
2024-06-06,Kyrgyzstan,Malaysia,1,1,World Cup and Asian Cup qual,Kyrgyzstan,False
2024-06-06,Myanmar,Japan,0,5,World Cup and Asian Cup qual,Myanmar,False
2024-06-06,North Korea,Syria,1,0,World Cup and Asian Cup qual,Laos,True
2024-06-06,Pakistan,Saudi Arabia,0,3,World Cup and Asian Cup qual,Pakistan,False
2024-06-06,Singapore,South Korea,0,7,World Cup and Asian Cup qual,Singapore,False
2024-06-06,Taiwan,Oman,0,3,World Cup and Asian Cup qual,Taiwan,False
2024-06-06,United Arab Emirates,Nepal,4,0,World Cup and Asian Cup qual,Saudi Arabia,True
2024-06-06,Uzbekistan,Turkmenistan,3,1,World Cup and Asian Cup qual,Uzbekistan,False
2024-06-06,Vietnam,Philippines,3,2,World Cup and Asian Cup qual,Vietnam,False
2024-06-06,Gibraltar,Wales,0,0,Friendly,Portugal,True
2024-06-06,Netherlands,Canada,4,0,Friendly,Netherlands,False
2024-06-06,India,Kuwait,0,0,World Cup and Asian Cup qual,India,False
2024-06-06,Algeria,Guinea,1,2,World Cup qualifier,Algeria,False
2024-06-06,Jamaica,Dominican Republic,1,0,World Cup qualifier,Jamaica,False
2024-06-06,Panama,Guyana,2,0,World Cup qualifier,Panama,False
2024-06-06,Honduras,Cuba,3,1,World Cup qualifier,Honduras,False
2024-06-06,Haiti,Saint Lucia,2,1,World Cup qualifier,Haiti,False
2024-06-06,El Salvador,Puerto Rico,0,0,World Cup qualifier,El Salvador,False
2024-06-06,Costa Rica,Saint Kitts and Nevis,4,0,World Cup qualifier,Costa Rica,False
2024-06-07,Burundi,Kenya,1,1,World Cup qualifier,Malawi,True
2024-06-07,Lesotho,Zimbabwe,2,0,World Cup qualifier,South Africa,True
2024-06-07,Madagascar,Comoros,2,1,World Cup qualifier,South Africa,True
2024-06-07,Cambodia,Mongolia,2,0,Friendly,Cambodia,False
2024-06-07,Uganda,Botswana,1,0,World Cup qualifier,Uganda,False
2024-06-07,Armenia,Kazakhstan,2,1,Friendly,Armenia,False
2024-06-07,Czechia,Malta,7,1,Friendly,Austria,True
2024-06-07,Mozambique,Somalia,2,1,World Cup qualifier,Mozambique,False
2024-06-07,Angola,Eswatini,1,0,World Cup qualifier,Angola,False
2024-06-07,Ivory Coast,Gabon,1,0,World Cup qualifier,Ivory Coast,False
2024-06-07,Morocco,Zambia,2,1,World Cup qualifier,Morocco,False
2024-06-07,Nigeria,South Africa,1,1,World Cup qualifier,Nigeria,False
2024-06-07,Albania,Azerbaijan,3,1,Friendly,Hungary,True
2024-06-07,Romania,Liechtenstein,0,0,Friendly,Romania,False
2024-06-07,Belarus,Russia,0,4,Friendly,Belarus,False
2024-06-07,England,Iceland,0,1,Friendly,England,False
2024-06-07,Germany,Greece,2,1,Friendly,Germany,False
2024-06-07,Peru,Paraguay,0,0,Friendly,Peru,False
2024-06-07,Poland,Ukraine,3,1,Friendly,Poland,False
2024-06-07,Scotland,Finland,2,2,Friendly,Scotland,False
2024-06-08,Estonia,Faroe Islands,4,1,Baltic Cup,Estonia,False
2024-06-08,Gambia,Seychelles,5,1,World Cup qualifier,Morocco,True
2024-06-08,Cameroon,Cape Verde,4,1,World Cup qualifier,Cameroon,False
2024-06-08,Aruba,Curaçao,0,2,World Cup qualifier,Aruba,False
2024-06-08,Belize,Nicaragua,0,4,World Cup qualifier,Belize,False
2024-06-08,Bahamas,Trinidad and Tobago,1,7,World Cup qualifier,Bahamas,False
2024-06-08,Latvia,Lithuania,0,2,Baltic Cup,Latvia,False
2024-06-08,British Virgin Islands,Guatemala,0,3,World Cup qualifier,British Virgin Islands,False
2024-06-08,Belgium,Luxembourg,3,0,Friendly,Belgium,False
2024-06-08,Portugal,Croatia,1,2,Friendly,Portugal,False
2024-06-08,Denmark,Norway,3,1,Friendly,Denmark,False
2024-06-08,Hungary,Israel,3,0,Friendly,Hungary,False
2024-06-08,Moldova,Cyprus,3,2,Friendly,Moldova,False
2024-06-08,Slovenia,Bulgaria,1,1,Friendly,Slovenia,False
2024-06-08,Spain,Northern Ireland,5,1,Friendly,Spain,False
2024-06-08,Sweden,Serbia,0,3,Friendly,Sweden,False
2024-06-08,Switzerland,Austria,1,1,Friendly,Switzerland,False
2024-06-08,United States,Colombia,1,5,Friendly,United States,False
2024-06-08,Brunei,Sri Lanka,1,0,Friendly,Brunei,False
2024-06-08,Anguilla,Suriname,0,4,World Cup qualifier,Anguilla,False
2024-06-06,Haiti,Saint Lucia,2,1,World Cup qualifier,Barbados,True
2024-06-08,Cayman Islands,Antigua and Barbuda,1,0,World Cup qualifier,Cayman Islands,False
2024-06-08,Brazil,Mexico,3,2,Friendly,United States,True
2024-06-09,Djibouti,Ethiopia,1,1,World Cup qualifier,Morocco,True
2024-06-09,Bermuda,Honduras,1,6,World Cup qualifier,Bermuda,False
2024-06-09,Dominica,Jamaica,2,3,World Cup qualifier,Dominica,False
2024-06-09,El Salvador,St Vincent & Grenadines,3,1,World Cup qualifier,Suriname,True
2024-06-09,Grenada,Costa Rica,0,3,World Cup qualifier,Grenada,False
2024-06-09,DR Congo,Togo,1,0,World Cup qualifier,DR Congo,False
2024-06-09,Italy,Bosnia and Herzegovina,1,0,Friendly,Italy,False
2024-06-09,Mauritania,Senegal,0,1,World Cup qualifier,Mauritania,False
2024-06-09,Namibia,Tunisia,0,0,World Cup qualifier,South Africa,True
2024-06-09,Argentina,Ecuador,1,0,Friendly,United States,True
2024-06-09,France,Canada,0,0,Friendly,France,False
2024-06-09,Montenegro,Georgia,1,3,Friendly,Montenegro,False
2024-06-09,Slovakia,Wales,4,0,Friendly,Slovakia,False
2024-06-09,Liberia,Sao Tome and Principe,1,0,World Cup qualifier,Morocco,True
2024-06-09,Barbados,Haiti,1,3,World Cup qualifier,Barbados,False
2024-06-09,Montserrat,Panama,1,3,World Cup qualifier,Montserrat,False
2024-06-10,Botswana,Somalia,3,1,World Cup qualifier,Mozambique,True
2024-06-10,Burkina Faso,Sierra Leone,2,2,World Cup qualifier,Mali,True
2024-06-10,Equatorial Guinea,Malawi,1,0,World Cup qualifier,Equatorial Guinea,False
2024-06-10,Ghana,Central African Republic,4,3,World Cup qualifier,Ghana,False
2024-06-10,Czechia,North Macedonia,2,1,Friendly,Czechia,False
2024-06-10,Mozambique,Guinea,1,0,World Cup qualifier,Morocco,True
2024-06-10,Uganda,Algeria,1,2,World Cup qualifier,Uganda,False
2024-06-10,Netherlands,Iceland,4,0,Friendly,Netherlands,False
2024-06-10,Poland,Turkey,2,1,Friendly,Poland,False
2024-06-10,Guinea-Bissau,Egypt,1,1,World Cup qualifier,Guinea-Bissau,False
2024-06-10,Benin,Nigeria,2,1,World Cup qualifier,Ivory Coast,True
2024-06-08,Trinidad and Tobago,Bahamas,7,1,World Cup qualifier,Saint Kitts and Nevis,True
2024-06-09,Panama,Montserrat,3,1,World Cup qualifier,Nicaragua,True
2024-06-11,Iran,Uzbekistan,0,0,World Cup and Asian Cup qual,Iran,False
2024-06-11,Indonesia,Philippines,2,0,World Cup and Asian Cup qual,Indonesia,False
2024-06-11,Australia,Palestine,5,0,World Cup and Asian Cup qual,Australia,False
2024-06-11,Zambia,Tanzania,0,1,World Cup qualifier,Zambia,False
2024-06-11,South Sudan,Sudan,0,3,World Cup qualifier,South Sudan,False
2024-06-11,South Africa,Zimbabwe,3,1,World Cup qualifier,South Africa,False
2024-06-11,Rwanda,Lesotho,1,0,World Cup qualifier,South Africa,True
2024-06-11,Morocco,Congo,6,0,World Cup qualifier,Morocco,False
2024-06-11,Mauritius,Eswatini,2,1,World Cup qualifier,Mauritius,False
2024-06-11,Madagascar,Mali,0,0,World Cup qualifier,South Africa,True
2024-06-11,Gabon,Gambia,3,2,World Cup qualifier,Gabon,False
2024-06-11,Comoros,Chad,2,0,World Cup qualifier,Morocco,True
2024-06-11,Cape Verde,Libya,1,0,World Cup qualifier,Cape Verde,False
2024-06-11,Burundi,Seychelles,3,1,World Cup qualifier,Morocco,True
2024-06-11,Angola,Cameroon,1,1,World Cup qualifier,Angola,False
2024-06-11,Saint Kitts and Nevis,Bahamas,1,0,World Cup qualifier,Saint Kitts and Nevis,False
2024-06-11,Puerto Rico,Anguilla,8,0,World Cup qualifier,Puerto Rico,False
2024-06-11,Guyana,Belize,3,1,World Cup qualifier,Barbados,True
2024-06-11,Dominican Republic,British Virgin Islands,4,0,World Cup qualifier,Dominican Republic,False
2024-06-11,Iraq,Vietnam,3,1,World Cup and Asian Cup qual,Iraq,False
2024-06-11,Ivory Coast,Kenya,0,0,World Cup qualifier,Malawi,True
2024-06-11,Japan,Syria,5,0,World Cup and Asian Cup qual,Japan,False
2024-06-11,Israel,Belarus,4,0,Friendly,Hungary,True
2024-06-11,Lebanon,Bangladesh,4,0,World Cup and Asian Cup qual,Qatar,True
2024-06-11,San Marino,Cyprus,1,4,Friendly,San Marino,False
2024-06-11,Portugal,Ireland,3,0,Friendly,Portugal,False
2024-06-11,Northern Ireland,Andorra,2,0,Friendly,Spain,True
2024-06-11,Mongolia,Cambodia,2,1,Friendly,Mongolia,False
2024-06-11,Moldova,Ukraine,0,4,Friendly,Moldova,False
2024-06-11,Greece,Malta,2,0,Friendly,Austria,True
2024-06-11,Brunei,Sri Lanka,1,0,Friendly,Brunei,False
2024-06-11,Azerbaijan,Kazakhstan,3,2,Friendly,Hungary,True
2024-06-11,Lithuania,Estonia,1,1,Baltic Cup,Lithuania,False
2024-06-11,Latvia,Faroe Islands,1,0,Baltic Cup,Latvia,False
2024-06-11,United Arab Emirates,Bahrain,1,1,World Cup and Asian Cup qual,United Arab Emirates,False
2024-06-11,Turkmenistan,Hong Kong,0,0,World Cup and Asian Cup qual,Turkmenistan,False
2024-06-11,Thailand,Singapore,3,1,World Cup and Asian Cup qual,Thailand,False
2024-06-11,Tajikistan,Pakistan,3,0,World Cup and Asian Cup qual,Tajikistan,False
2024-06-11,South Korea,China,1,0,World Cup and Asian Cup qual,South Korea,False
2024-06-11,Saudi Arabia,Jordan,1,2,World Cup and Asian Cup qual,Saudi Arabia,False
2024-06-11,Qatar,India,2,1,World Cup and Asian Cup qual,Qatar,False
2024-06-11,Oman,Kyrgyzstan,1,1,World Cup and Asian Cup qual,Oman,False
2024-06-11,North Korea,Myanmar,4,1,World Cup and Asian Cup qual,Laos,True
2024-06-11,Nepal,Yemen,2,2,World Cup and Asian Cup qual,Saudi Arabia,True
2024-06-11,Malaysia,Taiwan,3,1,World Cup and Asian Cup qual,Malaysia,False
2024-06-11,Kuwait,Afghanistan,1,0,World Cup and Asian Cup qual,Kuwait,False
2024-06-11,Aruba,Saint Lucia,2,2,World Cup qualifier,Barbados,True
2024-06-11,Chile,Paraguay,3,0,Friendly,Chile,False
2024-06-12,United States,Brazil,1,1,Friendly,United States,False
2024-06-12,Ecuador,Bolivia,3,1,Friendly,United States,True
2024-06-14,Germany,Scotland,5,1,European Championship,Germany,False
2024-06-14,Peru,El Salvador,1,0,Friendly,United States,True
2024-06-14,Argentina,Guatemala,4,1,Friendly,United States,True
2024-06-15,Colombia,Bolivia,3,0,Friendly,United States,True
2024-06-15,Vanuatu,Solomon Islands,1,0,Oceania Nations Cup,Vanuatu,False
2024-06-15,Switzerland,Hungary,3,1,European Championship,Germany,True
2024-06-15,Spain,Croatia,3,0,European Championship,Germany,True
2024-06-15,Italy,Albania,2,1,European Championship,Germany,True
2024-06-16,Panama,Paraguay,0,1,Friendly,Panama,False
2024-06-16,Ecuador,Honduras,2,1,Friendly,United States,True
2024-06-16,Tahiti,Samoa,2,0,Oceania Nations Cup,Fiji,True
2024-06-16,Fiji,Papua New Guinea,5,1,Oceania Nations Cup,Fiji,False
2024-06-16,Netherlands,Poland,2,1,European Championship,Germany,True
2024-06-16,England,Serbia,1,0,European Championship,Germany,True
2024-06-16,Denmark,Slovenia,1,1,European Championship,Germany,True
2024-06-17,Slovakia,Belgium,1,0,European Championship,Germany,True
2024-06-17,Romania,Ukraine,3,0,European Championship,Germany,True
2024-06-17,France,Austria,1,0,European Championship,Germany,True
2024-06-18,New Zealand,Solomon Islands,3,0,Oceania Nations Cup,Vanuatu,True
2024-06-18,Turkey,Georgia,3,1,European Championship,Germany,True
2024-06-18,Portugal,Czechia,2,1,European Championship,Germany,True
2024-06-19,Papua New Guinea,Tahiti,1,1,Oceania Nations Cup,Fiji,True
2024-06-19,Fiji,Samoa,9,1,Oceania Nations Cup,Fiji,False
2024-06-19,Scotland,Switzerland,1,1,European Championship,Germany,True
2024-06-19,Germany,Hungary,2,0,European Championship,Germany,False
2024-06-19,Albania,Croatia,2,2,European Championship,Germany,True
2024-06-20,Spain,Italy,1,0,European Championship,Germany,True
2024-06-20,Serbia,Slovenia,1,1,European Championship,Germany,True
2024-06-20,Denmark,England,1,1,European Championship,Germany,True
2024-06-20,Argentina,Canada,2,0,Copa América,United States,True
2024-06-21,Vanuatu,New Zealand,0,4,Oceania Nations Cup,Vanuatu,False
2024-06-21,Ukraine,Slovakia,2,1,European Championship,Germany,True
2024-06-21,France,Netherlands,0,0,European Championship,Germany,True
2024-06-21,Austria,Poland,3,1,European Championship,Germany,True
2024-06-21,Chile,Peru,0,0,Copa América,United States,True
2024-06-22,Papua New Guinea,Samoa,2,1,Oceania Nations Cup,Fiji,True
2024-06-22,Fiji,Tahiti,1,0,Oceania Nations Cup,Fiji,False
2024-06-22,Portugal,Turkey,3,0,European Championship,Germany,True
2024-06-22,Czechia,Georgia,1,1,European Championship,Germany,True
2024-06-22,Belgium,Romania,2,0,European Championship,Germany,True
2024-06-22,Venezuela,Ecuador,2,1,Copa América,United States,True
2024-06-22,Mexico,Jamaica,1,0,Copa América,United States,True
2024-06-23,Hungary,Scotland,1,0,European Championship,Germany,True
2024-06-23,Germany,Switzerland,1,1,European Championship,Germany,False
2024-06-23,United States,Bolivia,2,0,Copa América,United States,False
2024-06-23,Uruguay,Panama,3,1,Copa América,United States,True
2024-06-24,Spain,Albania,1,0,European Championship,Germany,True
2024-06-24,Croatia,Italy,1,1,European Championship,Germany,True
2024-06-24,Colombia,Paraguay,2,1,Copa América,United States,True
2024-06-24,Brazil,Costa Rica,0,0,Copa América,United States,True
2024-06-25,France,Poland,1,1,European Championship,Germany,True
2024-06-25,England,Slovenia,0,0,European Championship,Germany,True
2024-06-25,Denmark,Serbia,0,0,European Championship,Germany,True
2024-06-25,Austria,Netherlands,3,2,European Championship,Germany,True
2024-06-25,Canada,Peru,1,0,Copa América,United States,True
2024-06-25,Argentina,Chile,1,0,Copa América,United States,True
2024-06-26,South Africa,Mozambique,1,1,COSAFA Cup,South Africa,False
2024-06-26,Botswana,Eswatini,0,0,COSAFA Cup,South Africa,True
2024-06-26,Turkey,Czechia,2,1,European Championship,Germany,True
2024-06-26,Romania,Slovakia,1,1,European Championship,Germany,True
2024-06-26,Georgia,Portugal,2,0,European Championship,Germany,True
2024-06-26,Belgium,Ukraine,0,0,European Championship,Germany,True
2024-06-26,Ecuador,Jamaica,3,1,Copa América,United States,True
2024-06-26,Venezuela,Mexico,1,0,Copa América,United States,True
2024-06-27,Zimbabwe,Comoros,1,0,COSAFA Cup,South Africa,True
2024-06-27,Kenya,Zambia,2,0,COSAFA Cup,South Africa,True
2024-06-27,Vanuatu,Fiji,2,1,Oceania Nations Cup,Vanuatu,False
2024-06-27,New Zealand,Tahiti,5,0,Oceania Nations Cup,Vanuatu,True
2024-06-27,United States,Panama,1,2,Copa América,United States,False
2024-06-27,Uruguay,Bolivia,5,0,Copa América,United States,True
2024-06-28,Lesotho,Seychelles,1,1,COSAFA Cup,South Africa,True
2024-06-28,Angola,Namibia,0,0,COSAFA Cup,South Africa,True
2024-06-28,Colombia,Costa Rica,3,0,Copa América,United States,True
2024-06-28,Brazil,Paraguay,4,1,Copa América,United States,True
2024-06-29,South Africa,Botswana,0,0,COSAFA Cup,South Africa,False
2024-06-29,Eswatini,Mozambique,0,0,COSAFA Cup,South Africa,True
2024-06-29,Switzerland,Italy,2,0,European Championship,Germany,True
2024-06-29,Germany,Denmark,2,0,European Championship,Germany,False
2024-06-29,Canada,Chile,0,0,Copa América,United States,True
2024-06-29,Argentina,Peru,2,0,Copa América,United States,True
2024-06-30,Tahiti,Fiji,2,1,Oceania Nations Cup,Vanuatu,True
2024-06-30,Vanuatu,New Zealand,0,3,Oceania Nations Cup,Vanuatu,False
2024-06-30,Zimbabwe,Zambia,2,0,COSAFA Cup,South Africa,True
2024-06-30,Comoros,Kenya,2,0,COSAFA Cup,South Africa,True
2024-06-30,Spain,Georgia,4,1,European Championship,Germany,True
2024-06-30,England,Slovakia,2,1,European Championship,Germany,True
2024-06-30,Venezuela,Jamaica,3,0,Copa América,United States,True
2024-06-30,Ecuador,Mexico,0,0,Copa América,United States,True
2024-07-01,Namibia,Lesotho,2,1,COSAFA Cup,South Africa,True
2024-07-01,Angola,Seychelles,3,2,COSAFA Cup,South Africa,True
2024-07-01,Portugal,Slovenia,0,0,European Championship,Germany,True
2024-07-01,France,Belgium,1,0,European Championship,Germany,True
2024-07-01,United States,Uruguay,0,1,Copa América,United States,False
2024-07-01,Panama,Bolivia,3,1,Copa América,United States,True
2024-07-02,South Africa,Eswatini,1,0,COSAFA Cup,South Africa,False
2024-07-02,Mozambique,Botswana,3,1,COSAFA Cup,South Africa,True
2024-07-02,Kenya,Zimbabwe,2,0,COSAFA Cup,South Africa,True
2024-07-02,Comoros,Zambia,1,0,COSAFA Cup,South Africa,True
2024-07-02,Turkey,Austria,2,1,European Championship,Germany,True
2024-07-02,Netherlands,Romania,3,0,European Championship,Germany,True
2024-07-02,Brazil,Colombia,1,1,Copa América,United States,True
2024-07-02,Costa Rica,Paraguay,2,1,Copa América,United States,True
2024-07-03,Namibia,Seychelles,3,1,COSAFA Cup,South Africa,True
2024-07-03,Angola,Lesotho,3,1,COSAFA Cup,South Africa,True
2024-07-04,Argentina,Ecuador,1,1,Copa América,United States,True
2024-07-05,Mozambique,Namibia,0,0,COSAFA Cup,South Africa,True
2024-07-05,Angola,Comoros,2,1,COSAFA Cup,South Africa,True
2024-07-05,Germany,Spain,1,2,European Championship,Germany,False
2024-07-05,France,Portugal,0,0,European Championship,Germany,True
2024-07-05,Canada,Venezuela,1,1,Copa América,United States,True
2024-07-06,Netherlands,Turkey,2,1,European Championship,Germany,True
2024-07-06,England,Switzerland,1,1,European Championship,Germany,True
2024-07-06,Colombia,Panama,5,0,Copa América,United States,True
2024-07-06,Brazil,Uruguay,0,0,Copa América,United States,True
2024-07-07,Comoros,Mozambique,2,2,COSAFA Cup,South Africa,True
2024-07-07,Angola,Namibia,5,0,COSAFA Cup,South Africa,True
2024-07-09,Spain,France,2,1,European Championship,Germany,True
2024-07-09,Argentina,Canada,2,0,Copa América,United States,True
2024-07-10,England,Netherlands,2,1,European Championship,Germany,True
2024-07-10,Colombia,Uruguay,1,0,Copa América,United States,True
2024-07-13,Canada,Uruguay,2,2,Copa América,United States,True
2024-07-14,Spain,England,2,1,European Championship,Germany,True
2024-07-14,Argentina,Colombia,1,0,Copa América,United States,True
2024-07-27,El Salvador,Guatemala,1,0,Friendly,United States,True
2024-08-17,Anguilla,Saint Martin,0,0,Friendly,Anguilla,False
2024-08-27,Jordan,North Korea,0,0,Friendly,Jordan,False
2024-08-29,Jordan,North Korea,2,1,Friendly,Jordan,False
2024-08-31,Libya,Botswana,1,0,Friendly,Libya,False
2024-09-01,Guatemala,Uruguay,1,1,Friendly,United States,True
2024-09-02,Fiji,Solomon Islands,1,0,Friendly tournament,Fiji,False
2024-09-03,India,Mauritius,0,0,Friendly tournament,India,False
2024-09-04,British Virgin Islands,Cayman Islands,0,1,CONCACAF Nations League C,British Virgin Islands,False
2024-09-04,US Virgin Islands,Bahamas,3,3,CONCACAF Nations League C,US Virgin Islands,False
2024-09-04,Comoros,Gambia,1,1,African Nations Cup qualifier,Morocco,True
2024-09-04,Libya,Rwanda,1,1,African Nations Cup qualifier,Libya,False
2024-09-04,Gibraltar,Andorra,1,0,Friendly,Gibraltar,False
2024-09-04,Tanzania,Ethiopia,0,0,African Nations Cup qualifier,Tanzania,False
2024-09-04,Lebanon,Tajikistan,1,0,Independence Tournament,Malaysia,True
2024-09-04,Malaysia,Philippines,2,1,Independence Tournament,Malaysia,False
2024-09-04,Sudan,Niger,1,0,African Nations Cup qualifier,South Sudan,True
2024-09-04,Anguilla,Turks and Caicos Islands,2,0,CONCACAF Nations League C,Anguilla,False
2024-09-04,Turks and Caicos Islands,Anguilla,0,2,CONCACAF Nations League C,Turks and Caicos Islands,False
2024-09-04,Cayman Islands,British Virgin Islands,1,0,CONCACAF Nations League C,Cayman Islands,False
2024-09-05,Central African Republic,Lesotho,3,1,African Nations Cup qualifier,Morocco,True
2024-09-05,Algeria,Equatorial Guinea,2,0,African Nations Cup qualifier,Algeria,False
2024-09-05,San Marino,Liechtenstein,1,0,European Nations League D,San Marino,False
2024-09-05,Northern Ireland,Luxembourg,2,0,European Nations League C,Northern Ireland,False
2024-09-05,Estonia,Slovakia,0,1,European Nations League C,Estonia,False
2024-09-05,Belarus,Bulgaria,0,0,European Nations League C,Hungary,True
2024-09-05,Denmark,Switzerland,2,0,European Nations League A,Denmark,False
2024-09-05,Serbia,Spain,0,0,European Nations League A,Serbia,False
2024-09-05,Scotland,Poland,2,3,European Nations League A,Scotland,False
2024-09-05,Portugal,Croatia,2,1,European Nations League A,Portugal,False
2024-09-05,Congo,South Sudan,1,0,African Nations Cup qualifier,Congo,False
2024-09-05,El Salvador,Montserrat,4,1,CONCACAF Nations League B,Bonaire,True
2024-09-05,Guyana,Suriname,1,3,CONCACAF Nations League A,Guyana,False
2024-09-05,Bolivia,Venezuela,4,0,World Cup qualifier,Bolivia,False
2024-09-05,Azerbaijan,Sweden,1,3,European Nations League C,Azerbaijan,False
2024-09-05,Ghana,Angola,0,1,African Nations Cup qualifier,Ghana,False
2024-09-05,Iran,Kyrgyzstan,1,0,World Cup qualifier,Iran,False
2024-09-05,Malawi,Burundi,2,3,African Nations Cup qualifier,Malawi,False
2024-09-05,Bhutan,Bangladesh,0,1,Friendly,Bhutan,False
2024-09-05,Vietnam,Russia,0,3,Friendly tournament,Vietnam,False
2024-09-05,Sri Lanka,Cambodia,0,0,Asian Cup qualifier,Sri Lanka,False
2024-09-05,Hong Kong,Solomon Islands,3,0,Friendly tournament,Fiji,True
2024-09-05,East Timor,Mongolia,4,1,Asian Cup qualifier,Indonesia,True
2024-09-05,Uzbekistan,North Korea,1,0,World Cup qualifier,Uzbekistan,False
2024-09-05,Guinea-Bissau,Eswatini,1,0,African Nations Cup qualifier,Guinea-Bissau,False
2024-09-05,South Korea,Palestine,0,0,World Cup qualifier,South Korea,False
2024-09-05,Qatar,United Arab Emirates,1,3,World Cup qualifier,Qatar,False
2024-09-05,Jordan,Kuwait,1,1,World Cup qualifier,Jordan,False
2024-09-05,Japan,China,7,0,World Cup qualifier,Japan,False
2024-09-05,Iraq,Oman,1,0,World Cup qualifier,Iraq,False
2024-09-05,Australia,Bahrain,0,1,World Cup qualifier,Australia,False
2024-09-05,Tunisia,Madagascar,1,0,African Nations Cup qualifier,Tunisia,False
2024-09-05,Saudi Arabia,Indonesia,1,1,World Cup qualifier,Saudi Arabia,False
2024-09-06,Tonga,Cook Islands,3,1,World Cup qualifier,Samoa,True
2024-09-05,Bonaire,St Vincent & Grenadines,1,1,CONCACAF Nations League B,Bonaire,False
2024-09-05,Guatemala,Martinique,3,1,CONCACAF Nations League A,Guatemala,False
2024-09-05,Costa Rica,Guadeloupe,3,0,CONCACAF Nations League A,Costa Rica,False
2024-09-05,Argentina,Chile,3,0,World Cup qualifier,Argentina,False
2024-09-06,Slovenia,Austria,1,1,European Nations League B,Slovenia,False
2024-09-06,Lithuania,Cyprus,0,1,European Nations League C,Lithuania,False
2024-09-06,Kosovo,Romania,0,3,European Nations League C,Kosovo,False
2024-09-06,Kazakhstan,Norway,0,0,European Nations League B,Kazakhstan,False
2024-09-06,Iceland,Montenegro,2,0,European Nations League B,Iceland,False
2024-09-06,Sint Maarten,Aruba,2,0,CONCACAF Nations League B,Puerto Rico,True
2024-09-06,Belgium,Israel,3,1,European Nations League A,Hungary,True
2024-09-06,Saint Lucia,Curaçao,2,1,CONCACAF Nations League B,Grenada,True
2024-09-06,French Guiana,Nicaragua,0,1,CONCACAF Nations League A,French Guiana,False
2024-09-06,Wales,Turkey,0,0,European Nations League B,Wales,False
2024-09-06,France,Italy,1,3,European Nations League A,France,False
2024-09-06,Chad,Sierra Leone,0,0,African Nations Cup qualifier,Liberia,True
2024-09-06,Togo,Liberia,1,1,African Nations Cup qualifier,Togo,False
2024-09-06,Egypt,Cape Verde,3,0,African Nations Cup qualifier,Egypt,False
2024-09-06,Ivory Coast,Zambia,2,0,African Nations Cup qualifier,Ivory Coast,False
2024-09-06,Kenya,Zimbabwe,0,0,African Nations Cup qualifier,Uganda,True
2024-09-06,Mali,Mozambique,1,1,African Nations Cup qualifier,Mali,False
2024-09-06,Morocco,Gabon,4,1,African Nations Cup qualifier,Morocco,False
2024-09-06,Senegal,Burkina Faso,1,1,African Nations Cup qualifier,Senegal,False
2024-09-06,South Africa,Uganda,2,2,African Nations Cup qualifier,South Africa,False
2024-09-06,Brunei,Macao,3,0,Asian Cup qualifier,Brunei,False
2024-09-06,Samoa,Eastern Samoa,2,0,World Cup qualifier,Samoa,False
2024-09-06,Syria,Mauritius,2,0,Friendly tournament,India,True
2024-09-06,DR Congo,Guinea,1,0,African Nations Cup qualifier,DR Congo,False
2024-09-06,Uruguay,Paraguay,0,0,World Cup qualifier,Uruguay,False
2024-09-06,Grenada,Saint Martin,2,0,CONCACAF Nations League B,Grenada,False
2024-09-06,Jamaica,Cuba,0,0,CONCACAF Nations League A,Jamaica,False
2024-09-06,Honduras,Trinidad and Tobago,4,0,CONCACAF Nations League A,Honduras,False
2024-09-06,Peru,Colombia,1,1,World Cup qualifier,Peru,False
2024-09-06,Brazil,Ecuador,1,0,World Cup qualifier,Brazil,False
2024-09-06,Puerto Rico,Haiti,1,4,CONCACAF Nations League B,Puerto Rico,False
2024-09-07,Albania,Ukraine,2,1,European Nations League B,Czechia,True
2024-09-07,Dominican Republic,Bermuda,3,2,CONCACAF Nations League B,Antigua and Barbuda,True
2024-09-07,Barbados,Bahamas,3,2,CONCACAF Nations League C,US Virgin Islands,True
2024-09-07,Cayman Islands,Saint Kitts and Nevis,1,4,CONCACAF Nations League C,Cayman Islands,False
2024-09-07,Turks and Caicos Islands,Belize,0,4,CONCACAF Nations League C,Turks and Caicos Islands,False
2024-09-07,Germany,Hungary,5,0,European Nations League A,Germany,False
2024-09-07,Netherlands,Bosnia and Herzegovina,5,2,European Nations League A,Netherlands,False
2024-09-07,Georgia,Czechia,4,1,European Nations League B,Georgia,False
2024-09-07,Nigeria,Benin,3,0,African Nations Cup qualifier,Nigeria,False
2024-09-07,Ireland,England,0,2,European Nations League B,Ireland,False
2024-09-07,Armenia,Latvia,4,1,European Nations League C,Armenia,False
2024-09-07,Faroe Islands,North Macedonia,1,1,European Nations League C,Faroe Islands,False
2024-09-07,Moldova,Malta,2,0,European Nations League D,Moldova,False
2024-09-07,Cameroon,Namibia,1,0,African Nations Cup qualifier,Cameroon,False
2024-09-07,Mauritania,Botswana,1,0,African Nations Cup qualifier,Mauritania,False
2024-09-07,United States,Canada,1,2,Friendly,United States,False
2024-09-07,Greece,Finland,3,0,European Nations League B,Greece,False
2024-09-07,Antigua and Barbuda,Dominica,1,2,CONCACAF Nations League B,Antigua and Barbuda,False
2024-09-07,Mexico,New Zealand,3,0,Friendly,United States,True
2024-09-08,Bulgaria,Northern Ireland,1,0,European Nations League C,Bulgaria,False
2024-09-08,St Vincent & Grenadines,Montserrat,2,0,CONCACAF Nations League B,Bonaire,True
2024-09-08,Croatia,Poland,1,0,European Nations League A,Croatia,False
2024-09-08,Denmark,Serbia,2,0,European Nations League A,Denmark,False
2024-09-08,Portugal,Scotland,2,1,European Nations League A,Portugal,False
2024-09-08,Switzerland,Spain,1,4,European Nations League A,Switzerland,False
2024-09-08,Luxembourg,Belarus,0,1,European Nations League C,Luxembourg,False
2024-09-08,Malaysia,Lebanon,1,0,Independence Tournament,Malaysia,False
2024-09-08,Sweden,Estonia,3,0,European Nations League C,Sweden,False
2024-09-08,Gibraltar,Liechtenstein,2,2,European Nations League D,Gibraltar,False
2024-09-08,Gambia,Tunisia,1,2,African Nations Cup qualifier,Morocco,True
2024-09-08,Philippines,Tajikistan,0,0,Independence Tournament,Malaysia,True
2024-09-08,Bhutan,Bangladesh,1,0,Friendly,Bhutan,False
2024-09-08,Fiji,Hong Kong,1,1,Friendly tournament,Fiji,False
2024-09-08,Slovakia,Azerbaijan,2,0,European Nations League C,Slovakia,False
2024-09-09,Eastern Samoa,Cook Islands,2,1,Friendly,Samoa,True
2024-09-08,Bonaire,El Salvador,1,2,CONCACAF Nations League B,Bonaire,False
2024-09-09,Slovenia,Kazakhstan,3,0,European Nations League B,Slovenia,False
2024-09-09,Norway,Austria,2,1,European Nations League B,Norway,False
2024-09-09,Montenegro,Wales,1,2,European Nations League B,Montenegro,False
2024-09-09,Curaçao,Saint Martin,4,0,CONCACAF Nations League B,Grenada,True
2024-09-09,France,Belgium,2,0,European Nations League A,France,False
2024-09-09,Haiti,Sint Maarten,6,0,CONCACAF Nations League B,Puerto Rico,True
2024-09-09,Turkey,Iceland,3,1,European Nations League B,Turkey,False
2024-09-09,Martinique,Guyana,2,2,CONCACAF Nations League A,Martinique,False
2024-09-09,Italy,Israel,2,1,European Nations League A,Hungary,True
2024-09-09,Romania,Lithuania,3,1,European Nations League C,Romania,False
2024-09-09,DR Congo,Ethiopia,2,0,African Nations Cup qualifier,Tanzania,True
2024-09-09,Angola,Sudan,2,1,African Nations Cup qualifier,Angola,False
2024-09-09,Comoros,Madagascar,1,1,African Nations Cup qualifier,Morocco,True
2024-09-09,Equatorial Guinea,Togo,2,2,African Nations Cup qualifier,Equatorial Guinea,False
2024-09-09,Ghana,Niger,1,1,African Nations Cup qualifier,Morocco,True
2024-09-09,Morocco,Lesotho,1,0,African Nations Cup qualifier,Morocco,False
2024-09-09,Senegal,Burundi,1,0,African Nations Cup qualifier,Malawi,True
2024-09-09,Uganda,Congo,2,0,African Nations Cup qualifier,Uganda,False
2024-09-09,Samoa,Tonga,2,1,World Cup qualifier,Samoa,False
2024-09-09,India,Syria,0,3,Friendly tournament,India,False
2024-09-09,Cyprus,Kosovo,0,4,European Nations League C,Cyprus,False
2024-09-09,Guadeloupe,Suriname,1,0,CONCACAF Nations League A,Guadeloupe,False
2024-09-09,Guatemala,Costa Rica,0,0,CONCACAF Nations League A,Guatemala,False
2024-09-09,Grenada,Saint Lucia,1,2,CONCACAF Nations League B,Grenada,False
2024-09-09,Puerto Rico,Aruba,1,0,CONCACAF Nations League B,Puerto Rico,False
2024-09-09,Comoros,Madagascar,1,1,African Nations Cup qualifier,Tunisia,True
2024-09-10,Czechia,Ukraine,3,2,European Nations League B,Czechia,False
2024-09-10,Indonesia,Australia,0,0,World Cup qualifier,Indonesia,False
2024-09-10,China,Saudi Arabia,1,2,World Cup qualifier,China,False
2024-09-10,Bahrain,Japan,0,5,World Cup qualifier,Bahrain,False
2024-09-10,Andorra,Malta,0,1,European Nations League D,Andorra,False
2024-09-10,North Macedonia,Armenia,2,0,European Nations League C,North Macedonia,False
2024-09-10,Latvia,Faroe Islands,1,0,European Nations League C,Latvia,False
2024-09-10,Ireland,Greece,0,2,European Nations League B,Ireland,False
2024-09-10,England,Finland,2,0,European Nations League B,England,False
2024-09-10,Albania,Georgia,0,1,European Nations League B,Albania,False
2024-09-10,Dominican Republic,Dominica,2,0,CONCACAF Nations League B,Antigua and Barbuda,True
2024-09-10,Hungary,Bosnia and Herzegovina,0,0,European Nations League A,Hungary,False
2024-09-10,US Virgin Islands,Barbados,0,3,CONCACAF Nations League C,US Virgin Islands,False
2024-09-10,Saint Kitts and Nevis,British Virgin Islands,2,0,CONCACAF Nations League C,Cayman Islands,True
2024-09-10,Belize,Anguilla,1,0,CONCACAF Nations League C,Turks and Caicos Islands,True
2024-09-10,Jordan,Palestine,3,1,World Cup qualifier,Malaysia,True
2024-09-10,Antigua and Barbuda,Bermuda,0,1,CONCACAF Nations League B,Antigua and Barbuda,False
2024-09-10,Trinidad and Tobago,French Guiana,0,0,CONCACAF Nations League A,Trinidad and Tobago,False
2024-09-10,Cuba,Nicaragua,1,1,CONCACAF Nations League A,Cuba,False
2024-09-10,Venezuela,Uruguay,0,0,World Cup qualifier,Venezuela,False
2024-09-10,Ecuador,Peru,1,0,World Cup qualifier,Ecuador,False
2024-09-10,Colombia,Argentina,2,1,World Cup qualifier,Colombia,False
2024-09-10,Netherlands,Germany,2,2,European Nations League A,Netherlands,False
2024-09-10,Kuwait,Iraq,0,0,World Cup qualifier,Kuwait,False
2024-09-10,Macao,Brunei,0,1,Asian Cup qualifier,Macao,False
2024-09-10,North Korea,Qatar,2,2,World Cup qualifier,Laos,True
2024-09-10,Vietnam,Thailand,1,2,Friendly tournament,Vietnam,False
2024-09-10,United States,New Zealand,1,1,Friendly,United States,False
2024-09-10,Moldova,San Marino,1,0,Friendly,Moldova,False
2024-09-10,Zambia,Sierra Leone,3,2,African Nations Cup qualifier,Zambia,False
2024-09-10,South Sudan,South Africa,2,3,African Nations Cup qualifier,South Sudan,False
2024-09-10,Rwanda,Nigeria,0,0,African Nations Cup qualifier,Rwanda,False
2024-09-10,Mozambique,Guinea-Bissau,2,1,African Nations Cup qualifier,Mozambique,False
2024-09-10,Mali,Eswatini,1,0,African Nations Cup qualifier,South Africa,True
2024-09-10,Liberia,Algeria,0,3,African Nations Cup qualifier,Liberia,False
2024-09-10,Kenya,Namibia,2,1,African Nations Cup qualifier,South Africa,True
2024-09-10,Kyrgyzstan,Uzbekistan,2,3,World Cup qualifier,Kyrgyzstan,False
2024-09-10,Ivory Coast,Chad,2,0,African Nations Cup qualifier,Cameroon,True
2024-09-10,Gabon,Central African Republic,2,0,African Nations Cup qualifier,Gabon,False
2024-09-10,Cape Verde,Mauritania,2,0,African Nations Cup qualifier,Cape Verde,False
2024-09-10,Cameroon,Zimbabwe,0,0,African Nations Cup qualifier,Uganda,True
2024-09-10,Burkina Faso,Malawi,3,1,African Nations Cup qualifier,Mali,True
2024-09-10,Botswana,Egypt,0,4,African Nations Cup qualifier,Botswana,False
2024-09-10,Benin,Libya,2,1,African Nations Cup qualifier,Ivory Coast,True
2024-09-10,Mongolia,East Timor,2,0,Asian Cup qualifier,Mongolia,False
2024-09-10,Cambodia,Sri Lanka,2,2,Asian Cup qualifier,Cambodia,False
2024-09-10,United Arab Emirates,Iran,0,1,World Cup qualifier,United Arab Emirates,False
2024-09-10,Oman,South Korea,1,3,World Cup qualifier,Oman,False
2024-09-10,Guinea,Tanzania,1,2,African Nations Cup qualifier,Ivory Coast,True
2024-09-10,Chile,Bolivia,1,2,World Cup qualifier,Chile,False
2024-09-10,Honduras,Jamaica,1,2,CONCACAF Nations League A,Honduras,False
2024-09-10,Paraguay,Brazil,1,0,World Cup qualifier,Paraguay,False
2024-09-10,Canada,Mexico,0,0,Friendly,United States,True
2024-10-08,Brunei,East Timor,0,1,Southeast Asian Champ qual,Brunei,False
2024-10-09,Saint Kitts and Nevis,British Virgin Islands,3,1,CONCACAF Nations League C,Saint Kitts and Nevis,False
2024-10-09,Belize,Anguilla,1,0,CONCACAF Nations League C,Belize,False
2024-10-09,Barbados,US Virgin Islands,5,0,CONCACAF Nations League C,Barbados,False
2024-10-10,England,Greece,1,2,European Nations League B,England,False
2024-10-10,Latvia,North Macedonia,0,3,European Nations League C,Latvia,False
2024-10-10,Faroe Islands,Armenia,2,2,European Nations League C,Faroe Islands,False
2024-10-10,Gibraltar,San Marino,1,0,European Nations League D,Gibraltar,False
2024-10-10,Norway,Slovenia,3,0,European Nations League B,Norway,False
2024-10-10,Finland,Ireland,1,2,European Nations League B,Finland,False
2024-10-10,Austria,Kazakhstan,4,0,European Nations League B,Austria,False
2024-10-10,Ecuador,Paraguay,0,0,World Cup qualifier,Ecuador,False
2024-10-10,France,Israel,4,1,European Nations League A,Hungary,True
2024-10-10,Montserrat,Bonaire,1,0,CONCACAF Nations League B,St Vincent & Grenadines,True
2024-10-10,French Guiana,Honduras,2,3,CONCACAF Nations League A,French Guiana,False
2024-10-10,Cuba,Trinidad and Tobago,2,2,CONCACAF Nations League A,Cuba,False
2024-10-10,Venezuela,Argentina,1,1,World Cup qualifier,Venezuela,False
2024-10-10,Moldova,Andorra,2,0,European Nations League D,Moldova,False
2024-10-10,Italy,Belgium,2,2,European Nations League A,Italy,False
2024-10-10,Algeria,Togo,5,1,African Nations Cup qualifier,Algeria,False
2024-10-10,Fiji,Solomon Islands,1,0,World Cup qualifier,Fiji,False
2024-10-10,Cape Verde,Botswana,0,1,African Nations Cup qualifier,Cape Verde,False
2024-10-10,Myanmar,Sri Lanka,2,0,Friendly,Myanmar,False
2024-10-10,Liechtenstein,Hong Kong,1,0,Friendly,Liechtenstein,False
2024-10-10,New Caledonia,Papua New Guinea,3,1,World Cup qualifier,Fiji,True
2024-10-10,Uzbekistan,Iran,0,0,World Cup qualifier,Uzbekistan,False
2024-10-10,United Arab Emirates,North Korea,1,1,World Cup qualifier,United Arab Emirates,False
2024-10-10,Saudi Arabia,Japan,0,2,World Cup qualifier,Saudi Arabia,False
2024-10-10,Qatar,Kyrgyzstan,3,1,World Cup qualifier,Qatar,False
2024-10-10,Oman,Kuwait,4,0,World Cup qualifier,Oman,False
2024-10-10,Jordan,South Korea,0,2,World Cup qualifier,Jordan,False
2024-10-10,Iraq,Palestine,1,0,World Cup qualifier,Iraq,False
2024-10-10,Bahrain,Indonesia,2,2,World Cup qualifier,Bahrain,False
2024-10-10,Australia,China,3,1,World Cup qualifier,Australia,False
2024-10-10,Zimbabwe,Namibia,1,0,African Nations Cup qualifier,South Africa,True
2024-10-10,Ghana,Sudan,0,0,African Nations Cup qualifier,Ghana,False
2024-10-10,DR Congo,Tanzania,1,0,African Nations Cup qualifier,DR Congo,False
2024-10-10,Burkina Faso,Burundi,4,1,African Nations Cup qualifier,Ivory Coast,True
2024-10-10,Bolivia,Colombia,1,0,World Cup qualifier,Bolivia,False
2024-10-10,Chile,Brazil,1,2,World Cup qualifier,Chile,False
2024-10-10,Nicaragua,Jamaica,0,2,CONCACAF Nations League A,Nicaragua,False
2024-10-10,St Vincent & Grenadines,El Salvador,2,3,CONCACAF Nations League B,St Vincent & Grenadines,False
2024-10-11,Benin,Rwanda,3,0,African Nations Cup qualifier,Ivory Coast,True
2024-10-11,Angola,Niger,2,0,African Nations Cup qualifier,Angola,False
2024-10-11,Estonia,Azerbaijan,3,1,European Nations League C,Estonia,False
2024-10-11,Slovakia,Sweden,2,2,European Nations League C,Slovakia,False
2024-10-11,Ukraine,Georgia,1,0,European Nations League B,Poland,True
2024-10-11,Turkey,Montenegro,1,0,European Nations League B,Turkey,False
2024-10-11,Bosnia and Herzegovina,Germany,1,2,European Nations League A,Bosnia and Herzegovina,False
2024-10-11,Czechia,Albania,2,0,European Nations League B,Czechia,False
2024-10-11,Hungary,Netherlands,1,1,European Nations League A,Hungary,False
2024-10-11,Sint Maarten,Puerto Rico,3,2,CONCACAF Nations League B,Aruba,True
2024-10-11,Curaçao,Grenada,0,0,CONCACAF Nations League B,Saint Lucia,True
2024-10-11,Suriname,Costa Rica,1,1,CONCACAF Nations League A,Suriname,False
2024-10-11,Cameroon,Kenya,4,1,African Nations Cup qualifier,Cameroon,False
2024-10-11,Iceland,Wales,2,2,European Nations League B,Iceland,False
2024-10-11,Egypt,Mauritania,2,0,African Nations Cup qualifier,Egypt,False
2024-10-11,South Africa,Congo,5,0,African Nations Cup qualifier,South Africa,False
2024-10-11,Gabon,Lesotho,0,0,African Nations Cup qualifier,Gabon,False
2024-10-11,Gambia,Madagascar,1,1,African Nations Cup qualifier,Morocco,True
2024-10-11,Ivory Coast,Sierra Leone,4,1,African Nations Cup qualifier,Ivory Coast,False
2024-10-11,Mali,Guinea-Bissau,1,0,African Nations Cup qualifier,Mali,False
2024-10-11,Mozambique,Eswatini,1,1,African Nations Cup qualifier,Mozambique,False
2024-10-11,Nigeria,Libya,1,0,African Nations Cup qualifier,Nigeria,False
2024-10-11,Senegal,Malawi,4,0,African Nations Cup qualifier,Senegal,False
2024-10-11,Tunisia,Comoros,0,1,African Nations Cup qualifier,Tunisia,False
2024-10-11,Uganda,South Sudan,1,0,African Nations Cup qualifier,Uganda,False
2024-10-11,Zambia,Chad,0,0,African Nations Cup qualifier,Zambia,False
2024-10-11,New Zealand,Tahiti,3,0,World Cup qualifier,Vanuatu,True
2024-10-11,Syria,Tajikistan,1,0,King's Cup,Thailand,True
2024-10-11,Thailand,Philippines,3,1,King's Cup,Thailand,False
2024-10-11,Cambodia,Taiwan,3,2,Friendly,Cambodia,False
2024-10-11,Equatorial Guinea,Liberia,1,0,African Nations Cup qualifier,Equatorial Guinea,False
2024-10-11,Guadeloupe,Martinique,0,1,CONCACAF Nations League A,Guadeloupe,False
2024-10-11,Saint Lucia,Saint Martin,2,1,CONCACAF Nations League B,Saint Lucia,False
2024-10-11,Guyana,Guatemala,1,3,CONCACAF Nations League A,Guyana,False
2024-10-11,Peru,Uruguay,1,0,World Cup qualifier,Peru,False
2024-10-11,Aruba,Haiti,1,3,CONCACAF Nations League B,Aruba,False
2024-10-12,Dominican Republic,Antigua and Barbuda,5,0,CONCACAF Nations League B,Bermuda,True
2024-10-12,Bahamas,US Virgin Islands,3,1,CONCACAF Nations League C,Barbados,True
2024-10-12,Cayman Islands,British Virgin Islands,1,0,CONCACAF Nations League C,Saint Kitts and Nevis,True
2024-10-12,Croatia,Scotland,2,1,European Nations League A,Croatia,False
2024-10-12,Poland,Portugal,1,3,European Nations League A,Poland,False
2024-10-12,Serbia,Switzerland,2,0,European Nations League A,Serbia,False
2024-10-12,Spain,Denmark,1,0,European Nations League A,Spain,False
2024-10-12,Lithuania,Kosovo,1,2,European Nations League C,Lithuania,False
2024-10-12,Bulgaria,Luxembourg,0,0,European Nations League C,Bulgaria,False
2024-10-12,Cyprus,Romania,0,3,European Nations League C,Cyprus,False
2024-10-12,Guinea,Ethiopia,4,1,African Nations Cup qualifier,Ivory Coast,True
2024-10-12,Morocco,Central African Republic,5,0,African Nations Cup qualifier,Morocco,False
2024-10-12,Vanuatu,Samoa,4,1,World Cup qualifier,Vanuatu,False
2024-10-12,Vietnam,India,1,1,Friendly,Vietnam,False
2024-10-12,Belarus,Northern Ireland,0,0,European Nations League C,Hungary,True
2024-10-12,Bermuda,Dominica,6,1,CONCACAF Nations League B,Bermuda,False
2024-10-12,Turks and Caicos Islands,Anguilla,2,1,CONCACAF Nations League C,Belize,True
2024-10-12,United States,Panama,2,0,Friendly,United States,False
2024-10-13,St Vincent & Grenadines,El Salvador,2,1,CONCACAF Nations League B,St Vincent & Grenadines,False
2024-10-13,Austria,Norway,5,1,European Nations League B,Austria,False
2024-10-13,Finland,England,1,3,European Nations League B,Finland,False
2024-10-13,Greece,Ireland,2,0,European Nations League B,Greece,False
2024-10-13,Kazakhstan,Slovenia,0,1,European Nations League B,Kazakhstan,False
2024-10-13,Burkina Faso,Burundi,2,0,African Nations Cup qualifier,Ivory Coast,True
2024-10-13,Faroe Islands,Latvia,1,1,European Nations League C,Faroe Islands,False
2024-10-13,Liechtenstein,Gibraltar,0,0,European Nations League D,Liechtenstein,False
2024-10-13,Malta,Moldova,1,0,European Nations League D,Malta,False
2024-10-13,Andorra,San Marino,2,0,Friendly,Andorra,False
2024-10-13,Myanmar,Sri Lanka,0,0,Friendly,Myanmar,False
2024-10-13,Armenia,North Macedonia,0,2,European Nations League C,Armenia,False
2024-10-13,Bonaire,Montserrat,1,0,CONCACAF Nations League B,St Vincent & Grenadines,True
2024-10-14,Puerto Rico,Sint Maarten,2,1,CONCACAF Nations League B,Aruba,True
2024-10-14,Saint Lucia,Saint Martin,0,4,CONCACAF Nations League B,Saint Lucia,False
2024-10-14,Belgium,France,1,2,European Nations League A,Belgium,False
2024-10-14,Bosnia and Herzegovina,Hungary,0,2,European Nations League A,Bosnia and Herzegovina,False
2024-10-14,Germany,Netherlands,1,0,European Nations League A,Germany,False
2024-10-14,Italy,Israel,4,1,European Nations League A,Italy,False
2024-10-14,Czechia,Ukraine,1,1,European Nations League B,Poland,True
2024-10-14,Georgia,Albania,0,1,European Nations League B,Georgia,False
2024-10-14,Iceland,Turkey,2,4,European Nations League B,Iceland,False
2024-10-14,Wales,Montenegro,1,0,European Nations League B,Wales,False
2024-10-14,Cameroon,Kenya,1,0,African Nations Cup qualifier,Uganda,True
2024-10-14,Estonia,Sweden,0,3,European Nations League C,Estonia,False
2024-10-14,Gambia,Madagascar,1,0,African Nations Cup qualifier,Morocco,True
2024-10-14,Liberia,Equatorial Guinea,1,2,African Nations Cup qualifier,Liberia,False
2024-10-14,Mozambique,Eswatini,3,0,African Nations Cup qualifier,South Africa,True
2024-10-14,Togo,Algeria,0,1,African Nations Cup qualifier,Togo,False
2024-10-14,Zimbabwe,Namibia,3,1,African Nations Cup qualifier,South Africa,True
2024-10-14,Philippines,Tajikistan,3,0,King's Cup,Thailand,True
2024-10-14,Thailand,Syria,2,1,King's Cup,Thailand,False
2024-10-14,New Zealand,Malaysia,4,0,Friendly,New Zealand,False
2024-10-14,Azerbaijan,Slovakia,1,3,European Nations League C,Azerbaijan,False
2024-10-14,Curaçao,Grenada,1,0,CONCACAF Nations League B,Saint Lucia,True
2024-10-14,Aruba,Haiti,3,5,CONCACAF Nations League B,Aruba,False
2024-10-14,Trinidad and Tobago,Cuba,3,1,CONCACAF Nations League A,Trinidad and Tobago,False
2024-10-14,Nicaragua,French Guiana,3,2,CONCACAF Nations League A,Nicaragua,False
2024-10-14,Jamaica,Honduras,0,0,CONCACAF Nations League A,Jamaica,False
2024-10-15,Kosovo,Cyprus,3,0,European Nations League C,Kosovo,False
2024-10-15,Congo,South Africa,1,1,African Nations Cup qualifier,Congo,False
2024-10-15,Comoros,Tunisia,1,1,African Nations Cup qualifier,Ivory Coast,True
2024-10-15,Botswana,Cape Verde,1,0,African Nations Cup qualifier,Botswana,False
2024-10-15,Angola,Niger,1,0,African Nations Cup qualifier,Morocco,True
2024-10-15,Northern Ireland,Bulgaria,5,0,European Nations League C,Northern Ireland,False
2024-10-15,Lithuania,Romania,1,2,European Nations League C,Lithuania,False
2024-10-15,Belarus,Luxembourg,1,1,European Nations League C,Hungary,True
2024-10-15,Dominican Republic,Antigua and Barbuda,5,0,CONCACAF Nations League B,Bermuda,True
2024-10-15,Spain,Serbia,3,0,European Nations League A,Spain,False
2024-10-15,Scotland,Portugal,0,0,European Nations League A,Scotland,False
2024-10-15,Poland,Croatia,3,3,European Nations League A,Poland,False
2024-10-15,Saint Kitts and Nevis,Cayman Islands,1,1,CONCACAF Nations League C,Saint Kitts and Nevis,False
2024-10-15,Gabon,Lesotho,2,0,African Nations Cup qualifier,South Africa,True
2024-10-15,Bermuda,Dominica,3,2,CONCACAF Nations League B,Bermuda,False
2024-10-15,Uruguay,Ecuador,0,0,World Cup qualifier,Uruguay,False
2024-10-15,Paraguay,Venezuela,2,1,World Cup qualifier,Paraguay,False
2024-10-15,Switzerland,Denmark,2,2,European Nations League A,Switzerland,False
2024-10-15,Guinea,Ethiopia,3,0,African Nations Cup qualifier,Ivory Coast,True
2024-10-15,South Sudan,Uganda,1,2,African Nations Cup qualifier,South Sudan,False
2024-10-15,Malawi,Senegal,0,1,African Nations Cup qualifier,Malawi,False
2024-10-15,Hong Kong,Cambodia,3,0,Friendly,Hong Kong,False
2024-10-15,Brunei,East Timor,0,0,Southeast Asian Champ qual,Thailand,True
2024-10-15,Uzbekistan,United Arab Emirates,1,0,World Cup qualifier,Uzbekistan,False
2024-10-15,South Korea,Iraq,3,2,World Cup qualifier,South Korea,False
2024-10-15,Saudi Arabia,Bahrain,0,0,World Cup qualifier,Saudi Arabia,False
2024-10-15,Kyrgyzstan,North Korea,1,0,World Cup qualifier,Kyrgyzstan,False
2024-10-15,Kuwait,Palestine,2,2,World Cup qualifier,Qatar,True
2024-10-15,Jordan,Oman,4,0,World Cup qualifier,Jordan,False
2024-10-15,Guinea-Bissau,Mali,0,0,African Nations Cup qualifier,Guinea-Bissau,False
2024-10-15,Japan,Australia,1,1,World Cup qualifier,Japan,False
2024-10-15,China,Indonesia,2,1,World Cup qualifier,China,False
2024-10-15,Zambia,Chad,1,0,African Nations Cup qualifier,Cameroon,True
2024-10-15,Tanzania,DR Congo,0,2,African Nations Cup qualifier,Tanzania,False
2024-10-15,Sudan,Ghana,2,0,African Nations Cup qualifier,Libya,True
2024-10-15,Sierra Leone,Ivory Coast,1,0,African Nations Cup qualifier,Liberia,True
2024-10-15,Rwanda,Benin,2,1,African Nations Cup qualifier,Rwanda,False
2024-10-15,Morocco,Central African Republic,4,0,African Nations Cup qualifier,Morocco,False
2024-10-15,Mauritania,Egypt,0,1,African Nations Cup qualifier,Mauritania,False
2024-10-15,Iran,Qatar,4,1,World Cup qualifier,United Arab Emirates,True
2024-10-15,Colombia,Chile,4,0,World Cup qualifier,Colombia,False
2024-10-15,Martinique,Guadeloupe,0,0,CONCACAF Nations League A,Martinique,False
2024-10-15,Belize,Turks and Caicos Islands,3,0,CONCACAF Nations League C,Belize,False
2024-10-15,Barbados,Bahamas,6,2,CONCACAF Nations League C,Barbados,False
2024-10-15,Suriname,Guyana,5,1,CONCACAF Nations League A,Suriname,False
2024-10-15,Costa Rica,Guatemala,3,0,CONCACAF Nations League A,Costa Rica,False
2024-10-15,Brazil,Peru,4,0,World Cup qualifier,Brazil,False
2024-10-15,Mexico,United States,2,0,Friendly,Mexico,False
2024-10-15,Canada,Panama,2,1,Friendly,Canada,False
2024-10-15,Argentina,Bolivia,6,0,World Cup qualifier,Argentina,False
2024-11-13,Tajikistan,Nepal,4,0,Friendly tournament,Tajikistan,False
2024-11-13,Bangladesh,Maldives,0,1,Friendly,Bangladesh,False
2024-11-13,Liberia,Togo,1,0,African Nations Cup qualifier,Liberia,False
2024-11-13,Chad,Sierra Leone,1,1,African Nations Cup qualifier,Ivory Coast,True
2024-11-13,Cameroon,Namibia,0,0,African Nations Cup qualifier,South Africa,True
2024-11-14,Qatar,Uzbekistan,3,2,World Cup qualifier,Qatar,False
2024-11-14,Belgium,Italy,0,1,European Nations League A,Belgium,False
2024-11-14,New Caledonia,Solomon Islands,3,2,World Cup qualifier,Papua New Guinea,True
2024-11-14,France,Israel,0,0,European Nations League A,France,False
2024-11-14,Papua New Guinea,Fiji,3,3,World Cup qualifier,Papua New Guinea,False
2024-11-14,United Arab Emirates,Kyrgyzstan,3,0,World Cup qualifier,United Arab Emirates,False
2024-11-14,Oman,Palestine,1,0,World Cup qualifier,Oman,False
2024-11-14,St Vincent & Grenadines,Montserrat,2,1,CONCACAF Nations League B,El Salvador,True
2024-11-14,Iraq,Jordan,0,0,World Cup qualifier,Iraq,False
2024-11-14,Iran,North Korea,3,2,World Cup qualifier,Laos,True
2024-11-14,Bahrain,China,0,1,World Cup qualifier,Bahrain,False
2024-11-14,Australia,Saudi Arabia,0,0,World Cup qualifier,Australia,False
2024-11-14,Saint Kitts and Nevis,Cuba,2,1,CONCACAF Champ qual,Saint Kitts and Nevis,False
2024-11-14,Greece,England,0,3,European Nations League B,Greece,False
2024-11-14,Kuwait,South Korea,1,3,World Cup qualifier,Kuwait,False
2024-11-14,Ireland,Finland,1,0,European Nations League B,Ireland,False
2024-11-14,Malaysia,Laos,3,1,Friendly,Thailand,True
2024-11-14,Slovenia,Norway,1,4,European Nations League B,Slovenia,False
2024-11-14,Thailand,Lebanon,0,0,Friendly,Thailand,False
2024-11-14,Singapore,Myanmar,3,2,Friendly,Singapore,False
2024-11-14,Malta,Liechtenstein,2,0,Friendly,Malta,False
2024-11-14,Hong Kong,Philippines,3,1,Friendly,Hong Kong,False
2024-11-14,Tunisia,Madagascar,3,2,African Nations Cup qualifier,South Africa,True
2024-11-14,South Sudan,Congo,3,2,African Nations Cup qualifier,South Sudan,False
2024-11-14,Senegal,Burkina Faso,1,0,African Nations Cup qualifier,Mali,True
2024-11-14,Rwanda,Libya,0,1,African Nations Cup qualifier,Rwanda,False
2024-11-14,Niger,Sudan,4,0,African Nations Cup qualifier,Togo,True
2024-11-14,Lesotho,Central African Republic,1,0,African Nations Cup qualifier,South Africa,True
2024-11-14,Equatorial Guinea,Algeria,0,0,African Nations Cup qualifier,Equatorial Guinea,False
2024-11-14,Burundi,Malawi,0,0,African Nations Cup qualifier,Ivory Coast,True
2024-11-14,Benin,Nigeria,1,1,African Nations Cup qualifier,Ivory Coast,True
2024-11-14,North Macedonia,Latvia,1,0,European Nations League C,North Macedonia,False
2024-11-14,Armenia,Faroe Islands,0,1,European Nations League C,Armenia,False
2024-11-14,Kazakhstan,Austria,0,2,European Nations League B,Kazakhstan,False
2024-11-14,Venezuela,Brazil,1,1,World Cup qualifier,Venezuela,False
2024-11-14,Belize,French Guiana,2,1,CONCACAF Champ qual,Belize,False
2024-11-14,El Salvador,Bonaire,1,0,CONCACAF Nations League B,El Salvador,False
2024-11-14,Jamaica,United States,0,1,CONCACAF Nations League,Jamaica,False
2024-11-14,Paraguay,Argentina,2,1,World Cup qualifier,Paraguay,False
2024-11-14,Ecuador,Bolivia,4,0,World Cup qualifier,Ecuador,False
2024-11-14,Costa Rica,Panama,0,1,CONCACAF Nations League,Costa Rica,False
2024-11-15,Switzerland,Serbia,1,1,European Nations League A,Switzerland,False
2024-11-15,Scotland,Croatia,1,0,European Nations League A,Scotland,False
2024-11-15,Denmark,Spain,1,2,European Nations League A,Denmark,False
2024-11-15,Cayman Islands,Guadeloupe,0,6,CONCACAF Champ qual,Cayman Islands,False
2024-11-15,Barbados,Guyana,1,4,CONCACAF Champ qual,Barbados,False
2024-11-15,Puerto Rico,Aruba,5,1,CONCACAF Nations League B,Puerto Rico,False
2024-11-15,Suriname,Canada,0,1,CONCACAF Nations League,Suriname,False
2024-11-15,Grenada,Saint Lucia,4,0,CONCACAF Nations League B,Curaçao,True
2024-11-15,Curaçao,Saint Martin,5,0,CONCACAF Nations League B,Curaçao,False
2024-11-15,Honduras,Mexico,2,0,CONCACAF Nations League,Honduras,False
2024-11-15,Uruguay,Colombia,3,2,World Cup qualifier,Uruguay,False
2024-11-15,Peru,Chile,0,0,World Cup qualifier,Peru,False
2024-11-15,Luxembourg,Bulgaria,0,1,European Nations League C,Luxembourg,False
2024-11-15,Haiti,Sint Maarten,8,0,CONCACAF Nations League B,Puerto Rico,True
2024-11-15,Northern Ireland,Belarus,2,0,European Nations League C,Northern Ireland,False
2024-11-15,Portugal,Poland,5,1,European Nations League A,Portugal,False
2024-11-15,San Marino,Gibraltar,1,1,European Nations League D,San Marino,False
2024-11-15,Russia,Brunei,11,0,Friendly,Russia,False
2024-11-15,Zambia,Ivory Coast,1,0,African Nations Cup qualifier,Zambia,False
2024-11-15,Uganda,South Africa,0,2,African Nations Cup qualifier,Uganda,False
2024-11-15,Mozambique,Mali,0,1,African Nations Cup qualifier,Mozambique,False
2024-11-15,Gabon,Morocco,1,5,African Nations Cup qualifier,Gabon,False
2024-11-15,Eswatini,Guinea-Bissau,1,1,African Nations Cup qualifier,South Africa,True
2024-11-15,Comoros,Gambia,2,1,African Nations Cup qualifier,Morocco,True
2024-11-15,Kenya,Zimbabwe,1,1,African Nations Cup qualifier,South Africa,True
2024-11-15,Botswana,Mauritania,1,1,African Nations Cup qualifier,Botswana,False
2024-11-15,Angola,Ghana,1,1,African Nations Cup qualifier,Angola,False
2024-11-15,Cyprus,Lithuania,2,1,European Nations League C,Cyprus,False
2024-11-15,Tahiti,Samoa,3,0,World Cup qualifier,New Zealand,True
2024-11-15,New Zealand,Vanuatu,8,1,World Cup qualifier,New Zealand,False
2024-11-15,Indonesia,Japan,0,4,World Cup qualifier,Indonesia,False
2024-11-15,Cape Verde,Egypt,1,1,African Nations Cup qualifier,Cape Verde,False
2024-11-15,Romania,Kosovo,0,0,European Nations League C,Romania,False
2024-11-16,Montenegro,Iceland,0,2,European Nations League B,Montenegro,False
2024-11-16,Bermuda,Antigua and Barbuda,2,1,CONCACAF Nations League B,Dominican Republic,True
2024-11-16,Dominican Republic,Dominica,6,1,CONCACAF Nations League B,Dominican Republic,False
2024-11-16,Germany,Bosnia and Herzegovina,7,0,European Nations League A,Germany,False
2024-11-16,Netherlands,Hungary,4,0,European Nations League A,Netherlands,False
2024-11-16,Albania,Czechia,0,0,European Nations League B,Albania,False
2024-11-16,Georgia,Ukraine,1,1,European Nations League B,Georgia,False
2024-11-16,Azerbaijan,Estonia,0,0,European Nations League C,Azerbaijan,False
2024-11-16,Sweden,Slovakia,2,1,European Nations League C,Sweden,False
2024-11-16,Andorra,Moldova,0,1,European Nations League D,Andorra,False
2024-11-16,Guinea,DR Congo,1,0,African Nations Cup qualifier,Ivory Coast,True
2024-11-16,Tanzania,Ethiopia,2,0,African Nations Cup qualifier,DR Congo,True
2024-11-16,Bangladesh,Maldives,2,1,Friendly,Bangladesh,False
2024-11-16,Nepal,Afghanistan,2,0,Friendly tournament,Tajikistan,True
2024-11-16,Sri Lanka,Yemen,1,0,Friendly,Qatar,True
2024-11-16,Turkey,Wales,0,0,European Nations League B,Turkey,False
2024-11-17,Fiji,New Caledonia,1,1,World Cup qualifier,Papua New Guinea,True
2024-11-17,Papua New Guinea,Solomon Islands,1,2,World Cup qualifier,Papua New Guinea,False
2024-11-17,Israel,Belgium,1,0,European Nations League A,Hungary,True
2024-11-17,Italy,France,1,3,European Nations League A,Italy,False
2024-11-17,Austria,Slovenia,1,1,European Nations League B,Austria,False
2024-11-17,England,Ireland,5,0,European Nations League B,England,False
2024-11-17,North Macedonia,Faroe Islands,1,0,European Nations League C,North Macedonia,False
2024-11-17,Norway,Kazakhstan,5,0,European Nations League B,Norway,False
2024-11-17,Latvia,Armenia,1,2,European Nations League C,Latvia,False
2024-11-17,Algeria,Liberia,5,1,African Nations Cup qualifier,Algeria,False
2024-11-17,Togo,Equatorial Guinea,3,0,African Nations Cup qualifier,Togo,False
2024-11-17,Thailand,Laos,1,1,Friendly,Thailand,False
2024-11-17,Finland,Greece,0,2,European Nations League B,Finland,False
2024-11-17,St Vincent & Grenadines,Bonaire,3,1,CONCACAF Nations League B,El Salvador,True
2024-11-17,El Salvador,Montserrat,1,0,CONCACAF Nations League B,El Salvador,False
2024-11-18,Kosovo,Lithuania,1,0,European Nations League C,Kosovo,False
2024-11-18,Saint Martin,Grenada,3,0,CONCACAF Nations League B,Curaçao,True
2024-11-18,Sint Maarten,Aruba,1,0,CONCACAF Nations League B,Puerto Rico,True
2024-11-18,Cuba,Saint Kitts and Nevis,4,0,CONCACAF Champ qual,Cuba,False
2024-11-18,New Zealand,Samoa,8,0,World Cup qualifier,New Zealand,False
2024-11-18,Tahiti,Vanuatu,2,0,World Cup qualifier,New Zealand,True
2024-11-18,Croatia,Portugal,1,1,European Nations League A,Croatia,False
2024-11-18,Poland,Scotland,1,2,European Nations League A,Poland,False
2024-11-18,Serbia,Denmark,0,0,European Nations League A,Serbia,False
2024-11-18,Spain,Switzerland,3,2,European Nations League A,Spain,False
2024-11-18,Bulgaria,Belarus,1,1,European Nations League C,Bulgaria,False
2024-11-18,Luxembourg,Northern Ireland,2,2,European Nations League C,Luxembourg,False
2024-11-18,Tunisia,Gambia,0,1,African Nations Cup qualifier,Tunisia,False
2024-11-18,Liechtenstein,San Marino,1,3,European Nations League D,Liechtenstein,False
2024-11-18,Angola,Sudan,0,0,African Nations Cup qualifier,Libya,True
2024-11-18,Comoros,Madagascar,1,0,African Nations Cup qualifier,Morocco,True
2024-11-18,Gabon,Central African Republic,1,0,African Nations Cup qualifier,South Africa,True
2024-11-18,Ghana,Niger,1,2,African Nations Cup qualifier,Ghana,False
2024-11-18,Libya,Benin,0,0,African Nations Cup qualifier,Libya,False
2024-11-18,Malawi,Burkina Faso,3,0,African Nations Cup qualifier,Malawi,False
2024-11-18,Morocco,Lesotho,7,0,African Nations Cup qualifier,Morocco,False
2024-11-18,Nigeria,Rwanda,1,2,African Nations Cup qualifier,Nigeria,False
2024-11-18,India,Malaysia,1,1,Friendly,India,False
2024-11-18,Singapore,Taiwan,2,3,Friendly,Singapore,False
2024-11-18,Romania,Cyprus,4,1,European Nations League C,Romania,False
2024-11-18,Curaçao,Saint Lucia,4,1,CONCACAF Nations League B,Curaçao,False
2024-11-18,Puerto Rico,Haiti,0,3,CONCACAF Nations League B,Puerto Rico,False
2024-11-18,United States,Jamaica,4,2,CONCACAF Nations League,United States,False
2024-11-18,Panama,Costa Rica,2,2,CONCACAF Nations League,Panama,False
2024-11-19,Kuwait,Jordan,1,1,World Cup qualifier,Kuwait,False
2024-11-19,Hungary,Germany,1,1,European Nations League A,Hungary,False
2024-11-19,Bosnia and Herzegovina,Netherlands,1,1,European Nations League A,Bosnia and Herzegovina,False
2024-11-19,Uzbekistan,North Korea,1,0,World Cup qualifier,Laos,True
2024-11-19,United Arab Emirates,Qatar,5,0,World Cup qualifier,United Arab Emirates,False
2024-11-19,Palestine,South Korea,1,1,World Cup qualifier,Jordan,True
2024-11-19,Oman,Iraq,0,1,World Cup qualifier,Oman,False
2024-11-19,Kyrgyzstan,Iran,2,3,World Cup qualifier,Kyrgyzstan,False
2024-11-19,Albania,Ukraine,1,2,European Nations League B,Albania,False
2024-11-19,Indonesia,Saudi Arabia,2,0,World Cup qualifier,Indonesia,False
2024-11-19,Dominican Republic,Bermuda,6,1,CONCACAF Nations League B,Dominican Republic,False
2024-11-19,Bahrain,Australia,2,2,World Cup qualifier,Bahrain,False
2024-11-19,Guyana,Barbados,5,3,CONCACAF Champ qual,Guyana,False
2024-11-19,Guadeloupe,Cayman Islands,1,0,CONCACAF Champ qual,Guadeloupe,False
2024-11-19,Belize,French Guiana,2,2,CONCACAF Champ qual,Suriname,True
2024-11-19,Antigua and Barbuda,Dominica,0,0,CONCACAF Nations League B,Dominican Republic,True
2024-11-19,Colombia,Ecuador,0,1,World Cup qualifier,Colombia,False
2024-11-19,Chile,Venezuela,4,2,World Cup qualifier,Chile,False
2024-11-19,Bolivia,Paraguay,2,2,World Cup qualifier,Bolivia,False
2024-11-19,Czechia,Georgia,2,1,European Nations League B,Czechia,False
2024-11-19,China,Japan,1,3,World Cup qualifier,China,False
2024-11-19,Montenegro,Turkey,3,1,European Nations League B,Montenegro,False
2024-11-19,Gibraltar,Moldova,1,1,Friendly,Gibraltar,False
2024-11-19,Slovakia,Estonia,1,0,European Nations League C,Slovakia,False
2024-11-19,Yemen,Sri Lanka,2,0,Friendly,Qatar,True
2024-11-19,Tajikistan,Afghanistan,3,1,Friendly tournament,Tajikistan,False
2024-11-19,Russia,Syria,4,0,Friendly,Russia,False
2024-11-19,Myanmar,Lebanon,2,3,Friendly,Myanmar,False
2024-11-19,Hong Kong,Mauritius,1,0,Friendly,Hong Kong,False
2024-11-19,Zambia,Sierra Leone,2,0,African Nations Cup qualifier,Liberia,True
2024-11-19,Tanzania,Guinea,1,0,African Nations Cup qualifier,Tanzania,False
2024-11-19,South Africa,South Sudan,3,0,African Nations Cup qualifier,South Africa,False
2024-11-19,Senegal,Burundi,2,0,African Nations Cup qualifier,Senegal,False
2024-11-19,Wales,Iceland,4,1,European Nations League B,Wales,False
2024-11-19,Mauritania,Cape Verde,1,0,African Nations Cup qualifier,Mauritania,False
2024-11-19,Kenya,Namibia,0,0,African Nations Cup qualifier,South Africa,True
2024-11-19,Ivory Coast,Chad,4,0,African Nations Cup qualifier,Ivory Coast,False
2024-11-19,Guinea-Bissau,Mozambique,1,2,African Nations Cup qualifier,Guinea-Bissau,False
2024-11-19,Egypt,Botswana,1,1,African Nations Cup qualifier,Egypt,False
2024-11-19,DR Congo,Ethiopia,1,2,African Nations Cup qualifier,DR Congo,False
2024-11-19,Congo,Uganda,0,1,African Nations Cup qualifier,Congo,False
2024-11-19,Cameroon,Zimbabwe,2,1,African Nations Cup qualifier,Cameroon,False
2024-11-19,Malta,Andorra,0,0,European Nations League D,Malta,False
2024-11-19,Sweden,Azerbaijan,6,0,European Nations League C,Sweden,False
2024-11-19,Mali,Eswatini,6,0,African Nations Cup qualifier,Mali,False
2024-11-19,Argentina,Peru,1,0,World Cup qualifier,Argentina,False
2024-11-19,Canada,Suriname,3,0,CONCACAF Nations League,Canada,False
2024-11-19,Mexico,Honduras,4,0,CONCACAF Nations League,Mexico,False
2024-11-19,Brazil,Uruguay,1,1,World Cup qualifier,Brazil,False
2024-12-08,Hong Kong,Mongolia,3,0,East Asian Championship qual,Hong Kong,False
2024-12-08,East Timor,Thailand,0,10,Southeast Asian Champ,East Timor,False
2024-12-08,Cambodia,Malaysia,2,2,Southeast Asian Champ,Cambodia,False
2024-12-09,Kuwait,Yemen,1,1,Friendly,Qatar,True
2024-12-09,Solomon Islands,Vanuatu,4,1,Melanesian Cup,Solomon Islands,False
2024-12-09,Myanmar,Indonesia,0,1,Southeast Asian Champ,Myanmar,False
2024-12-09,Laos,Vietnam,1,4,Southeast Asian Champ,Laos,False
2024-12-08,Thailand,East Timor,10,0,Southeast Asian Champ,Vietnam,True
2024-12-11,Taiwan,Mongolia,4,0,East Asian Championship qual,Hong Kong,True
2024-12-11,Singapore,Cambodia,2,1,Southeast Asian Champ,Singapore,False
2024-12-11,Malaysia,East Timor,3,2,Southeast Asian Champ,Malaysia,False
2024-12-12,Lebanon,Kuwait,2,1,Friendly,Qatar,True
2024-12-12,Fiji,Vanuatu,1,1,Melanesian Cup,Solomon Islands,True
2024-12-12,Philippines,Myanmar,1,1,Southeast Asian Champ,Philippines,False
2024-12-12,Indonesia,Laos,3,3,Southeast Asian Champ,Indonesia,False
2024-12-14,Hong Kong,Taiwan,2,1,East Asian Championship qual,Hong Kong,False
2024-12-14,Guam,Macao,2,1,East Asian Championship qual,Hong Kong,True
2024-12-14,Thailand,Malaysia,1,0,Southeast Asian Champ,Thailand,False
2024-12-14,Singapore,East Timor,3,0,Southeast Asian Champ,Vietnam,True
2024-12-15,Lebanon,Kuwait,2,0,Friendly,Qatar,True
2024-12-15,Fiji,Papua New Guinea,1,1,Melanesian Cup,Solomon Islands,True
2024-12-15,Vietnam,Indonesia,1,0,Southeast Asian Champ,Vietnam,False
2024-12-15,Laos,Philippines,1,1,Southeast Asian Champ,Laos,False
2024-12-16,Oman,Yemen,1,0,Friendly,Oman,False
2024-12-17,Saudi Arabia,Trinidad and Tobago,3,1,Friendly,Saudi Arabia,False
2024-12-17,Hong Kong,Guam,5,0,East Asian Championship qual,Hong Kong,False
2024-12-17,Singapore,Thailand,2,4,Southeast Asian Champ,Singapore,False
2024-12-17,Cambodia,East Timor,2,1,Southeast Asian Champ,Cambodia,False
2024-12-18,Solomon Islands,Papua New Guinea,2,3,Melanesian Cup,Solomon Islands,False
2024-12-18,Philippines,Vietnam,1,1,Southeast Asian Champ,Philippines,False
2024-12-18,Myanmar,Laos,3,2,Southeast Asian Champ,Myanmar,False
2024-12-20,Thailand,Cambodia,3,2,Southeast Asian Champ,Thailand,False
2024-12-20,Malaysia,Singapore,0,0,Southeast Asian Champ,Malaysia,False
2024-12-21,Northern Mariana Islands,Guam,1,2,Friendly,Northern Marianas,True
2024-12-21,Solomon Islands,Fiji,1,3,Melanesian Cup,Solomon Islands,False
2024-12-21,Papua New Guinea,Vanuatu,2,1,Melanesian Cup,Solomon Islands,True
2024-12-21,Vietnam,Myanmar,5,0,Southeast Asian Champ,Vietnam,False
2024-12-21,Indonesia,Philippines,0,1,Southeast Asian Champ,Indonesia,False
2024-12-21,Qatar,United Arab Emirates,1,1,Gulf Cup,Kuwait,True
2024-12-21,Kuwait,Oman,1,1,Gulf Cup,Kuwait,False
2024-12-22,Northern Mariana Islands,Guam,0,8,Friendly,Northern Marianas,True
2024-12-22,Iraq,Yemen,1,0,Gulf Cup,Kuwait,True
2024-12-22,Bahrain,Saudi Arabia,3,2,Gulf Cup,Kuwait,True
2024-12-24,Oman,Qatar,2,1,Gulf Cup,Kuwait,True
2024-12-24,Kuwait,United Arab Emirates,2,1,Gulf Cup,Kuwait,False
2024-12-25,Saudi Arabia,Yemen,3,2,Gulf Cup,Kuwait,True
2024-12-25,Bahrain,Iraq,2,0,Gulf Cup,Kuwait,True
2024-12-26,Singapore,Vietnam,0,2,Southeast Asian Champ,Singapore,False
2024-12-27,Philippines,Thailand,2,1,Southeast Asian Champ,Philippines,False
2024-12-27,Oman,United Arab Emirates,1,1,Gulf Cup,Kuwait,True
2024-12-27,Kuwait,Qatar,1,1,Gulf Cup,Kuwait,False
2024-12-28,Yemen,Bahrain,2,1,Gulf Cup,Kuwait,True
2024-12-28,Saudi Arabia,Iraq,3,1,Gulf Cup,Kuwait,True
2024-12-29,Vietnam,Singapore,3,1,Southeast Asian Champ,Vietnam,False
2024-12-30,Thailand,Philippines,3,1,Southeast Asian Champ,Thailand,False
2024-12-31,Oman,Saudi Arabia,2,1,Gulf Cup,Kuwait,True
2024-12-31,Kuwait,Bahrain,0,1,Gulf Cup,Kuwait,False
2025-01-02,Vietnam,Thailand,2,1,Southeast Asian Champ,Vietnam,False
2025-01-04,Bahrain,Oman,2,1,Gulf Cup,Kuwait,True
2025-01-05,Thailand,Vietnam,2,3,Southeast Asian Champ,Thailand,False
2025-01-18,United States,Venezuela,3,1,Friendly,United States,False
2025-01-22,United States,Costa Rica,3,0,Friendly,United States,False
2025-01-27,Jordan,Uzbekistan,0,0,Friendly,Qatar,True
2025-02-06,Jamaica,Trinidad and Tobago,1,0,Friendly,Jamaica,False
2025-02-08,Chile,Panama,6,1,Friendly,Chile,False
2025-02-09,Jamaica,Trinidad and Tobago,1,1,Friendly,Jamaica,False
2025-02-17,North Korea,Kazakhstan,2,0,Friendly,Turkey,True
2025-03-06,St Vincent & Grenadines,Grenada,1,1,Friendly,St Vincent & Grenadines,False
2025-03-09,St Vincent & Grenadines,Grenada,1,1,Friendly,St Vincent & Grenadines,False
2025-03-13,Oman,Sudan,0,0,Friendly,Oman,False
2025-03-14,Jordan,North Korea,1,1,Friendly,Jordan,False
2025-03-15,China,Kuwait,3,1,Friendly,United Arab Emirates,True
2025-03-16,Guatemala,Honduras,2,1,Friendly,United States,True
2025-03-19,Russia,Grenada,5,0,Friendly,Russia,False
2025-03-19,Kazakhstan,Curaçao,2,0,Friendly,Turkey,True
2025-03-19,India,Maldives,3,0,Friendly,India,False
2025-03-19,Hong Kong,Macao,2,0,Friendly,Hong Kong,False
2025-03-19,Madagascar,Central African Republic,4,1,World Cup qualifier,Morocco,True
2025-03-19,Liberia,Tunisia,0,1,World Cup qualifier,Liberia,False
2025-03-19,Vietnam,Cambodia,2,1,Friendly,Vietnam,False
2025-03-19,Cameroon,Eswatini,0,0,World Cup qualifier,South Africa,True
2025-03-20,Slovakia,Slovenia,0,0,European Nations League B/C,Slovakia,False
2025-03-20,Kosovo,Iceland,2,1,European Nations League B/C,Kosovo,False
2025-03-20,Bulgaria,Ireland,1,2,European Nations League B/C,Bulgaria,False
2025-03-20,Armenia,Georgia,0,3,European Nations League B/C,Armenia,False
2025-03-20,Ukraine,Belgium,3,1,European Nations League A/B,Spain,True
2025-03-20,Turkey,Hungary,3,1,European Nations League A/B,Turkey,False
2025-03-20,Greece,Scotland,0,1,European Nations League A/B,Greece,False
2025-03-20,Austria,Serbia,1,1,European Nations League A/B,Austria,False
2025-03-20,Denmark,Portugal,1,0,European Nations League,Denmark,False
2025-03-20,Benin,Zimbabwe,2,2,World Cup qualifier,South Africa,True
2025-03-20,Croatia,France,2,0,European Nations League,Croatia,False
2025-03-20,United States,Panama,0,1,CONCACAF Nations League,United States,False
2025-03-20,Mexico,Canada,2,0,CONCACAF Nations League,United States,True
2025-03-20,Peru,Bolivia,3,1,World Cup qualifier,Peru,False
2025-03-20,Paraguay,Chile,1,0,World Cup qualifier,Paraguay,False
2025-03-20,Brazil,Colombia,2,1,World Cup qualifier,Brazil,False
2025-03-20,Netherlands,Spain,2,2,European Nations League,Netherlands,False
2025-03-20,Cape Verde,Mauritius,1,0,World Cup qualifier,Cape Verde,False
2025-03-20,Italy,Germany,1,2,European Nations League,Italy,False
2025-03-20,Gambia,Kenya,3,3,World Cup qualifier,Ivory Coast,True
2025-03-20,Gabon,Seychelles,3,0,World Cup qualifier,Gabon,False
2025-03-20,Tajikistan,Belarus,0,5,Friendly,Tajikistan,False
2025-03-20,Lebanon,East Timor,4,0,Friendly,Qatar,True
2025-03-20,Uzbekistan,Kyrgyzstan,1,0,World Cup qualifier,Uzbekistan,False
2025-03-20,South Korea,Oman,1,1,World Cup qualifier,South Korea,False
2025-03-20,Saudi Arabia,China,1,0,World Cup qualifier,Saudi Arabia,False
2025-03-20,Qatar,North Korea,5,1,World Cup qualifier,Qatar,False
2025-03-20,Jordan,Palestine,3,1,World Cup qualifier,Jordan,False
2025-03-20,Laos,Sri Lanka,1,2,Friendly,Laos,False
2025-03-20,Iraq,Kuwait,2,2,World Cup qualifier,Iraq,False
2025-03-20,Iran,United Arab Emirates,2,0,World Cup qualifier,Iran,False
2025-03-20,Australia,Indonesia,5,1,World Cup qualifier,Australia,False
2025-03-20,Sierra Leone,Guinea-Bissau,3,1,World Cup qualifier,Liberia,True
2025-03-20,Mozambique,Uganda,3,1,World Cup qualifier,Egypt,True
2025-03-20,Mali,Comoros,3,0,World Cup qualifier,Morocco,True
2025-03-20,Malawi,Namibia,0,1,World Cup qualifier,Malawi,False
2025-03-20,Japan,Bahrain,2,0,World Cup qualifier,Japan,False
2025-03-20,Libya,Angola,1,1,World Cup qualifier,Libya,False
2025-03-21,Romania,Bosnia and Herzegovina,0,1,World Cup qualifier,Romania,False
2025-03-21,Poland,Lithuania,1,0,World Cup qualifier,Poland,False
2025-03-21,Malta,Finland,0,1,World Cup qualifier,Malta,False
2025-03-21,England,Albania,2,0,World Cup qualifier,England,False
2025-03-21,Cyprus,San Marino,2,0,World Cup qualifier,Cyprus,False
2025-03-21,Cuba,Trinidad and Tobago,1,2,CONCACAF Champ qual,Cuba,False
2025-03-21,Suriname,Martinique,1,0,CONCACAF Champ qual,Suriname,False
2025-03-21,St Vincent & Grenadines,Jamaica,1,1,CONCACAF Champ qual,St Vincent & Grenadines,False
2025-03-21,Bermuda,Honduras,3,5,CONCACAF Champ qual,Bermuda,False
2025-03-21,Uruguay,Argentina,0,1,World Cup qualifier,Uruguay,False
2025-03-21,Botswana,Algeria,1,3,World Cup qualifier,Botswana,False
2025-03-21,Andorra,Latvia,0,1,World Cup qualifier,Andorra,False
2025-03-21,Burkina Faso,Djibouti,4,1,World Cup qualifier,Morocco,True
2025-03-21,South Africa,Lesotho,2,0,World Cup qualifier,South Africa,False
2025-03-21,Egypt,Ethiopia,2,0,World Cup qualifier,Morocco,True
2025-03-21,Equatorial Guinea,Sao Tome and Principe,2,0,World Cup qualifier,Equatorial Guinea,False
2025-03-21,Ghana,Chad,5,0,World Cup qualifier,Ghana,False
2025-03-21,Guinea,Somalia,0,0,World Cup qualifier,Ivory Coast,True
2025-03-21,Ivory Coast,Burundi,1,0,World Cup qualifier,Morocco,True
2025-03-21,Morocco,Niger,2,1,World Cup qualifier,Morocco,False
2025-03-21,Rwanda,Nigeria,0,2,World Cup qualifier,Rwanda,False
2025-03-21,Northern Ireland,Switzerland,1,1,Friendly,Northern Ireland,False
2025-03-21,Singapore,Nepal,0,1,Friendly,Singapore,False
2025-03-21,Thailand,Afghanistan,2,0,Friendly,Thailand,False
2025-03-21,New Caledonia,Tahiti,3,0,World Cup qualifier,New Zealand,True
2025-03-21,New Zealand,Fiji,7,0,World Cup qualifier,New Zealand,False
2025-03-21,DR Congo,South Sudan,1,0,World Cup qualifier,DR Congo,False
2025-03-21,Ecuador,Venezuela,2,1,World Cup qualifier,Ecuador,False
2025-03-21,Guadeloupe,Nicaragua,1,0,CONCACAF Champ qual,Guadeloupe,False
2025-03-21,Belize,Costa Rica,0,7,CONCACAF Champ qual,Belize,False
2025-03-21,Guyana,Guatemala,3,2,CONCACAF Champ qual,Barbados,True
2025-03-21,Puerto Rico,Dominican Republic,2,2,Friendly,Puerto Rico,False
2025-03-22,Israel,Estonia,2,1,World Cup qualifier,Hungary,True
2025-03-22,Liechtenstein,North Macedonia,0,3,World Cup qualifier,Liechtenstein,False
2025-03-22,Moldova,Norway,0,5,World Cup qualifier,Moldova,False
2025-03-22,Montenegro,Gibraltar,3,1,World Cup qualifier,Montenegro,False
2025-03-22,Togo,Mauritania,2,2,World Cup qualifier,Togo,False
2025-03-22,Senegal,Sudan,0,0,World Cup qualifier,Libya,True
2025-03-22,Azerbaijan,Haiti,0,3,Friendly,Azerbaijan,False
2025-03-22,Luxembourg,Sweden,1,0,Friendly,Luxembourg,False
2025-03-22,Wales,Kazakhstan,3,1,World Cup qualifier,Wales,False
2025-03-22,Czechia,Faroe Islands,2,1,World Cup qualifier,Czechia,False
2025-03-23,France,Croatia,2,0,European Nations League,France,False
2025-03-23,Germany,Italy,3,3,European Nations League,Germany,False
2025-03-23,Portugal,Denmark,5,2,European Nations League,Portugal,False
2025-03-23,Spain,Netherlands,3,3,European Nations League,Spain,False
2025-03-23,Belgium,Ukraine,3,0,European Nations League A/B,Belgium,False
2025-03-23,Hungary,Turkey,0,3,European Nations League A/B,Hungary,False
2025-03-23,Georgia,Armenia,6,1,European Nations League B/C,Georgia,False
2025-03-23,Serbia,Austria,2,0,European Nations League A/B,Serbia,False
2025-03-23,Iceland,Kosovo,1,3,European Nations League B/C,Spain,True
2025-03-23,Ireland,Bulgaria,2,1,European Nations League B/C,Ireland,False
2025-03-23,Slovenia,Slovakia,1,0,European Nations League B/C,Slovenia,False
2025-03-23,Eswatini,Mauritius,3,3,World Cup qualifier,South Africa,True
2025-03-23,Kenya,Gabon,1,2,World Cup qualifier,Kenya,False
2025-03-23,Scotland,Greece,0,3,European Nations League A/B,Scotland,False
2025-03-23,United States,Canada,1,2,CONCACAF Nations League,United States,False
2025-03-23,Mexico,Panama,2,1,CONCACAF Nations League,United States,True
2025-03-24,Bosnia and Herzegovina,Cyprus,2,1,World Cup qualifier,Bosnia and Herzegovina,False
2025-03-24,England,Latvia,3,0,World Cup qualifier,England,False
2025-03-24,Lithuania,Finland,2,2,World Cup qualifier,Lithuania,False
2025-03-24,Poland,Malta,2,0,World Cup qualifier,Poland,False
2025-03-24,San Marino,Romania,1,5,World Cup qualifier,San Marino,False
2025-03-24,Central African Republic,Mali,0,0,World Cup qualifier,Morocco,True
2025-03-24,Guinea-Bissau,Burkina Faso,1,2,World Cup qualifier,Guinea-Bissau,False
2025-03-24,Ethiopia,Djibouti,6,1,World Cup qualifier,Morocco,True
2025-03-24,Ghana,Madagascar,3,0,World Cup qualifier,Morocco,True
2025-03-24,Ivory Coast,Gambia,1,0,World Cup qualifier,Ivory Coast,False
2025-03-24,Liberia,Sao Tome and Principe,2,1,World Cup qualifier,Liberia,False
2025-03-24,Tunisia,Malawi,2,0,World Cup qualifier,Tunisia,False
2025-03-24,New Zealand,New Caledonia,3,0,World Cup qualifier,New Zealand,False
2025-03-24,Equatorial Guinea,Namibia,1,1,World Cup qualifier,South Africa,True
2025-03-24,Albania,Andorra,3,0,World Cup qualifier,Albania,False
2025-03-25,Egypt,Sierra Leone,1,0,World Cup qualifier,Egypt,False
2025-03-25,Mauritania,DR Congo,0,2,World Cup qualifier,Mauritania,False
2025-03-25,Morocco,Tanzania,2,0,World Cup qualifier,Morocco,False
2025-03-25,Nigeria,Zimbabwe,1,1,World Cup qualifier,Nigeria,False
2025-03-25,South Africa,Benin,2,0,World Cup qualifier,Ivory Coast,True
2025-03-25,Senegal,Togo,2,0,World Cup qualifier,Senegal,False
2025-03-25,Comoros,Chad,1,0,World Cup qualifier,Morocco,True
2025-03-25,South Sudan,Sudan,1,1,World Cup qualifier,Libya,True
2025-03-25,Rwanda,Lesotho,1,1,World Cup qualifier,Rwanda,False
2025-03-25,Cameroon,Libya,3,1,World Cup qualifier,Cameroon,False
2025-03-25,Angola,Cape Verde,1,2,World Cup qualifier,Angola,False
2025-03-25,Botswana,Somalia,2,0,World Cup qualifier,Botswana,False
2025-03-25,Uganda,Guinea,1,0,World Cup qualifier,Uganda,False
2025-03-25,Algeria,Mozambique,5,1,World Cup qualifier,Algeria,False
2025-03-25,Norway,Israel,4,2,World Cup qualifier,Hungary,True
2025-03-25,North Macedonia,Wales,1,1,World Cup qualifier,North Macedonia,False
2025-03-25,Montenegro,Faroe Islands,1,0,World Cup qualifier,Montenegro,False
2025-03-25,Moldova,Estonia,2,3,World Cup qualifier,Moldova,False
2025-03-25,Liechtenstein,Kazakhstan,0,2,World Cup qualifier,Liechtenstein,False
2025-03-25,Czechia,Gibraltar,4,0,World Cup qualifier,Portugal,True
2025-03-25,Trinidad and Tobago,Cuba,4,0,CONCACAF Champ qual,Trinidad and Tobago,False
2025-03-25,Martinique,Suriname,0,1,CONCACAF Champ qual,Martinique,False
2025-03-25,Burundi,Seychelles,5,0,World Cup qualifier,Morocco,True
2025-03-25,China,Australia,0,2,World Cup qualifier,China,False
2025-03-25,Kuwait,Oman,1,0,World Cup qualifier,Kuwait,False
2025-03-25,Iran,Uzbekistan,2,2,World Cup qualifier,Iran,False
2025-03-25,Switzerland,Luxembourg,3,1,Friendly,Switzerland,False
2025-03-25,Sweden,Northern Ireland,5,1,Friendly,Sweden,False
2025-03-25,Russia,Zambia,5,0,Friendly,Russia,False
2025-03-25,Niger,Bonaire,6,0,Friendly,Morocco,True
2025-03-25,Cambodia,Aruba,1,2,Friendly,Cambodia,False
2025-03-25,Azerbaijan,Belarus,0,2,Friendly,Azerbaijan,False
2025-03-25,Vietnam,Laos,5,0,Asian Cup qualifier,Vietnam,False
2025-03-25,Thailand,Sri Lanka,1,0,Asian Cup qualifier,Thailand,False
2025-03-25,Tajikistan,East Timor,1,0,Asian Cup qualifier,Tajikistan,False
2025-03-25,Taiwan,Turkmenistan,1,2,Asian Cup qualifier,Taiwan,False
2025-03-25,Syria,Pakistan,2,0,Asian Cup qualifier,Saudi Arabia,True
2025-03-25,Singapore,Hong Kong,0,0,Asian Cup qualifier,Singapore,False
2025-03-25,Philippines,Maldives,4,1,Asian Cup qualifier,Philippines,False
2025-03-25,Myanmar,Afghanistan,2,1,Asian Cup qualifier,Myanmar,False
2025-03-25,Malaysia,Nepal,2,0,Asian Cup qualifier,Malaysia,False
2025-03-25,Lebanon,Brunei,5,0,Asian Cup qualifier,Qatar,True
2025-03-25,India,Bangladesh,0,0,Asian Cup qualifier,India,False
2025-03-25,Bhutan,Yemen,0,0,Asian Cup qualifier,Bhutan,False
2025-03-25,United Arab Emirates,North Korea,2,1,World Cup qualifier,Saudi Arabia,True
2025-03-25,South Korea,Jordan,1,1,World Cup qualifier,South Korea,False
2025-03-25,Palestine,Iraq,2,1,World Cup qualifier,Jordan,True
2025-03-25,Kyrgyzstan,Qatar,3,1,World Cup qualifier,Kyrgyzstan,False
2025-03-25,Japan,Saudi Arabia,0,0,World Cup qualifier,Japan,False
2025-03-25,Indonesia,Bahrain,1,0,World Cup qualifier,Indonesia,False
2025-03-25,Bolivia,Uruguay,0,0,World Cup qualifier,Bolivia,False
2025-03-25,Nicaragua,Guadeloupe,0,1,CONCACAF Champ qual,Nicaragua,False
2025-03-25,Jamaica,St Vincent & Grenadines,3,0,CONCACAF Champ qual,Jamaica,False
2025-03-25,Honduras,Bermuda,2,0,CONCACAF Champ qual,Honduras,False
2025-03-25,Guatemala,Guyana,2,0,CONCACAF Champ qual,Guatemala,False
2025-03-25,Costa Rica,Belize,6,1,CONCACAF Champ qual,Costa Rica,False
2025-03-25,Venezuela,Peru,1,0,World Cup qualifier,Venezuela,False
2025-03-25,Colombia,Paraguay,2,2,World Cup qualifier,Colombia,False
2025-03-25,Chile,Ecuador,0,0,World Cup qualifier,Chile,False
2025-03-25,Dominican Republic,Puerto Rico,2,0,Friendly,Dominican Republic,False
2025-03-25,Argentina,Brazil,4,1,World Cup qualifier,Argentina,False
2025-03-25,Kuwait,Oman,0,1,World Cup qualifier,Kuwait,False
2025-04-17,Anguilla,British Virgin Islands,0,0,Friendly,Anguilla,False
2025-04-20,Anguilla,British Virgin Islands,1,0,Friendly,Anguilla,False
2025-05-08,Dominica,Barbados,0,0,Friendly,Dominica,False
2025-05-11,Dominica,Barbados,0,0,Friendly,Dominica,False
2025-05-20,Saint Kitts and Nevis,St Vincent & Grenadines,1,3,Friendly,Saint Kitts and Nevis,False
2025-05-23,Saint Martin,Anguilla,2,1,Friendly tournament,Saint Martin,False
2025-05-24,Saint Kitts and Nevis,Anguilla,4,2,Friendly tournament,Saint Martin,True
2025-05-25,St Vincent & Grenadines,Saint Kitts and Nevis,3,0,Friendly,St Vincent & Grenadines,False
2025-05-25,Saint Martin,Saint Kitts and Nevis,4,1,Friendly tournament,Saint Martin,False
2025-05-27,Jamaica,Trinidad and Tobago,3,2,Friendly tournament,England,True
2025-05-28,Nigeria,Ghana,2,1,Friendly tournament,England,True
2025-05-28,Oman,Lebanon,1,0,Friendly,Oman,False
2025-05-29,Malaysia,Cape Verde,1,1,Friendly,Malaysia,False
2025-05-29,St Vincent & Grenadines,British Virgin Islands,1,1,Friendly,St Vincent & Grenadines,False
2025-05-30,Saudi Arabia,Jordan,2,0,Friendly,Saudi Arabia,False
2025-05-31,Jamaica,Nigeria,2,2,Friendly tournament,England,True
2025-05-31,Grenada,Anguilla,2,0,Friendly,Grenada,False
2025-05-31,Ghana,Trinidad and Tobago,4,0,Friendly tournament,England,True
2025-05-31,El Salvador,Guatemala,1,1,Friendly,United States,True
2025-06-01,Nicaragua,Puerto Rico,1,1,Friendly,United States,True
2025-06-02,Tunisia,Burkina Faso,2,0,Friendly,Tunisia,False
2025-06-03,Malaysia,Cape Verde,0,3,Friendly,Malaysia,False
2025-06-04,Thailand,India,2,0,Friendly,Thailand,False
2025-06-04,Bangladesh,Bhutan,2,0,Friendly,Bangladesh,False
2025-06-04,South Africa,Mozambique,0,1,COSAFA Cup,South Africa,False
2025-06-04,Mauritius,Zimbabwe,0,0,COSAFA Cup,South Africa,True
2025-06-04,Germany,Portugal,1,2,European Nations League,Germany,False
2025-06-04,Dominica,British Virgin Islands,3,0,World Cup qualifier,Dominica,False
2025-06-04,Barbados,Aruba,1,1,World Cup qualifier,Barbados,False
2025-06-04,Bermuda,Cayman Islands,5,0,World Cup qualifier,Bermuda,False
2025-06-04,Grenada,Bahamas,6,0,World Cup qualifier,Grenada,False
2025-06-04,Montserrat,Belize,1,0,World Cup qualifier,Trinidad and Tobago,True
2025-06-04,St Vincent & Grenadines,Anguilla,6,0,World Cup qualifier,St Vincent & Grenadines,False
2025-06-05,Oman,Jordan,0,3,World Cup qualifier,Oman,False
2025-06-05,Paraguay,Uruguay,2,0,World Cup qualifier,Paraguay,False
2025-06-05,Spain,France,5,4,European Nations League,Germany,True
2025-06-05,Australia,Japan,1,0,World Cup qualifier,Australia,False
2025-06-05,Bahrain,Saudi Arabia,0,2,World Cup qualifier,Bahrain,False
2025-06-05,Indonesia,China,1,0,World Cup qualifier,Indonesia,False
2025-06-05,Iraq,South Korea,0,2,World Cup qualifier,Iraq,False
2025-06-05,Kuwait,Palestine,0,2,World Cup qualifier,Kuwait,False
2025-06-05,Kyrgyzstan,North Korea,2,2,World Cup qualifier,Saudi Arabia,True
2025-06-05,Qatar,Iran,1,0,World Cup qualifier,Qatar,False
2025-06-05,Singapore,Maldives,3,1,Friendly,Singapore,False
2025-06-05,Angola,Namibia,1,1,COSAFA Cup,South Africa,True
2025-06-05,Lesotho,Malawi,1,0,COSAFA Cup,South Africa,True
2025-06-05,Algeria,Rwanda,2,0,Friendly,Algeria,False
2025-06-05,Belarus,Kazakhstan,4,1,Friendly,Belarus,False
2025-06-05,Cambodia,Tajikistan,1,2,Friendly,Cambodia,False
2025-06-05,DR Congo,Mali,1,0,Friendly,France,True
2025-06-05,Georgia,Faroe Islands,1,0,Friendly,Georgia,False
2025-06-05,Hong Kong,Nepal,0,0,Friendly,Hong Kong,False
2025-06-05,Sri Lanka,Brunei,1,0,Friendly,Thailand,True
2025-06-05,United Arab Emirates,Uzbekistan,0,0,World Cup qualifier,United Arab Emirates,False
2025-06-05,Ecuador,Brazil,0,0,World Cup qualifier,Ecuador,False
2025-06-05,Chile,Argentina,0,1,World Cup qualifier,Chile,False
2025-06-06,Estonia,Israel,1,3,World Cup qualifier,Estonia,False
2025-06-06,Wales,Liechtenstein,3,0,World Cup qualifier,Wales,False
2025-06-06,Norway,Italy,3,0,World Cup qualifier,Norway,False
2025-06-06,North Macedonia,Belgium,1,1,World Cup qualifier,North Macedonia,False
2025-06-06,Czechia,Montenegro,2,0,World Cup qualifier,Czechia,False
2025-06-06,Antigua and Barbuda,Cuba,0,1,World Cup qualifier,Antigua and Barbuda,False
2025-06-06,Trinidad and Tobago,Saint Kitts and Nevis,6,2,World Cup qualifier,Trinidad and Tobago,False
2025-06-06,Suriname,Puerto Rico,1,0,World Cup qualifier,Suriname,False
2025-06-06,Curaçao,Saint Lucia,4,0,World Cup qualifier,Curaçao,False
2025-06-06,Comoros,Zambia,1,0,COSAFA Cup,South Africa,True
2025-06-06,Venezuela,Bolivia,2,0,World Cup qualifier,Venezuela,False
2025-06-06,Croatia,Gibraltar,7,0,World Cup qualifier,Portugal,True
2025-06-06,Bulgaria,Cyprus,2,2,Friendly,Bulgaria,False
2025-06-06,Hungary,Sweden,0,2,Friendly,Hungary,False
2025-06-06,Burundi,Guinea-Bissau,1,0,Friendly,Morocco,True
2025-06-06,Cameroon,Uganda,3,0,Friendly,Morocco,True
2025-06-06,Central African Republic,Mauritania,2,1,Friendly,Morocco,True
2025-06-06,Gambia,Equatorial Guinea,2,1,Friendly,Morocco,True
2025-06-06,Ireland,Senegal,1,1,Friendly,Ireland,False
2025-06-06,Kosovo,Armenia,5,2,Friendly,Kosovo,False
2025-06-06,Luxembourg,Slovenia,0,1,Friendly,Luxembourg,False
2025-06-06,Morocco,Tunisia,2,0,Friendly,Morocco,False
2025-06-06,Niger,Gabon,4,3,Friendly,Morocco,True
2025-06-06,Poland,Moldova,2,0,Friendly,Poland,False
2025-06-06,Russia,Nigeria,1,1,Friendly,Russia,False
2025-06-06,Scotland,Iceland,1,3,Friendly,Scotland,False
2025-06-06,South Africa,Tanzania,0,0,Friendly,South Africa,False
2025-06-06,Burkina Faso,Zimbabwe,2,0,Friendly,Morocco,True
2025-06-06,Colombia,Peru,0,0,World Cup qualifier,Colombia,False
2025-06-05,Taiwan,Macao,2,0,Friendly,Taiwan,False
2025-06-06,Nicaragua,Guyana,1,0,World Cup qualifier,Nicaragua,False
2025-06-06,Guatemala,Dominican Republic,4,2,World Cup qualifier,Guatemala,False
2025-06-07,England,Andorra,1,0,World Cup qualifier,Spain,True
2025-06-07,Bosnia and Herzegovina,San Marino,1,0,World Cup qualifier,Bosnia and Herzegovina,False
2025-06-07,Austria,Romania,2,1,World Cup qualifier,Austria,False
2025-06-07,Albania,Serbia,0,0,World Cup qualifier,Albania,False
2025-06-07,Cayman Islands,Honduras,0,1,World Cup qualifier,Cayman Islands,False
2025-06-07,British Virgin Islands,Jamaica,0,1,World Cup qualifier,British Virgin Islands,False
2025-06-07,Aruba,Haiti,0,5,World Cup qualifier,Aruba,False
2025-06-07,Finland,Netherlands,0,2,World Cup qualifier,Finland,False
2025-06-07,Costa Rica,Bahamas,8,0,World Cup qualifier,Barbados,True
2025-06-07,Malta,Lithuania,0,0,World Cup qualifier,Malta,False
2025-06-07,Latvia,Azerbaijan,0,0,Friendly,Latvia,False
2025-06-07,Mauritius,Mozambique,0,0,COSAFA Cup,South Africa,True
2025-06-07,South Africa,Zimbabwe,2,0,COSAFA Cup,South Africa,False
2025-06-07,Canada,Ukraine,4,2,Friendly tournament,Canada,False
2025-06-07,Chad,Kenya,0,0,Friendly,Morocco,True
2025-06-07,Denmark,Northern Ireland,2,1,Friendly,Denmark,False
2025-06-07,Greece,Slovakia,4,1,Friendly,Greece,False
2025-06-07,New Zealand,Ivory Coast,1,0,Friendly tournament,Canada,True
2025-06-07,Switzerland,Mexico,4,2,Friendly,United States,True
2025-06-07,United States,Turkey,1,2,Friendly,United States,False
2025-06-07,Madagascar,Tanzania,1,0,COSAFA Cup,South Africa,True
2025-06-07,Anguilla,El Salvador,0,3,World Cup qualifier,Anguilla,False
2025-06-07,Belize,Panama,0,2,World Cup qualifier,Belize,False
2025-06-08,Georgia,Cape Verde,1,1,Friendly,Georgia,False
2025-06-08,DR Congo,Madagascar,3,1,Friendly,France,True
2025-06-08,Malawi,Namibia,0,0,COSAFA Cup,South Africa,True
2025-06-08,Angola,Lesotho,4,0,COSAFA Cup,South Africa,True
2025-06-08,Portugal,Spain,2,2,European Nations League,Germany,True
2025-06-08,Germany,France,0,2,European Nations League,Germany,False
2025-06-09,Morocco,Benin,1,0,Friendly,Morocco,False
2025-06-09,Belgium,Wales,4,3,World Cup qualifier,Belgium,False
2025-06-09,Croatia,Czechia,5,1,World Cup qualifier,Croatia,False
2025-06-09,Estonia,Norway,0,1,World Cup qualifier,Estonia,False
2025-06-09,Faroe Islands,Gibraltar,2,1,World Cup qualifier,Faroe Islands,False
2025-06-09,Kazakhstan,North Macedonia,0,1,World Cup qualifier,Kazakhstan,False
2025-06-09,Botswana,Comoros,0,0,COSAFA Cup,South Africa,True
2025-06-09,Italy,Moldova,2,0,World Cup qualifier,Italy,False
2025-06-09,Cameroon,Equatorial Guinea,1,1,Friendly,Morocco,True
2025-06-09,Gabon,Guinea-Bissau,2,0,Friendly,Morocco,True
2025-06-09,Gambia,Uganda,1,1,Friendly,Morocco,True
2025-06-09,Kosovo,Comoros,4,2,Friendly,Kosovo,False
2025-06-09,Liechtenstein,Scotland,0,4,Friendly,Liechtenstein,False
2025-06-09,Montenegro,Armenia,2,2,Friendly,Montenegro,False
2025-06-09,Eswatini,Madagascar,1,1,COSAFA Cup,South Africa,True
2025-06-10,Latvia,Albania,1,1,World Cup qualifier,Latvia,False
2025-06-10,Netherlands,Malta,8,0,World Cup qualifier,Netherlands,False
2025-06-10,Romania,Cyprus,2,0,World Cup qualifier,Romania,False
2025-06-10,San Marino,Austria,0,4,World Cup qualifier,San Marino,False
2025-06-10,Serbia,Andorra,3,0,World Cup qualifier,Serbia,False
2025-06-10,China,Bahrain,1,0,World Cup qualifier,China,False
2025-06-10,South Korea,Kuwait,4,0,World Cup qualifier,South Korea,False
2025-06-10,Japan,Indonesia,6,0,World Cup qualifier,Japan,False
2025-06-10,Jordan,Iraq,0,1,World Cup qualifier,Jordan,False
2025-06-10,Kyrgyzstan,United Arab Emirates,1,1,World Cup qualifier,Kyrgyzstan,False
2025-06-10,Oman,Palestine,1,1,World Cup qualifier,Jordan,True
2025-06-10,Saudi Arabia,Australia,1,2,World Cup qualifier,Saudi Arabia,False
2025-06-10,Finland,Poland,2,1,World Cup qualifier,Finland,False
2025-06-10,Iran,North Korea,3,0,World Cup qualifier,Iran,False
2025-06-10,Saint Lucia,Barbados,2,1,World Cup qualifier,Saint Lucia,False
2025-06-10,Dominican Republic,Dominica,5,0,World Cup qualifier,Dominican Republic,False
2025-06-10,Puerto Rico,St Vincent & Grenadines,2,1,World Cup qualifier,Puerto Rico,False
2025-06-10,Panama,Nicaragua,3,0,World Cup qualifier,Panama,False
2025-06-10,Jamaica,Guatemala,3,0,World Cup qualifier,Jamaica,False
2025-06-10,Honduras,Antigua and Barbuda,2,0,World Cup qualifier,Honduras,False
2025-06-10,Guyana,Montserrat,3,0,World Cup qualifier,Guyana,False
2025-06-10,El Salvador,Suriname,1,1,World Cup qualifier,El Salvador,False
2025-06-10,Uzbekistan,Qatar,3,0,World Cup qualifier,Uzbekistan,False
2025-06-10,Cuba,Bermuda,1,2,World Cup qualifier,Cuba,False
2025-06-10,Costa Rica,Trinidad and Tobago,2,1,World Cup qualifier,Costa Rica,False
2025-06-10,Uruguay,Venezuela,2,0,World Cup qualifier,Uruguay,False
2025-06-10,Peru,Ecuador,0,0,World Cup qualifier,Peru,False
2025-06-10,Brazil,Paraguay,1,0,World Cup qualifier,Brazil,False
2025-06-10,Bolivia,Chile,2,0,World Cup qualifier,Bolivia,False
2025-06-10,Argentina,Colombia,1,1,World Cup qualifier,Argentina,False
2025-06-10,Saint Kitts and Nevis,Grenada,2,3,World Cup qualifier,Saint Kitts and Nevis,False
2025-06-10,Curaçao,Haiti,5,1,World Cup qualifier,Aruba,True
2025-06-10,Brunei,Bhutan,2,1,Asian Cup qualifier,Brunei,False
2025-06-10,East Timor,Maldives,1,0,Asian Cup qualifier,Australia,True
2025-06-10,United States,Switzerland,0,4,Friendly,United States,False
2025-06-10,Ukraine,New Zealand,2,1,Friendly tournament,Canada,True
2025-06-10,Sweden,Algeria,4,3,Friendly,Sweden,False
2025-06-10,South Africa,Mozambique,2,0,Friendly,South Africa,False
2025-06-10,Slovenia,Bosnia and Herzegovina,2,1,Friendly,Slovenia,False
2025-06-10,Northern Ireland,Iceland,1,0,Friendly,Northern Ireland,False
2025-06-10,Niger,Zimbabwe,1,1,Friendly,Morocco,True
2025-06-10,Mexico,Turkey,1,0,Friendly,United States,True
2025-06-10,Bangladesh,Singapore,1,2,Asian Cup qualifier,Bangladesh,False
2025-06-10,Kenya,Chad,2,1,Friendly,Morocco,True
2025-06-10,Israel,Slovakia,1,0,Friendly,Hungary,True
2025-06-10,Greece,Bulgaria,4,0,Friendly,Greece,False
2025-06-10,England,Senegal,1,3,Friendly,England,False
2025-06-10,Denmark,Lithuania,5,0,Friendly,Denmark,False
2025-06-10,Canada,Ivory Coast,0,0,Friendly tournament,Canada,False
2025-06-10,Luxembourg,Ireland,0,0,Friendly,Luxembourg,False
2025-06-10,Belarus,Russia,1,4,Friendly,Belarus,False
2025-06-10,Azerbaijan,Hungary,1,2,Friendly,Azerbaijan,False
2025-06-10,Zimbabwe,Mozambique,3,1,COSAFA Cup,South Africa,True
2025-06-10,South Africa,Mauritius,0,0,COSAFA Cup,South Africa,False
2025-06-10,Namibia,Lesotho,3,0,COSAFA Cup,South Africa,True
2025-06-10,Angola,Malawi,1,0,COSAFA Cup,South Africa,True
2025-06-10,Turkmenistan,Thailand,3,1,Asian Cup qualifier,Turkmenistan,False
2025-06-10,Syria,Afghanistan,1,0,Asian Cup qualifier,Saudi Arabia,True
2025-06-10,Sri Lanka,Taiwan,3,1,Asian Cup qualifier,Sri Lanka,False
2025-06-10,Philippines,Tajikistan,2,2,Asian Cup qualifier,Philippines,False
2025-06-10,Myanmar,Pakistan,1,0,Asian Cup qualifier,Myanmar,False
2025-06-10,Malaysia,Vietnam,4,0,Asian Cup qualifier,Malaysia,False
2025-06-10,Lebanon,Yemen,0,0,Asian Cup qualifier,Kuwait,True
2025-06-10,Laos,Nepal,2,1,Asian Cup qualifier,Laos,False
2025-06-10,Hong Kong,India,1,0,Asian Cup qualifier,Hong Kong,False
2025-06-10,Burundi,Mauritania,0,0,Friendly,Morocco,True
2025-06-11,Tanzania,Eswatini,2,1,COSAFA Cup,South Africa,True
2025-06-11,Botswana,Zambia,3,3,COSAFA Cup,South Africa,True
2025-06-13,South Africa,Comoros,3,1,COSAFA Cup,South Africa,False
2025-06-13,Angola,Madagascar,4,1,COSAFA Cup,South Africa,True
2025-06-14,Mexico,Dominican Republic,3,2,CONCACAF Championship,United States,True
2025-06-15,South Africa,Angola,0,3,COSAFA Cup,South Africa,False
2025-06-15,Comoros,Madagascar,1,0,COSAFA Cup,South Africa,True
2025-06-15,United States,Trinidad and Tobago,5,0,CONCACAF Championship,United States,False
2025-06-15,Saudi Arabia,Haiti,1,0,CONCACAF Championship,United States,True
2025-06-15,Costa Rica,Suriname,4,3,CONCACAF Championship,United States,True
2025-06-16,Panama,Guadeloupe,5,2,CONCACAF Championship,United States,True
2025-06-16,Guatemala,Jamaica,1,0,CONCACAF Championship,United States,True
2025-06-17,Curaçao,El Salvador,0,0,CONCACAF Championship,United States,True
2025-06-17,Canada,Honduras,6,0,CONCACAF Championship,Canada,False
2025-06-18,Costa Rica,Dominican Republic,2,1,CONCACAF Championship,United States,True
2025-06-18,Mexico,Suriname,2,0,CONCACAF Championship,United States,True
2025-06-19,Haiti,Trinidad and Tobago,1,1,CONCACAF Championship,United States,True
2025-06-19,United States,Saudi Arabia,1,0,CONCACAF Championship,United States,False
2025-06-20,Panama,Guatemala,1,0,CONCACAF Championship,United States,True
2025-06-20,Jamaica,Guadeloupe,2,1,CONCACAF Championship,United States,True
2025-06-21,Canada,Curaçao,1,1,CONCACAF Championship,United States,True
2025-06-21,Honduras,El Salvador,2,0,CONCACAF Championship,United States,True
2025-06-22,United States,Haiti,2,1,CONCACAF Championship,United States,False
2025-06-22,Saudi Arabia,Trinidad and Tobago,1,1,CONCACAF Championship,United States,True
2025-06-22,Dominican Republic,Suriname,0,0,CONCACAF Championship,United States,True
2025-06-22,Costa Rica,Mexico,0,0,CONCACAF Championship,United States,True
2025-06-24,Panama,Jamaica,4,1,CONCACAF Championship,United States,True
2025-06-24,Guatemala,Guadeloupe,3,2,CONCACAF Championship,United States,True
2025-06-24,Honduras,Curaçao,2,1,CONCACAF Championship,United States,True
2025-06-24,Canada,El Salvador,2,0,CONCACAF Championship,United States,True
2025-06-28,Panama,Honduras,1,1,CONCACAF Championship,United States,True
2025-06-28,Mexico,Saudi Arabia,2,0,CONCACAF Championship,United States,True
2025-06-29,United States,Costa Rica,2,2,CONCACAF Championship,United States,False
2025-06-29,Canada,Guatemala,1,1,CONCACAF Championship,United States,True
2025-07-02,United States,Guatemala,2,1,CONCACAF Championship,United States,False
2025-07-02,Mexico,Honduras,1,0,CONCACAF Championship,United States,True
2025-07-06,United States,Mexico,1,2,CONCACAF Championship,United States,False
2025-07-07,South Korea,China,3,0,East Asian Championship,South Korea,False
2025-07-06,Malawi,Botswana,1,1,Independence Cup,Malawi,False
2025-07-08,Japan,Hong Kong,6,1,East Asian Championship,South Korea,True
2025-07-11,South Korea,Hong Kong,2,0,East Asian Championship,South Korea,False
2025-07-12,Japan,China,2,0,East Asian Championship,South Korea,True
2025-07-15,South Korea,Japan,0,1,East Asian Championship,South Korea,False
2025-07-15,China,Hong Kong,1,0,East Asian Championship,South Korea,True
2025-08-24,Qatar,Lebanon,0,1,Friendly,Qatar,False
2025-08-29,Tajikistan,India,1,2,Central Asian Nations Cup,Tajikistan,False
2025-08-29,Iran,Afghanistan,3,1,Central Asian Nations Cup,Tajikistan,True
2025-08-30,Uzbekistan,Oman,1,1,Central Asian Nations Cup,Uzbekistan,False
2025-08-30,Kyrgyzstan,Turkmenistan,1,1,Central Asian Nations Cup,Uzbekistan,True
2025-09-01,Tajikistan,Afghanistan,2,0,Central Asian Nations Cup,Tajikistan,False
2025-09-01,Iran,India,3,0,Central Asian Nations Cup,Tajikistan,True
2025-09-02,Uzbekistan,Turkmenistan,2,1,Central Asian Nations Cup,Uzbekistan,False
2025-09-02,Oman,Kyrgyzstan,2,1,Central Asian Nations Cup,Uzbekistan,True
2025-09-03,Qatar,Bahrain,2,2,Friendly,Qatar,False
2025-09-03,Gabon,Seychelles,4,0,World Cup qualifier,Mauritius,True
2025-09-04,Algeria,Botswana,3,1,World Cup qualifier,Algeria,False
2025-09-04,Slovakia,Germany,2,0,World Cup qualifier,Slovakia,False
2025-09-04,Netherlands,Poland,1,1,World Cup qualifier,Netherlands,False
2025-09-04,Luxembourg,Northern Ireland,1,3,World Cup qualifier,Luxembourg,False
2025-09-04,Lithuania,Malta,1,1,World Cup qualifier,Lithuania,False
2025-09-04,Liechtenstein,Belgium,0,6,World Cup qualifier,Liechtenstein,False
2025-09-04,Uruguay,Peru,3,0,World Cup qualifier,Uruguay,False
2025-09-04,Georgia,Turkey,2,3,World Cup qualifier,Georgia,False
2025-09-04,Bulgaria,Spain,0,3,World Cup qualifier,Bulgaria,False
2025-09-04,Suriname,Panama,0,0,World Cup qualifier,Suriname,False
2025-09-04,Angola,Libya,0,1,World Cup qualifier,Angola,False
2025-09-04,Paraguay,Ecuador,0,0,World Cup qualifier,Paraguay,False
2025-09-04,Colombia,Bolivia,3,0,World Cup qualifier,Colombia,False
2025-09-04,Kazakhstan,Wales,0,1,World Cup qualifier,Kazakhstan,False
2025-09-04,Cameroon,Eswatini,3,0,World Cup qualifier,Cameroon,False
2025-09-04,United Arab Emirates,Syria,3,1,Friendly,United Arab Emirates,False
2025-09-04,Equatorial Guinea,Sao Tome and Principe,3,2,World Cup qualifier,Morocco,True
2025-09-04,Saudi Arabia,North Macedonia,2,1,Friendly,Czechia,True
2025-09-04,Russia,Jordan,0,0,Friendly,Russia,False
2025-09-04,Norway,Finland,1,0,Friendly,Norway,False
2025-09-04,Malaysia,Singapore,2,1,Friendly,Malaysia,False
2025-09-04,Gibraltar,Albania,0,1,Friendly,Gibraltar,False
2025-09-04,Thailand,Fiji,3,0,King's Cup,Thailand,False
2025-09-04,Chad,Ghana,1,1,World Cup qualifier,Chad,False
2025-09-04,Iraq,Hong Kong,2,1,King's Cup,Thailand,True
2025-09-04,Afghanistan,India,0,0,Central Asian Nations Cup,Tajikistan,True
2025-09-04,Tunisia,Liberia,3,0,World Cup qualifier,Tunisia,False
2025-09-04,Mauritius,Cape Verde,0,2,World Cup qualifier,Mauritius,False
2025-09-04,Mali,Comoros,3,0,World Cup qualifier,Morocco,True
2025-09-04,Madagascar,Central African Republic,2,0,World Cup qualifier,Morocco,True
2025-09-04,Guinea-Bissau,Sierra Leone,1,1,World Cup qualifier,Guinea-Bissau,False
2025-09-04,Tajikistan,Iran,2,2,Central Asian Nations Cup,Tajikistan,False
2025-09-04,Argentina,Venezuela,3,0,World Cup qualifier,Argentina,False
2025-09-04,Guatemala,El Salvador,0,1,World Cup qualifier,Guatemala,False
2025-09-04,Brazil,Chile,3,0,World Cup qualifier,Brazil,False
2025-09-05,Burkina Faso,Djibouti,6,0,World Cup qualifier,Guinea-Bissau,True
2025-09-05,Benin,Zimbabwe,1,0,World Cup qualifier,Ivory Coast,True
2025-09-05,Switzerland,Kosovo,4,0,World Cup qualifier,Switzerland,False
2025-09-05,Slovenia,Sweden,2,2,World Cup qualifier,Slovenia,False
2025-09-05,Montenegro,Czechia,0,2,World Cup qualifier,Montenegro,False
2025-09-05,Moldova,Israel,0,4,World Cup qualifier,Moldova,False
2025-09-05,Greece,Belarus,5,1,World Cup qualifier,Greece,False
2025-09-05,Iceland,Azerbaijan,5,0,World Cup qualifier,Iceland,False
2025-09-05,France,Ukraine,2,0,World Cup qualifier,Poland,True
2025-09-05,Faroe Islands,Croatia,0,1,World Cup qualifier,Faroe Islands,False
2025-09-05,Denmark,Scotland,0,0,World Cup qualifier,Denmark,False
2025-09-05,Congo,Tanzania,1,1,World Cup qualifier,Congo,False
2025-09-05,Italy,Estonia,5,0,World Cup qualifier,Italy,False
2025-09-05,Egypt,Ethiopia,2,0,World Cup qualifier,Egypt,False
2025-09-05,South Sudan,DR Congo,1,4,World Cup qualifier,South Sudan,False
2025-09-05,Ivory Coast,Burundi,1,0,World Cup qualifier,Ivory Coast,False
2025-09-05,Kenya,Gambia,1,3,World Cup qualifier,Kenya,False
2025-09-05,Malawi,Namibia,2,1,World Cup qualifier,Botswana,True
2025-09-05,Mauritania,Togo,2,0,World Cup qualifier,Mauritania,False
2025-09-05,Morocco,Niger,5,0,World Cup qualifier,Morocco,False
2025-09-05,Senegal,Sudan,2,0,World Cup qualifier,Senegal,False
2025-09-05,South Africa,Lesotho,3,0,World Cup qualifier,South Africa,False
2025-09-05,Uganda,Mozambique,4,0,World Cup qualifier,Uganda,False
2025-09-05,Oman,Turkmenistan,2,1,Central Asian Nations Cup,Uzbekistan,True
2025-09-05,Uzbekistan,Kyrgyzstan,4,0,Central Asian Nations Cup,Uzbekistan,False
2025-09-05,Australia,New Zealand,1,0,Friendly,Australia,False
2025-09-05,Indonesia,Taiwan,6,0,Friendly,Indonesia,False
2025-09-05,Romania,Canada,0,3,Friendly,Romania,False
2025-09-05,Guinea,Somalia,3,0,World Cup qualifier,Uganda,True
2025-09-05,Bermuda,Jamaica,0,4,World Cup qualifier,Bermuda,False
2025-09-05,Trinidad and Tobago,Curaçao,0,0,World Cup qualifier,Trinidad and Tobago,False
2025-09-05,Nicaragua,Costa Rica,1,1,World Cup qualifier,Nicaragua,False
2025-09-05,Haiti,Honduras,0,0,World Cup qualifier,Curaçao,True
2025-09-06,Austria,Cyprus,1,0,World Cup qualifier,Austria,False
2025-09-06,England,Andorra,2,0,World Cup qualifier,England,False
2025-09-06,Ireland,Hungary,2,2,World Cup qualifier,Ireland,False
2025-09-06,Latvia,Serbia,0,1,World Cup qualifier,Latvia,False
2025-09-06,Nepal,Bangladesh,0,0,Friendly,Nepal,False
2025-09-06,Nigeria,Rwanda,1,0,World Cup qualifier,Nigeria,False
2025-09-06,Sri Lanka,Maldives,0,3,Friendly tournament,Sri Lanka,False
2025-09-06,United States,South Korea,0,2,Friendly,United States,False
2025-09-06,San Marino,Bosnia and Herzegovina,0,6,World Cup qualifier,San Marino,False
2025-09-06,Armenia,Portugal,0,5,World Cup qualifier,Armenia,False
2025-09-06,Japan,Mexico,0,0,Friendly,United States,True
2025-09-07,Germany,Northern Ireland,3,1,World Cup qualifier,Germany,False
2025-09-07,Lithuania,Netherlands,2,3,World Cup qualifier,Lithuania,False
2025-09-07,Luxembourg,Slovakia,0,1,World Cup qualifier,Luxembourg,False
2025-09-07,North Macedonia,Liechtenstein,5,0,World Cup qualifier,North Macedonia,False
2025-09-07,Poland,Finland,3,1,World Cup qualifier,Poland,False
2025-09-07,Georgia,Bulgaria,3,0,World Cup qualifier,Georgia,False
2025-09-07,Comoros,Central African Republic,2,0,World Cup qualifier,Morocco,True
2025-09-07,Hong Kong,Fiji,8,0,King's Cup,Thailand,True
2025-09-07,Thailand,Iraq,0,1,King's Cup,Thailand,False
2025-09-07,Qatar,Russia,1,4,Friendly,Qatar,False
2025-09-07,Turkey,Spain,0,6,World Cup qualifier,Turkey,False
2025-09-07,Belgium,Kazakhstan,6,0,World Cup qualifier,Belgium,False
2025-09-08,Ghana,Mali,1,0,World Cup qualifier,Ghana,False
2025-09-08,Equatorial Guinea,Tunisia,0,1,World Cup qualifier,Equatorial Guinea,False
2025-09-08,Algeria,Guinea,0,0,World Cup qualifier,Morocco,True
2025-09-08,Switzerland,Slovenia,3,0,World Cup qualifier,Switzerland,False
2025-09-08,Kosovo,Sweden,2,0,World Cup qualifier,Kosovo,False
2025-09-08,Guinea-Bissau,Djibouti,2,0,World Cup qualifier,Guinea-Bissau,False
2025-09-08,Italy,Israel,5,4,World Cup qualifier,Hungary,True
2025-09-08,Greece,Denmark,0,3,World Cup qualifier,Greece,False
2025-09-08,Gibraltar,Faroe Islands,0,1,World Cup qualifier,Gibraltar,False
2025-09-08,Scotland,Belarus,2,0,World Cup qualifier,Hungary,True
2025-09-08,Libya,Eswatini,2,0,World Cup qualifier,Libya,False
2025-09-08,Mozambique,Botswana,2,0,World Cup qualifier,Mozambique,False
2025-09-08,Malawi,Liberia,2,2,World Cup qualifier,Malawi,False
2025-09-08,Uganda,Somalia,2,0,World Cup qualifier,Uganda,False
2025-09-08,Zambia,Morocco,0,2,World Cup qualifier,Zambia,False
2025-09-08,India,Oman,1,1,Central Asian Nations Cup,Tajikistan,True
2025-09-08,Uzbekistan,Iran,1,0,Central Asian Nations Cup,Uzbekistan,False
2025-09-08,Czechia,Saudi Arabia,1,1,Friendly,Czechia,False
2025-09-08,Indonesia,Lebanon,0,0,Friendly,Indonesia,False
2025-09-08,Kuwait,Syria,2,2,Friendly,Qatar,True
2025-09-08,Malaysia,Palestine,1,0,Friendly,Malaysia,False
2025-09-08,United Arab Emirates,Bahrain,1,0,Friendly,United Arab Emirates,False
2025-09-08,Madagascar,Chad,3,1,World Cup qualifier,Morocco,True
2025-09-08,Croatia,Montenegro,4,0,World Cup qualifier,Croatia,False
2025-09-08,El Salvador,Suriname,1,2,World Cup qualifier,El Salvador,False
2025-09-08,Panama,Guatemala,1,1,World Cup qualifier,Panama,False
2025-09-09,Cyprus,Romania,2,2,World Cup qualifier,Cyprus,False
2025-09-09,Angola,Mauritius,3,1,World Cup qualifier,Angola,False
2025-09-09,Serbia,England,0,5,World Cup qualifier,Serbia,False
2025-09-09,Norway,Moldova,11,1,World Cup qualifier,Norway,False
2025-09-09,Hungary,Portugal,2,3,World Cup qualifier,Hungary,False
2025-09-09,France,Iceland,2,1,World Cup qualifier,France,False
2025-09-09,Bosnia and Herzegovina,Austria,1,2,World Cup qualifier,Bosnia and Herzegovina,False
2025-09-09,Venezuela,Colombia,3,6,World Cup qualifier,Venezuela,False
2025-09-09,Armenia,Ireland,2,1,World Cup qualifier,Armenia,False
2025-09-09,Albania,Latvia,1,0,World Cup qualifier,Albania,False
2025-09-09,Jamaica,Trinidad and Tobago,2,0,World Cup qualifier,Jamaica,False
2025-09-09,Curaçao,Bermuda,3,2,World Cup qualifier,Curaçao,False
2025-09-09,Benin,Lesotho,4,0,World Cup qualifier,Ivory Coast,True
2025-09-09,Peru,Paraguay,0,1,World Cup qualifier,Peru,False
2025-09-09,Ecuador,Argentina,1,0,World Cup qualifier,Ecuador,False
2025-09-09,Chile,Uruguay,0,0,World Cup qualifier,Chile,False
2025-09-09,Azerbaijan,Ukraine,1,1,World Cup qualifier,Azerbaijan,False
2025-09-09,Burkina Faso,Egypt,0,0,World Cup qualifier,Burkina Faso,False
2025-09-09,Namibia,Sao Tome and Principe,3,0,World Cup qualifier,Botswana,True
2025-09-09,DR Congo,Senegal,2,3,World Cup qualifier,DR Congo,False
2025-09-09,Wales,Canada,0,1,Friendly,Wales,False
2025-09-09,United States,Japan,2,0,Friendly,United States,False
2025-09-09,Sri Lanka,Maldives,1,1,Friendly,Sri Lanka,False
2025-09-09,Singapore,Myanmar,1,1,Friendly,Singapore,False
2025-09-09,New Zealand,Australia,1,3,Friendly,New Zealand,False
2025-09-09,Malta,San Marino,3,1,Friendly,Malta,False
2025-09-09,Jordan,Dominican Republic,3,0,Friendly,Jordan,False
2025-09-09,Estonia,Andorra,0,0,Friendly,Estonia,False
2025-09-09,Togo,Sudan,1,0,World Cup qualifier,Togo,False
2025-09-09,Tanzania,Niger,0,1,World Cup qualifier,Tanzania,False
2025-09-09,South Africa,Nigeria,1,1,World Cup qualifier,South Africa,False
2025-09-09,Sierra Leone,Ethiopia,2,0,World Cup qualifier,Liberia,True
2025-09-09,Rwanda,Zimbabwe,1,0,World Cup qualifier,South Africa,True
2025-09-09,Mauritania,South Sudan,0,0,World Cup qualifier,Mauritania,False
2025-09-09,Kenya,Seychelles,5,0,World Cup qualifier,Kenya,False
2025-09-09,Gambia,Burundi,2,0,World Cup qualifier,Kenya,True
2025-09-09,Gabon,Ivory Coast,0,0,World Cup qualifier,Gabon,False
2025-09-09,Cape Verde,Cameroon,1,0,World Cup qualifier,Cape Verde,False
2025-09-09,Bolivia,Brazil,1,0,World Cup qualifier,Bolivia,False
2025-09-09,Costa Rica,Haiti,3,3,World Cup qualifier,Costa Rica,False
2025-09-09,Honduras,Nicaragua,2,0,World Cup qualifier,Honduras,False
2025-09-09,Mexico,South Korea,2,2,Friendly,United States,True
2025-09-09,Sri Lanka,Maldives,1,1,Friendly tournament,Sri Lanka,False
2025-10-03,Saint Kitts and Nevis,Saint Martin,5,0,Friendly,Saint Kitts and Nevis,False
2025-10-04,Saint Kitts and Nevis,Saint Martin,2,1,Friendly,Saint Kitts and Nevis,False
2025-10-05,St Vincent & Grenadines,Cuba,7,0,Friendly,St Vincent & Grenadines,False
2025-10-08,Chad,Mali,0,2,World Cup qualifier,Chad,False
2025-10-08,Egypt,Djibouti,3,0,World Cup qualifier,Morocco,True
2025-10-08,Libya,Cape Verde,3,3,World Cup qualifier,Libya,False
2025-10-08,Eswatini,Angola,2,2,World Cup qualifier,Eswatini,False
2025-10-08,Ethiopia,Guinea-Bissau,1,0,World Cup qualifier,Rwanda,True
2025-10-08,Ghana,Central African Republic,5,0,World Cup qualifier,Morocco,True
2025-10-08,Madagascar,Comoros,2,1,World Cup qualifier,Ivory Coast,True
2025-10-08,Gibraltar,New Caledonia,0,2,Friendly,Gibraltar,False
2025-10-08,Niger,Congo,3,1,World Cup qualifier,Burkina Faso,True
2025-10-08,Tanzania,Zambia,0,1,World Cup qualifier,Tanzania,False
2025-10-08,Qatar,Oman,0,0,World Cup qualifier,Qatar,False
2025-10-08,Saudi Arabia,Indonesia,3,2,World Cup qualifier,Saudi Arabia,False
2025-10-08,Grenada,British Virgin Islands,4,1,Friendly,Grenada,False
2025-10-08,St Vincent & Grenadines,Cuba,1,0,Friendly,St Vincent & Grenadines,False
2025-10-08,Mauritius,Cameroon,0,2,World Cup qualifier,Mauritius,False
2025-10-08,Burkina Faso,Sierra Leone,1,0,World Cup qualifier,Liberia,True
2025-10-09,Mozambique,Guinea,1,2,World Cup qualifier,Mozambique,False
2025-10-09,Liberia,Namibia,3,1,World Cup qualifier,Liberia,False
2025-10-09,Burundi,Kenya,0,1,World Cup qualifier,Burundi,False
2025-10-09,Botswana,Uganda,0,1,World Cup qualifier,Botswana,False
2025-10-09,Algeria,Somalia,3,0,World Cup qualifier,Algeria,False
2025-10-09,Faroe Islands,Montenegro,4,0,World Cup qualifier,Faroe Islands,False
2025-10-09,Malta,Netherlands,0,4,World Cup qualifier,Malta,False
2025-10-09,Finland,Lithuania,2,1,World Cup qualifier,Finland,False
2025-10-09,Bangladesh,Hong Kong,3,4,Asian Cup qualifier,Bangladesh,False
2025-10-09,Denmark,Belarus,6,0,World Cup qualifier,Hungary,True
2025-10-09,Czechia,Croatia,0,0,World Cup qualifier,Czechia,False
2025-10-09,Cyprus,Bosnia and Herzegovina,2,2,World Cup qualifier,Cyprus,False
2025-10-09,Scotland,Greece,3,1,World Cup qualifier,Scotland,False
2025-10-09,Brunei,Yemen,0,2,Asian Cup qualifier,Brunei,False
2025-10-09,Philippines,East Timor,4,1,Asian Cup qualifier,Australia,True
2025-10-09,Lebanon,Bhutan,2,0,Asian Cup qualifier,Qatar,True
2025-10-09,Pakistan,Afghanistan,0,0,Asian Cup qualifier,Pakistan,False
2025-10-09,Singapore,India,1,1,Asian Cup qualifier,Singapore,False
2025-10-09,Sri Lanka,Turkmenistan,1,0,Asian Cup qualifier,Sri Lanka,False
2025-10-09,Syria,Myanmar,5,1,Asian Cup qualifier,Saudi Arabia,True
2025-10-09,Tajikistan,Maldives,2,0,Asian Cup qualifier,Tajikistan,False
2025-10-09,Thailand,Taiwan,2,0,Asian Cup qualifier,Thailand,False
2025-10-09,Vietnam,Nepal,3,1,Asian Cup qualifier,Vietnam,False
2025-10-09,England,Wales,3,0,Friendly,England,False
2025-10-09,Morocco,Bahrain,1,0,Friendly,Morocco,False
2025-10-09,Poland,New Zealand,1,0,Friendly,Poland,False
2025-10-09,Romania,Moldova,2,1,Friendly,Romania,False
2025-10-09,Uzbekistan,Kuwait,2,0,Friendly,Uzbekistan,False
2025-10-09,Laos,Malaysia,0,3,Asian Cup qualifier,Laos,False
2025-10-09,Austria,San Marino,10,0,World Cup qualifier,Austria,False
2025-10-09,Honduras,Costa Rica,0,0,World Cup qualifier,Honduras,False
2025-10-09,Nicaragua,Haiti,0,3,World Cup qualifier,Nicaragua,False
2025-10-10,Sweden,Switzerland,0,2,World Cup qualifier,Sweden,False
2025-10-10,Northern Ireland,Slovakia,2,0,World Cup qualifier,Northern Ireland,False
2025-10-10,Kosovo,Slovenia,0,0,World Cup qualifier,Kosovo,False
2025-10-10,Kazakhstan,Liechtenstein,4,0,World Cup qualifier,Kazakhstan,False
2025-10-10,France,Azerbaijan,3,0,World Cup qualifier,France,False
2025-10-10,Germany,Luxembourg,4,0,World Cup qualifier,Germany,False
2025-10-10,Belgium,North Macedonia,0,0,World Cup qualifier,Belgium,False
2025-10-10,Suriname,Guatemala,1,1,World Cup qualifier,Suriname,False
2025-10-10,Curaçao,Jamaica,2,0,World Cup qualifier,Curaçao,False
2025-10-10,Gabon,Gambia,4,3,World Cup qualifier,Kenya,True
2025-10-10,Iceland,Ukraine,3,5,World Cup qualifier,Iceland,False
2025-10-10,Ivory Coast,Seychelles,7,0,World Cup qualifier,Mauritius,True
2025-10-10,Bolivia,Jordan,1,0,Friendly,Turkey,True
2025-10-10,Nigeria,Lesotho,2,1,World Cup qualifier,South Africa,True
2025-10-10,Rwanda,Benin,0,1,World Cup qualifier,Rwanda,False
2025-10-10,South Africa,Zimbabwe,0,0,World Cup qualifier,South Africa,False
2025-10-10,South Sudan,Senegal,0,5,World Cup qualifier,South Sudan,False
2025-10-10,Togo,DR Congo,0,1,World Cup qualifier,Togo,False
2025-10-10,Tunisia,Sao Tome and Principe,6,0,World Cup qualifier,Tunisia,False
2025-10-10,Canada,Australia,0,1,Friendly,Canada,False
2025-10-10,Chile,Peru,2,1,Friendly,Chile,False
2025-10-10,Japan,Paraguay,2,2,Friendly,Japan,False
2025-10-10,Russia,Iran,2,1,Friendly,Russia,False
2025-10-10,South Korea,Brazil,0,5,Friendly,South Korea,False
2025-10-10,Uruguay,Dominican Republic,1,0,Friendly,Malaysia,True
2025-10-10,Mauritania,Sudan,0,0,World Cup qualifier,Tanzania,True
2025-10-10,Bermuda,Trinidad and Tobago,0,3,World Cup qualifier,Bermuda,False
2025-10-10,El Salvador,Panama,0,1,World Cup qualifier,El Salvador,False
2025-10-10,United States,Ecuador,1,1,Friendly,United States,False
2025-10-10,Argentina,Venezuela,1,0,Friendly,United States,True
2025-10-11,Estonia,Italy,1,3,World Cup qualifier,Estonia,False
2025-10-11,Hungary,Armenia,2,0,World Cup qualifier,Hungary,False
2025-10-11,Latvia,Andorra,2,2,World Cup qualifier,Latvia,False
2025-10-11,Norway,Israel,5,0,World Cup qualifier,Norway,False
2025-10-11,Spain,Georgia,2,0,World Cup qualifier,Spain,False
2025-10-11,Serbia,Albania,0,1,World Cup qualifier,Serbia,False
2025-10-11,Iraq,Indonesia,1,0,World Cup qualifier,Saudi Arabia,True
2025-10-11,United Arab Emirates,Oman,2,1,World Cup qualifier,Qatar,True
2025-10-11,Portugal,Ireland,1,0,World Cup qualifier,Portugal,False
2025-10-11,Bulgaria,Turkey,1,6,World Cup qualifier,Bulgaria,False
2025-10-11,Grenada,Cuba,2,0,Friendly,Grenada,False
2025-10-11,Colombia,Mexico,4,0,Friendly,United States,True
2025-10-12,Denmark,Greece,3,1,World Cup qualifier,Denmark,False
2025-10-12,Faroe Islands,Czechia,2,1,World Cup qualifier,Faroe Islands,False
2025-10-12,Lithuania,Poland,0,2,World Cup qualifier,Lithuania,False
2025-10-12,Netherlands,Finland,4,0,World Cup qualifier,Netherlands,False
2025-10-12,Romania,Austria,1,0,World Cup qualifier,Romania,False
2025-10-12,San Marino,Cyprus,0,4,World Cup qualifier,San Marino,False
2025-10-12,Scotland,Belarus,2,1,World Cup qualifier,Scotland,False
2025-10-12,Egypt,Guinea-Bissau,1,0,World Cup qualifier,Egypt,False
2025-10-12,Chad,Central African Republic,2,3,World Cup qualifier,Chad,False
2025-10-12,Ghana,Comoros,1,0,World Cup qualifier,Ghana,False
2025-10-12,Mali,Madagascar,4,1,World Cup qualifier,Mali,False
2025-10-12,Sierra Leone,Djibouti,2,1,World Cup qualifier,Morocco,True
2025-10-12,Zambia,Niger,0,1,World Cup qualifier,Zambia,False
2025-10-12,Malta,Bosnia and Herzegovina,1,4,Friendly,Malta,False
2025-10-12,Burkina Faso,Ethiopia,3,1,World Cup qualifier,Burkina Faso,False
2025-10-12,Croatia,Gibraltar,3,0,World Cup qualifier,Croatia,False
2025-10-13,North Macedonia,Kazakhstan,1,1,World Cup qualifier,North Macedonia,False
2025-10-13,Northern Ireland,Germany,0,1,World Cup qualifier,Northern Ireland,False
2025-10-13,Slovakia,Luxembourg,2,0,World Cup qualifier,Slovakia,False
2025-10-13,Slovenia,Switzerland,0,0,World Cup qualifier,Slovenia,False
2025-10-13,Sweden,Kosovo,0,1,World Cup qualifier,Sweden,False
2025-10-13,Ukraine,Azerbaijan,2,1,World Cup qualifier,Poland,True
2025-10-13,Wales,Belgium,2,4,World Cup qualifier,Wales,False
2025-10-13,Cameroon,Angola,0,0,World Cup qualifier,Cameroon,False
2025-10-13,Mauritius,Libya,0,0,World Cup qualifier,Mauritius,False
2025-10-13,Equatorial Guinea,Liberia,1,1,World Cup qualifier,Equatorial Guinea,False
2025-10-13,Lesotho,Zimbabwe,1,0,World Cup qualifier,South Africa,True
2025-10-13,Sao Tome and Principe,Malawi,1,0,World Cup qualifier,Tunisia,True
2025-10-13,South Sudan,Togo,0,0,World Cup qualifier,South Sudan,False
2025-10-13,Tunisia,Namibia,3,0,World Cup qualifier,Tunisia,False
2025-10-13,Montenegro,Liechtenstein,2,1,Friendly,Montenegro,False
2025-10-13,Uruguay,Uzbekistan,2,1,Friendly,Malaysia,True
2025-10-13,Cape Verde,Eswatini,3,0,World Cup qualifier,Cape Verde,False
2025-10-13,Iceland,France,2,2,World Cup qualifier,Iceland,False
2025-10-13,Honduras,Haiti,3,0,World Cup qualifier,Honduras,False
2025-10-13,Costa Rica,Nicaragua,4,1,World Cup qualifier,Costa Rica,False
2025-10-14,DR Congo,Sudan,1,0,World Cup qualifier,DR Congo,False
2025-10-14,Nigeria,Benin,4,0,World Cup qualifier,Nigeria,False
2025-10-14,Mozambique,Somalia,1,0,World Cup qualifier,Algeria,True
2025-10-14,Morocco,Congo,1,0,World Cup qualifier,Morocco,False
2025-10-14,Ivory Coast,Kenya,3,0,World Cup qualifier,Ivory Coast,False
2025-10-14,Gambia,Seychelles,7,0,World Cup qualifier,Mauritius,True
2025-10-14,Gabon,Burundi,2,0,World Cup qualifier,Gabon,False
2025-10-14,Botswana,Guinea,2,2,World Cup qualifier,South Africa,True
2025-10-14,Portugal,Hungary,2,2,World Cup qualifier,Portugal,False
2025-10-14,Turkey,Georgia,4,1,World Cup qualifier,Turkey,False
2025-10-14,Spain,Bulgaria,4,0,World Cup qualifier,Spain,False
2025-10-14,Senegal,Mauritania,4,0,World Cup qualifier,Senegal,False
2025-10-14,Latvia,England,0,5,World Cup qualifier,Latvia,False
2025-10-14,Italy,Israel,3,0,World Cup qualifier,Italy,False
2025-10-14,Ireland,Armenia,1,0,World Cup qualifier,Ireland,False
2025-10-14,Estonia,Moldova,1,1,World Cup qualifier,Estonia,False
2025-10-14,Andorra,Serbia,1,3,World Cup qualifier,Andorra,False
2025-10-14,Algeria,Uganda,2,1,World Cup qualifier,Algeria,False
2025-10-14,South Africa,Rwanda,3,0,World Cup qualifier,South Africa,False
2025-10-14,India,Singapore,1,2,Asian Cup qualifier,India,False
2025-10-14,Saudi Arabia,Iraq,0,0,World Cup qualifier,Saudi Arabia,False
2025-10-14,South Korea,Paraguay,2,0,Friendly,South Korea,False
2025-10-14,Russia,Bolivia,3,0,Friendly,Russia,False
2025-10-14,Norway,New Zealand,1,1,Friendly,Norway,False
2025-10-14,Japan,Brazil,3,2,Friendly,Japan,False
2025-10-14,Iran,Tanzania,2,0,Friendly,United Arab Emirates,True
2025-10-14,Albania,Jordan,4,2,Friendly,Albania,False
2025-10-14,Yemen,Brunei,9,0,Asian Cup qualifier,Kuwait,True
2025-10-14,Vietnam,Nepal,1,0,Asian Cup qualifier,Vietnam,False
2025-10-14,Turkmenistan,Sri Lanka,2,1,Asian Cup qualifier,Turkmenistan,False
2025-10-14,Taiwan,Thailand,1,6,Asian Cup qualifier,Taiwan,False
2025-10-14,Philippines,East Timor,3,1,Asian Cup qualifier,Philippines,False
2025-10-14,Myanmar,Syria,0,3,Asian Cup qualifier,Myanmar,False
2025-10-14,Maldives,Tajikistan,0,3,Asian Cup qualifier,Maldives,False
2025-10-14,Malaysia,Laos,5,1,Asian Cup qualifier,Malaysia,False
2025-10-14,Lebanon,Bhutan,4,0,Asian Cup qualifier,Qatar,True
2025-10-14,Hong Kong,Bangladesh,1,1,Asian Cup qualifier,Hong Kong,False
2025-10-14,Afghanistan,Pakistan,1,1,Asian Cup qualifier,Kuwait,True
2025-10-14,Qatar,United Arab Emirates,2,1,World Cup qualifier,Qatar,False
2025-10-14,Curaçao,Trinidad and Tobago,1,1,World Cup qualifier,Curaçao,False
2025-10-14,Panama,Suriname,1,1,World Cup qualifier,Panama,False
2025-10-14,Jamaica,Bermuda,4,0,World Cup qualifier,Jamaica,False
2025-10-14,El Salvador,Guatemala,0,1,World Cup qualifier,El Salvador,False
2025-10-14,United States,Australia,2,1,Friendly,United States,False
2025-10-14,Mexico,Ecuador,1,1,Friendly,Mexico,False
2025-10-14,Canada,Colombia,0,0,Friendly,United States,True
2025-10-14,Argentina,Puerto Rico,6,0,Friendly,United States,True
2025-11-09,Saint Martin,Anguilla,1,2,Friendly,Saint Martin,False
2025-11-12,Saint Martin,Dominica,2,1,Friendly tournament,Saint Kitts and Nevis,True
2025-11-12,Saint Kitts and Nevis,Sint Maarten,0,0,Friendly tournament,Saint Kitts and Nevis,False
2025-11-12,Russia,Peru,1,1,Friendly,Russia,False
2025-11-12,Dominican Republic,St Vincent & Grenadines,2,0,Friendly tournament,Dominican Republic,False
2025-11-12,Cuba,Saint Lucia,3,0,Friendly tournament,Dominican Republic,True
2025-11-12,Cayman Islands,British Virgin Islands,1,2,Friendly tournament,Cayman Islands,False
2025-11-12,Barbados,Bonaire,3,2,Friendly tournament,Antigua and Barbuda,True
2025-11-12,Antigua and Barbuda,Aruba,0,0,Friendly tournament,Antigua and Barbuda,False
2025-11-12,Tunisia,Mauritania,1,1,Friendly,Tunisia,False
2025-11-12,Anguilla,Bahamas,2,1,Friendly tournament,Cayman Islands,True
2025-11-13,Andorra,Albania,0,1,World Cup qualifier,Andorra,False
2025-11-13,Armenia,Hungary,0,1,World Cup qualifier,Armenia,False
2025-11-13,Azerbaijan,Iceland,0,2,World Cup qualifier,Azerbaijan,False
2025-11-13,England,Serbia,2,0,World Cup qualifier,England,False
2025-11-13,France,Ukraine,4,0,World Cup qualifier,France,False
2025-11-13,Ireland,Portugal,2,0,World Cup qualifier,Ireland,False
2025-11-13,Moldova,Italy,0,2,World Cup qualifier,Moldova,False
2025-11-13,Norway,Estonia,4,1,World Cup qualifier,Norway,False
2025-11-13,DR Congo,Cameroon,1,0,World Cup qualifier,Morocco,True
2025-11-13,Nigeria,Gabon,4,1,World Cup qualifier,Morocco,True
2025-11-13,Papua New Guinea,Solomon Islands,1,0,Melanesian Cup,Papua New Guinea,False
2025-11-13,Algeria,Zimbabwe,3,1,Friendly,Saudi Arabia,True
2025-11-13,Bangladesh,Nepal,2,2,Friendly,Bangladesh,False
2025-11-13,Cape Verde,Iran,0,0,Friendly tournament,United Arab Emirates,True
2025-11-13,Czechia,San Marino,1,0,Friendly,Czechia,False
2025-11-13,Hong Kong,Cambodia,1,1,Friendly,Hong Kong,False
2025-11-13,India,Bhutan,6,1,Friendly,India,False
2025-11-13,Lithuania,Israel,0,0,Friendly,Lithuania,False
2025-11-13,North Macedonia,Latvia,0,0,Friendly,North Macedonia,False
2025-11-13,Thailand,Singapore,3,2,Friendly,Thailand,False
2025-11-13,United Arab Emirates,Iraq,1,1,World Cup qualifier,United Arab Emirates,False
2025-11-13,Suriname,El Salvador,4,0,World Cup qualifier,Suriname,False
2025-11-13,Trinidad and Tobago,Jamaica,1,1,World Cup qualifier,Trinidad and Tobago,False
2025-11-13,Nicaragua,Honduras,2,0,World Cup qualifier,Nicaragua,False
2025-11-13,Haiti,Costa Rica,1,0,World Cup qualifier,Curaçao,True
2025-11-13,Guatemala,Panama,2,3,World Cup qualifier,Guatemala,False
2025-11-13,Bermuda,Curaçao,0,7,World Cup qualifier,Bermuda,False
2025-11-13,Canada,Ecuador,0,0,Friendly,Canada,False
2025-11-14,Burkina Faso,Niger,3,2,Friendly,Morocco,True
2025-11-14,Finland,Malta,0,1,World Cup qualifier,Finland,False
2025-11-14,Gibraltar,Montenegro,1,2,World Cup qualifier,Gibraltar,False
2025-11-14,Luxembourg,Germany,0,2,World Cup qualifier,Luxembourg,False
2025-11-14,Poland,Netherlands,1,1,World Cup qualifier,Poland,False
2025-11-14,Slovakia,Northern Ireland,1,0,World Cup qualifier,Slovakia,False
2025-11-14,Angola,Argentina,0,2,Friendly,Angola,False
2025-11-14,Comoros,Namibia,1,0,Friendly,Comoros,False
2025-11-14,South Korea,Bolivia,2,0,Friendly,South Korea,False
2025-11-14,Grenada,US Virgin Islands,4,1,Friendly,Grenada,False
2025-11-14,Japan,Ghana,2,0,Friendly,Japan,False
2025-11-14,Morocco,Mozambique,1,0,Friendly,Morocco,False
2025-11-14,Oman,Sudan,2,0,Friendly,Oman,False
2025-11-14,Saudi Arabia,Ivory Coast,1,0,Friendly,Saudi Arabia,False
2025-11-14,Tunisia,Jordan,3,2,Friendly,Tunisia,False
2025-11-14,Uganda,Chad,2,1,Friendly,Morocco,True
2025-11-14,Uzbekistan,Egypt,2,0,Friendly tournament,United Arab Emirates,True
2025-11-14,Equatorial Guinea,Kenya,1,0,Friendly,Turkey,True
2025-11-14,Croatia,Faroe Islands,3,1,World Cup qualifier,Croatia,False
2025-11-14,Venezuela,Australia,1,0,Friendly,United States,True
2025-11-15,Switzerland,Sweden,4,1,World Cup qualifier,Switzerland,False
2025-11-15,Slovenia,Kosovo,0,2,World Cup qualifier,Slovenia,False
2025-11-15,Liechtenstein,Wales,0,1,World Cup qualifier,Liechtenstein,False
2025-11-15,Cyprus,Austria,0,2,World Cup qualifier,Cyprus,False
2025-11-15,Greece,Scotland,3,2,World Cup qualifier,Greece,False
2025-11-15,Georgia,Spain,0,4,World Cup qualifier,Georgia,False
2025-11-15,Denmark,Belarus,2,2,World Cup qualifier,Denmark,False
2025-11-15,Turkey,Bulgaria,2,0,World Cup qualifier,Turkey,False
2025-11-15,Kazakhstan,Belgium,1,1,World Cup qualifier,Kazakhstan,False
2025-11-15,Aruba,Barbados,3,0,Friendly tournament,Antigua and Barbuda,True
2025-11-15,Guyana,Bonaire,2,1,Friendly tournament,Antigua and Barbuda,True
2025-11-15,Brazil,Senegal,2,0,Friendly,England,True
2025-11-15,British Virgin Islands,Bahamas,6,0,Friendly tournament,Cayman Islands,True
2025-11-15,Guinea,Liberia,2,0,Friendly,Morocco,True
2025-11-15,Kuwait,Tanzania,4,3,Friendly,Egypt,True
2025-11-15,Lesotho,Malawi,0,0,Friendly,South Africa,True
2025-11-15,Libya,Mauritania,1,0,Friendly,Libya,False
2025-11-15,Russia,Chile,0,2,Friendly,Russia,False
2025-11-15,Sint Maarten,Dominica,3,2,Friendly tournament,Saint Kitts and Nevis,True
2025-11-15,South Africa,Zambia,3,1,Friendly,South Africa,False
2025-11-15,United States,Paraguay,2,1,Friendly,United States,False
2025-11-15,Belize,Saint Martin,1,0,Friendly tournament,Saint Kitts and Nevis,True
2025-11-15,Bosnia and Herzegovina,Romania,3,1,World Cup qualifier,Bosnia and Herzegovina,False
2025-11-15,Cayman Islands,Anguilla,4,0,Friendly tournament,Cayman Islands,False
2025-11-15,St Vincent & Grenadines,Saint Lucia,3,1,Friendly tournament,Dominican Republic,True
2025-11-15,Mexico,Uruguay,0,0,Friendly,Mexico,False
2025-11-15,Cuba,Martinique,2,0,Friendly tournament,Dominican Republic,True
2025-11-15,Colombia,New Zealand,2,1,Friendly,United States,True
2025-11-16,DR Congo,Nigeria,1,1,World Cup qualifier,Morocco,True
2025-11-16,Ukraine,Iceland,2,0,World Cup qualifier,Poland,True
2025-11-16,Serbia,Latvia,2,1,World Cup qualifier,Serbia,False
2025-11-16,Portugal,Armenia,9,1,World Cup qualifier,Portugal,False
2025-11-16,Moldova,Israel,1,4,World Cup qualifier,Moldova,False
2025-11-16,Italy,Norway,1,4,World Cup qualifier,Italy,False
2025-11-16,Hungary,Ireland,2,3,World Cup qualifier,Hungary,False
2025-11-16,Azerbaijan,France,1,3,World Cup qualifier,Azerbaijan,False
2025-11-16,Albania,England,0,2,World Cup qualifier,Albania,False
2025-11-17,Germany,Slovakia,6,0,World Cup qualifier,Germany,False
2025-11-17,Malta,Poland,2,3,World Cup qualifier,Malta,False
2025-11-17,Montenegro,Croatia,2,3,World Cup qualifier,Montenegro,False
2025-11-17,Netherlands,Lithuania,4,0,World Cup qualifier,Netherlands,False
2025-11-17,Northern Ireland,Luxembourg,1,0,World Cup qualifier,Northern Ireland,False
2025-11-17,Vanuatu,Fiji,2,0,Melanesian Cup,Papua New Guinea,True
2025-11-17,Cape Verde,Egypt,1,1,Friendly tournament,United Arab Emirates,True
2025-11-17,Chad,Mozambique,2,2,Friendly,Morocco,True
2025-11-17,Comoros,Namibia,4,0,Friendly,Comoros,False
2025-11-17,Finland,Andorra,4,0,Friendly,Finland,False
2025-11-17,Madagascar,Equatorial Guinea,2,0,Friendly,Turkey,True
2025-11-17,Qatar,Zimbabwe,1,2,Friendly,Qatar,False
2025-11-17,Bahrain,Somalia,1,2,Friendly,Bahrain,False
2025-11-17,Czechia,Gibraltar,6,0,World Cup qualifier,Czechia,False
2025-11-18,Brunei,Lebanon,0,3,Asian Cup qualifier,Brunei,False
2025-11-18,Tajikistan,East Timor,5,0,Asian Cup qualifier,Australia,True
2025-11-18,Sri Lanka,Thailand,0,4,Asian Cup qualifier,Sri Lanka,False
2025-11-18,Pakistan,Syria,0,5,Asian Cup qualifier,Pakistan,False
2025-11-18,Maldives,Philippines,0,2,Asian Cup qualifier,Maldives,False
2025-11-18,Malaysia,Nepal,1,0,Asian Cup qualifier,Malaysia,False
2025-11-18,Hong Kong,Singapore,1,2,Asian Cup qualifier,Hong Kong,False
2025-11-18,Bangladesh,India,1,0,Asian Cup qualifier,Bangladesh,False
2025-11-18,Belgium,Liechtenstein,7,0,World Cup qualifier,Belgium,False
2025-11-18,Wales,North Macedonia,7,1,World Cup qualifier,Wales,False
2025-11-18,Sweden,Slovenia,1,1,World Cup qualifier,Sweden,False
2025-11-18,Spain,Turkey,2,2,World Cup qualifier,Spain,False
2025-11-18,Scotland,Denmark,4,2,World Cup qualifier,Scotland,False
2025-11-18,Romania,San Marino,7,1,World Cup qualifier,Romania,False
2025-11-18,Kosovo,Switzerland,1,1,World Cup qualifier,Kosovo,False
2025-11-18,Bulgaria,Georgia,2,1,World Cup qualifier,Bulgaria,False
2025-11-18,Turkmenistan,Taiwan,3,1,Asian Cup qualifier,Turkmenistan,False
2025-11-18,Belarus,Greece,0,0,World Cup qualifier,Hungary,True
2025-11-18,Iraq,United Arab Emirates,2,1,World Cup qualifier,Iraq,False
2025-11-18,Yemen,Bhutan,7,1,Asian Cup qualifier,Kuwait,True
2025-11-18,Gambia,Kuwait,2,2,Friendly,Egypt,True
2025-11-18,Antigua and Barbuda,Guyana,1,4,Friendly tournament,Antigua and Barbuda,False
2025-11-18,United States,Uruguay,5,1,Friendly,United States,False
2025-11-18,South Korea,Ghana,1,0,Friendly,South Korea,False
2025-11-18,Senegal,Kenya,8,0,Friendly,Turkey,True
2025-11-18,Saudi Arabia,Algeria,0,2,Friendly,Saudi Arabia,False
2025-11-18,Saint Kitts and Nevis,Belize,2,6,Friendly tournament,Saint Kitts and Nevis,False
2025-11-18,Oman,Ivory Coast,0,2,Friendly,Oman,False
2025-11-18,Morocco,Uganda,4,0,Friendly,Morocco,False
2025-11-18,Malawi,Lesotho,1,0,Friendly,South Africa,True
2025-11-18,Angola,Zambia,3,2,Friendly,Angola,False
2025-11-18,Jordan,Mali,0,0,Friendly,Tunisia,True
2025-11-18,Iran,Uzbekistan,0,0,Friendly tournament,United Arab Emirates,True
2025-11-18,Guinea,Niger,1,1,Friendly,Morocco,True
2025-11-18,Faroe Islands,Kazakhstan,1,0,Friendly,Croatia,True
2025-11-18,Dominican Republic,Martinique,0,0,Friendly tournament,Dominican Republic,False
2025-11-18,Cyprus,Estonia,2,4,Friendly,Cyprus,False
2025-11-18,Chile,Peru,2,1,Friendly,Russia,True
2025-11-18,Burkina Faso,Benin,3,0,Friendly,Morocco,True
2025-11-18,Brazil,Tunisia,1,1,Friendly,France,True
2025-11-18,Japan,Bolivia,3,0,Friendly,Japan,False
2025-11-18,Austria,Bosnia and Herzegovina,1,1,World Cup qualifier,Austria,False
2025-11-18,Jamaica,Curaçao,0,0,World Cup qualifier,Jamaica,False
2025-11-18,Trinidad and Tobago,Bermuda,2,1,World Cup qualifier,Trinidad and Tobago,False
2025-11-18,Panama,El Salvador,3,0,World Cup qualifier,Panama,False
2025-11-18,Haiti,Nicaragua,2,0,World Cup qualifier,Curaçao,True
2025-11-18,Guatemala,Suriname,3,1,World Cup qualifier,Guatemala,False
2025-11-18,Costa Rica,Honduras,0,0,World Cup qualifier,Costa Rica,False
2025-11-18,Paraguay,Mexico,2,1,Friendly,United States,True
2025-11-18,Ecuador,New Zealand,2,0,Friendly,United States,True
2025-11-18,Colombia,Australia,3,0,Friendly,United States,True
2025-11-18,Canada,Venezuela,2,0,Friendly,United States,True
2025-11-19,Laos,Vietnam,0,2,Asian Cup qualifier,Laos,False
2025-11-20,Vanuatu,Solomon Islands,2,1,Melanesian Cup,Papua New Guinea,True
2025-11-20,Papua New Guinea,Fiji,2,0,Melanesian Cup,Papua New Guinea,False
2025-11-21,Bahrain,Somalia,0,1,Friendly,Bahrain,False
2025-11-22,Fiji,Solomon Islands,1,1,Melanesian Cup,Papua New Guinea,True
2025-11-23,Papua New Guinea,Vanuatu,2,2,Melanesian Cup,Papua New Guinea,False
2025-08-13,Turks and Caicos Islands,US Virgin Islands,1,1,Outrigger Challenger Cup,United States,True
2025-09-06,Sri Lanka,Maldives,0,3,South Asian Super Cup,Sri Lanka,False
2025-09-09,Sri Lanka,Maldives,1,1,South Asian Super Cup,Sri Lanka,False
2025-11-12,Saint Martin,Dominica,2,1,CONCACAF Series,Saint Kitts and Nevis,True
2025-11-12,Saint Kitts and Nevis,Sint Maarten,0,0,CONCACAF Series,Saint Kitts and Nevis,False
2025-11-12,Dominican Republic,St Vincent & Grenadines,2,0,CONCACAF Series,Dominican Republic,False
2025-11-12,Cuba,Saint Lucia,3,0,CONCACAF Series,Dominican Republic,True
2025-11-12,Cayman Islands,British Virgin Islands,1,2,CONCACAF Series,Cayman Islands,False
2025-11-12,Barbados,Bonaire,3,2,CONCACAF Series,Antigua and Barbuda,True
2025-11-12,Antigua and Barbuda,Aruba,0,0,CONCACAF Series,Antigua and Barbuda,False
2025-11-12,Anguilla,Bahamas,2,1,CONCACAF Series,Cayman Islands,True
2025-11-15,Belize,Saint Martin,1,0,CONCACAF Series,Saint Kitts and Nevis,True
2025-11-15,British Virgin Islands,Bahamas,6,0,CONCACAF Series,Cayman Islands,True
2025-11-15,Aruba,Barbados,3,0,CONCACAF Series,Antigua and Barbuda,True
2025-11-15,Cayman Islands,Anguilla,4,0,CONCACAF Series,Cayman Islands,False
2025-11-15,Sint Maarten,Dominica,3,2,CONCACAF Series,Saint Kitts and Nevis,True
2025-11-15,St Vincent & Grenadines,Saint Lucia,3,1,CONCACAF Series,Dominican Republic,True
2025-11-15,Guyana,Bonaire,2,1,CONCACAF Series,Antigua and Barbuda,True
2025-11-15,Cuba,Martinique,2,0,CONCACAF Series,Dominican Republic,True
2025-11-18,Saint Kitts and Nevis,Belize,2,6,CONCACAF Series,Saint Kitts and Nevis,False
2025-11-18,Antigua and Barbuda,Guyana,1,4,CONCACAF Series,Antigua and Barbuda,False
2025-11-18,Dominican Republic,Martinique,0,0,CONCACAF Series,Dominican Republic,False
2025-11-18,Trinidad and Tobago,Bermuda,2,2,World Cup qualifier,Trinidad and Tobago,False
2025-11-25,Syria,South Sudan,2,0,Arab Cup qualifier,Qatar,True
2025-11-25,Libya,Palestine,0,0,Arab Cup qualifier,Qatar,True
2025-11-25,Kuwait,Mauritania,2,0,Arab Cup qualifier,Qatar,True
2025-11-26,Sudan,Lebanon,2,1,Arab Cup qualifier,Qatar,True
2025-11-26,Oman,Somalia,0,0,Arab Cup qualifier,Qatar,True
2025-11-26,Comoros,Yemen,4,4,Arab Cup qualifier,Qatar,True
2025-11-26,Bahrain,Djibouti,1,0,Arab Cup qualifier,Qatar,True
2025-12-01,Syria,Tunisia,1,0,Arab Cup,Qatar,True
2025-12-01,Qatar,Palestine,0,1,Arab Cup,Qatar,False
2025-12-02,Saudi Arabia,Oman,2,1,Arab Cup,Qatar,True
2025-12-02,Morocco,Comoros,3,1,Arab Cup,Qatar,True
2025-12-02,Egypt,Kuwait,1,1,Arab Cup,Qatar,True
2025-12-03,Jordan,United Arab Emirates,2,1,Arab Cup,Qatar,True
2025-12-03,Iraq,Bahrain,2,1,Arab Cup,Qatar,True
2025-12-03,Algeria,Sudan,0,0,Arab Cup,Qatar,True
2025-12-04,Qatar,Syria,1,1,Arab Cup,Qatar,False
2025-12-04,Palestine,Tunisia,2,2,Arab Cup,Qatar,True
2025-12-05,Saudi Arabia,Comoros,3,1,Arab Cup,Qatar,True
2025-12-05,Morocco,Oman,0,0,Arab Cup,Qatar,True
2025-12-06,Jordan,Kuwait,3,1,Arab Cup,Qatar,True
2025-12-06,Iraq,Sudan,2,0,Arab Cup,Qatar,True
2025-12-06,Egypt,United Arab Emirates,1,1,Arab Cup,Qatar,True
2025-12-06,Algeria,Bahrain,5,1,Arab Cup,Qatar,True
2025-12-07,Qatar,Tunisia,0,3,Arab Cup,Qatar,False
2025-12-07,Palestine,Syria,0,0,Arab Cup,Qatar,True
2025-12-08,Oman,Comoros,2,1,Arab Cup,Qatar,True
2025-12-08,Morocco,Saudi Arabia,1,0,Arab Cup,Qatar,True
2025-12-09,United Arab Emirates,Kuwait,3,1,Arab Cup,Qatar,True
2025-12-09,Jordan,Egypt,3,0,Arab Cup,Qatar,True
2025-12-09,Bahrain,Sudan,3,1,Arab Cup,Qatar,True
2025-12-09,Algeria,Iraq,2,0,Arab Cup,Qatar,True
2025-10-14,Botswana,Guinea,2,2,World Cup qualifier,Morocco,True
2025-12-11,Saudi Arabia,Palestine,2,1,Arab Cup,Qatar,True
2025-12-11,Morocco,Syria,1,0,Arab Cup,Qatar,True
2025-12-12,Jordan,Iraq,1,0,Arab Cup,Qatar,True
2025-12-12,Algeria,United Arab Emirates,1,1,Arab Cup,Qatar,True
2025-12-15,Morocco,United Arab Emirates,3,0,Arab Cup,Qatar,True
2025-12-15,Jordan,Saudi Arabia,1,0,Arab Cup,Qatar,True
2025-12-16,Egypt,Nigeria,2,1,Friendly,Egypt,False
2025-12-16,DR Congo,Zambia,2,0,Friendly,Spain,True
2025-12-17,Angola,Mozambique,4,1,Friendly,Portugal,True
2025-12-18,Tunisia,Botswana,2,1,Friendly,Tunisia,False
2025-12-18,Saudi Arabia,United Arab Emirates,0,0,Arab Cup,Qatar,True
2025-12-18,Morocco,Jordan,3,2,Arab Cup,Qatar,True
2025-12-21,Peru,Bolivia,2,0,Friendly,Peru,False
2025-12-21,Morocco,Comoros,2,0,African Nations Cup,Morocco,False
2025-12-22,South Africa,Angola,2,1,African Nations Cup,Morocco,True
2025-12-22,Mali,Zambia,1,1,African Nations Cup,Morocco,True
2025-12-22,Egypt,Zimbabwe,2,1,African Nations Cup,Morocco,True
2025-12-23,Tunisia,Uganda,3,1,African Nations Cup,Morocco,True
2025-12-23,Senegal,Botswana,3,0,African Nations Cup,Morocco,True
2025-12-23,Nigeria,Tanzania,2,1,African Nations Cup,Morocco,True
2025-12-23,DR Congo,Benin,1,0,African Nations Cup,Morocco,True
2025-12-24,Ivory Coast,Mozambique,1,0,African Nations Cup,Morocco,True
2025-12-24,Cameroon,Gabon,1,0,African Nations Cup,Morocco,True
2025-12-24,Burkina Faso,Equatorial Guinea,2,1,African Nations Cup,Morocco,True
2025-12-24,Algeria,Sudan,3,0,African Nations Cup,Morocco,True
2025-12-26,Morocco,Mali,1,1,African Nations Cup,Morocco,False
2025-12-26,Egypt,South Africa,1,0,African Nations Cup,Morocco,True
2025-12-26,Comoros,Zambia,0,0,African Nations Cup,Morocco,True
2025-12-26,Angola,Zimbabwe,1,1,African Nations Cup,Morocco,True
2025-12-27,Tanzania,Uganda,1,1,African Nations Cup,Morocco,True
2025-12-27,Nigeria,Tunisia,3,2,African Nations Cup,Morocco,True
2025-12-27,DR Congo,Senegal,1,1,African Nations Cup,Morocco,True
2025-12-27,Benin,Botswana,1,0,African Nations Cup,Morocco,True
2025-12-28,Sudan,Equatorial Guinea,1,0,African Nations Cup,Morocco,True
2025-12-28,Mozambique,Gabon,3,2,African Nations Cup,Morocco,True
2025-12-28,Cameroon,Ivory Coast,1,1,African Nations Cup,Morocco,True
2025-12-28,Algeria,Burkina Faso,1,0,African Nations Cup,Morocco,True
2025-12-29,South Africa,Zimbabwe,3,2,African Nations Cup,Morocco,True
2025-12-29,Morocco,Zambia,3,0,African Nations Cup,Morocco,False
2025-12-29,Comoros,Mali,0,0,African Nations Cup,Morocco,True
2025-12-29,Angola,Egypt,0,0,African Nations Cup,Morocco,True
2025-12-30,Tanzania,Tunisia,1,1,African Nations Cup,Morocco,True
2025-12-30,Senegal,Benin,3,0,African Nations Cup,Morocco,True
2025-12-30,Nigeria,Uganda,3,1,African Nations Cup,Morocco,True
2025-12-30,DR Congo,Botswana,3,0,African Nations Cup,Morocco,True
2025-12-31,Ivory Coast,Gabon,3,2,African Nations Cup,Morocco,True
2025-12-31,Cameroon,Mozambique,2,1,African Nations Cup,Morocco,True
2025-12-31,Burkina Faso,Sudan,2,0,African Nations Cup,Morocco,True
2025-12-31,Algeria,Equatorial Guinea,3,1,African Nations Cup,Morocco,True
2026-01-03,Senegal,Sudan,3,1,African Nations Cup,Morocco,True
2026-01-03,Mali,Tunisia,1,1,African Nations Cup,Morocco,True
2026-01-04,Morocco,Tanzania,1,0,African Nations Cup,Morocco,False
2026-01-04,Cameroon,South Africa,2,1,African Nations Cup,Morocco,True
2026-01-05,Nigeria,Mozambique,4,0,African Nations Cup,Morocco,True
2026-01-05,Egypt,Benin,3,1,African Nations Cup,Morocco,True
2026-01-06,Ivory Coast,Burkina Faso,3,0,African Nations Cup,Morocco,True
2026-01-06,Algeria,DR Congo,1,0,African Nations Cup,Morocco,True
2026-01-09,Senegal,Mali,1,0,African Nations Cup,Morocco,True
2026-01-09,Morocco,Cameroon,2,0,African Nations Cup,Morocco,False
2026-01-10,Nigeria,Algeria,2,0,African Nations Cup,Morocco,True
2026-01-10,Egypt,Ivory Coast,3,2,African Nations Cup,Morocco,True
2026-01-14,Senegal,Egypt,1,0,African Nations Cup,Morocco,True
2026-01-14,Morocco,Nigeria,0,0,African Nations Cup,Morocco,False
2026-01-17,Egypt,Nigeria,0,0,African Nations Cup,Morocco,True
2026-01-17,Canada,Guatemala,1,0,Friendly,United States,True
2026-01-18,Morocco,Senegal,0,1,African Nations Cup,Morocco,False
2026-01-18,Grenada,Jamaica,0,1,Friendly,Grenada,False
2026-01-18,Bolivia,Panama,1,1,Friendly,Bolivia,False
2026-01-22,Panama,Mexico,0,1,Friendly,Panama,False
2026-01-25,Bolivia,Mexico,0,1,Friendly,Bolivia,False
2026-01-26,China,Uzbekistan,2,2,Friendly,United Arab Emirates,True
2026-02-21,Martinique,Jamaica,0,2,Friendly,Martinique,False
2026-02-25,Mexico,Iceland,4,0,Friendly,Mexico,False
2026-03-15,Bolivia,Trinidad and Tobago,3,0,Friendly,Bolivia,False
2026-03-25,Equatorial Guinea,Kyrgyzstan,1,0,Friendly,Turkey,True
2026-03-25,DR Congo,Bermuda,2,0,Friendly,Mexico,True
2026-03-25,US Virgin Islands,Eastern Samoa,5,2,FIFA Series,Puerto Rico,True
2026-03-25,Puerto Rico,Guam,4,0,FIFA Series,Puerto Rico,False
2026-03-25,Kazakhstan,Namibia,2,0,FIFA Series,Kazakhstan,False
2026-03-25,Eritrea,Eswatini,2,0,African Nations Cup qualifier,Morocco,True
2026-03-26,Poland,Albania,2,1,World Cup qualifier,Poland,False
2026-03-26,Italy,Northern Ireland,2,0,World Cup qualifier,Italy,False
2026-03-26,Denmark,North Macedonia,4,0,World Cup qualifier,Denmark,False
2026-03-26,Czechia,Ireland,2,2,World Cup qualifier,Czechia,False
2026-03-26,Saint Martin,Barbados,3,1,CONCACAF Series,Bonaire,True
2026-03-26,Dominican Republic,El Salvador,2,2,CONCACAF Series,Dominican Republic,False
2026-03-26,Anguilla,Bahamas,3,1,CONCACAF Series,Cayman Islands,True
2026-03-26,Cayman Islands,British Virgin Islands,1,1,CONCACAF Series,Cayman Islands,False
2026-03-26,Bonaire,St Vincent & Grenadines,3,1,CONCACAF Series,Bonaire,False
2026-03-26,Jamaica,New Caledonia,1,0,World Cup qualifier,Mexico,True
2026-03-26,Slovakia,Kosovo,3,4,World Cup qualifier,Slovakia,False
2026-03-26,Bolivia,Suriname,2,1,World Cup qualifier,Mexico,True
2026-03-26,Cuba,Martinique,2,2,CONCACAF Series,Dominican Republic,True
2026-03-26,Sweden,Ukraine,3,1,World Cup qualifier,Spain,True
2026-03-26,Moldova,Lithuania,0,2,Friendly,Moldova,False
2026-03-26,Wales,Bosnia and Herzegovina,1,1,World Cup qualifier,Wales,False
2026-03-26,Vietnam,Bangladesh,3,0,Friendly,Vietnam,False
2026-03-26,Georgia,Israel,2,2,Friendly,Georgia,False
2026-03-26,France,Brazil,2,1,Friendly,United States,True
2026-03-26,Turkey,Romania,1,0,World Cup qualifier,Turkey,False
2026-03-26,Croatia,Colombia,2,1,Friendly,United States,True
2026-03-26,Liechtenstein,Tanzania,1,0,FIFA Series,Rwanda,True
2026-03-26,Cyprus,Belarus,0,1,Friendly,Cyprus,False
2026-03-26,Myanmar,Afghanistan,2,1,Asian Cup qualifier,Myanmar,False
2026-03-26,South Sudan,Djibouti,4,0,African Nations Cup qualifier,South Sudan,False
2026-03-26,Lesotho,Seychelles,0,0,African Nations Cup qualifier,South Africa,True
2026-03-26,Malta,Luxembourg,0,2,European Nations League C/D,Malta,False
2026-03-26,Gibraltar,Latvia,0,1,European Nations League C/D,Gibraltar,False
2026-03-26,Aruba,Macao,4,1,FIFA Series,Rwanda,True
2026-03-27,Venezuela,Trinidad and Tobago,4,1,FIFA Series,Uzbekistan,True
2026-03-27,New Zealand,Finland,0,2,FIFA Series,New Zealand,False
2026-03-27,China,Curaçao,2,0,FIFA Series,Australia,True
2026-03-27,Chile,Cape Verde,4,2,FIFA Series,New Zealand,True
2026-03-27,Bulgaria,Solomon Islands,10,2,FIFA Series,Indonesia,True
2026-03-27,Australia,Cameroon,1,0,FIFA Series,Australia,False
2026-03-27,Estonia,Kenya,1,1,FIFA Series,Rwanda,True
2026-03-27,Uzbekistan,Gabon,3,1,FIFA Series,Uzbekistan,False
2026-03-27,Rwanda,Grenada,4,0,FIFA Series,Rwanda,False
2026-03-27,Indonesia,Saint Kitts and Nevis,4,0,FIFA Series,Indonesia,False
2026-03-27,Chad,Burundi,0,4,African Nations Cup qualifier,Chad,False
2026-03-27,Azerbaijan,Saint Lucia,6,1,FIFA Series,Azerbaijan,False
2026-03-27,Mauritius,Somalia,0,0,African Nations Cup qualifier,Mozambique,True
2026-03-27,Ethiopia,Sao Tome and Principe,3,0,African Nations Cup qualifier,Morocco,True
2026-03-27,Sint Maarten,Belize,3,2,CONCACAF Series,Dominican Republic,True
2026-03-27,Algeria,Guatemala,7,0,Friendly,Italy,True
2026-03-27,Greece,Paraguay,0,1,Friendly,Greece,False
2026-03-27,Austria,Ghana,5,1,Friendly,Austria,False
2026-03-27,Switzerland,Germany,3,4,Friendly,Switzerland,False
2026-03-27,Spain,Serbia,3,0,Friendly,Spain,False
2026-03-27,South Africa,Panama,1,1,Friendly,South Africa,False
2026-03-27,Saudi Arabia,Egypt,0,4,Friendly,Saudi Arabia,False
2026-03-27,Russia,Nicaragua,3,1,Friendly,Russia,False
2026-03-27,Nigeria,Iran,2,1,Friendly tournament,Turkey,True
2026-03-27,Argentina,Mauritania,2,1,Friendly,Argentina,False
2026-03-27,Netherlands,Norway,2,1,Friendly,Netherlands,False
2026-03-27,Libya,Niger,0,0,Friendly,Morocco,True
2026-03-27,Guinea,Togo,2,2,Friendly,Morocco,True
2026-03-27,England,Uruguay,1,1,Friendly,England,False
2026-03-27,Ecuador,Morocco,1,1,Friendly,Spain,True
2026-03-27,Costa Rica,Jordan,2,2,Friendly tournament,Turkey,True
2026-03-27,Benin,Liberia,1,0,Friendly,Morocco,True
2026-03-27,Montenegro,Andorra,2,0,Friendly,Montenegro,False
2026-03-27,Guyana,Dominica,2,0,CONCACAF Series,Dominican Republic,True
2026-03-28,Guam,Eastern Samoa,6,0,FIFA Series,Puerto Rico,True
2026-03-28,Puerto Rico,US Virgin Islands,2,0,FIFA Series,Puerto Rico,False
2026-03-28,Botswana,Zimbabwe,0,3,Friendly tournament,Botswana,False
2026-03-28,Burkina Faso,Guinea-Bissau,5,0,Friendly,Burkina Faso,False
2026-03-28,Canada,Iceland,2,2,Friendly tournament,Canada,False
2026-03-28,San Marino,Faroe Islands,1,2,Friendly,San Marino,False
2026-03-28,Ivory Coast,South Korea,4,0,Friendly,England,True
2026-03-28,Madagascar,Kyrgyzstan,5,2,Friendly,Turkey,True
2026-03-28,Scotland,Japan,0,1,Friendly,Scotland,False
2026-03-28,Senegal,Peru,2,0,Friendly,France,True
2026-03-28,United States,Belgium,2,5,Friendly,United States,False
2026-03-28,Hungary,Slovenia,1,0,Friendly,Hungary,False
2026-03-28,Comoros,Namibia,0,0,FIFA Series,Kazakhstan,True
2026-03-28,Mexico,Portugal,0,0,Friendly,Mexico,False
2026-03-28,Tunisia,Haiti,1,0,Friendly tournament,Canada,True
2026-03-29,Dominican Republic,Cuba,1,1,CONCACAF Series,Dominican Republic,False
2026-03-29,El Salvador,Martinique,1,0,CONCACAF Series,Dominican Republic,True
2026-03-29,St Vincent & Grenadines,Barbados,3,2,CONCACAF Series,Bonaire,True
2026-03-29,Lesotho,Seychelles,2,1,African Nations Cup qualifier,South Africa,True
2026-03-29,Armenia,Belarus,1,2,Friendly,Armenia,False
2026-03-29,Aruba,Liechtenstein,4,1,FIFA Series,Rwanda,True
2026-03-29,Tanzania,Macao,6,0,FIFA Series,Rwanda,True
2026-03-29,France,Colombia,3,1,Friendly,United States,True
2026-03-29,Lithuania,Georgia,0,2,Friendly,Lithuania,False
2026-03-29,South Sudan,Djibouti,0,1,African Nations Cup qualifier,South Sudan,False
2026-03-29,British Virgin Islands,Anguilla,4,0,CONCACAF Series,Cayman Islands,True
2026-03-29,Bonaire,Saint Martin,0,3,CONCACAF Series,Bonaire,False
2026-03-29,Cayman Islands,Bahamas,1,0,CONCACAF Series,Cayman Islands,False
2026-03-30,Guyana,Belize,3,1,CONCACAF Series,Dominican Republic,True
2026-03-30,Azerbaijan,Sierra Leone,1,1,FIFA Series,Azerbaijan,False
2026-03-30,Cape Verde,Finland,1,1,FIFA Series,New Zealand,True
2026-03-30,Gabon,Trinidad and Tobago,2,2,FIFA Series,Uzbekistan,True
2026-03-30,Indonesia,Bulgaria,0,1,FIFA Series,Indonesia,False
2026-03-30,Saint Kitts and Nevis,Solomon Islands,4,2,FIFA Series,Indonesia,True
2026-03-30,New Zealand,Chile,4,1,FIFA Series,New Zealand,False
2026-03-30,Rwanda,Estonia,2,0,FIFA Series,Rwanda,False
2026-03-30,Uzbekistan,Venezuela,0,0,FIFA Series,Uzbekistan,False
2026-03-30,Cyprus,Moldova,3,2,Friendly,Cyprus,False
2026-03-30,Germany,Ghana,2,1,Friendly,Germany,False
2026-03-30,Kenya,Grenada,3,0,FIFA Series,Rwanda,True
2026-03-30,Dominica,Sint Maarten,0,0,CONCACAF Series,Dominican Republic,True
2026-03-31,Singapore,Bangladesh,1,0,Asian Cup qualifier,Singapore,False
2026-03-31,Syria,Afghanistan,5,1,Asian Cup qualifier,Saudi Arabia,True
2026-03-31,Taiwan,Sri Lanka,1,3,Asian Cup qualifier,Taiwan,False
2026-03-31,Tajikistan,Philippines,1,1,Asian Cup qualifier,Tajikistan,False
2026-03-31,Thailand,Turkmenistan,2,1,Asian Cup qualifier,Thailand,False
2026-03-31,Cameroon,China,2,0,FIFA Series,Australia,True
2026-03-31,Australia,Curaçao,5,1,FIFA Series,Australia,False
2026-03-31,Kazakhstan,Comoros,1,0,FIFA Series,Kazakhstan,False
2026-03-31,Algeria,Uruguay,0,0,Friendly,Italy,True
2026-03-31,Argentina,Zambia,5,0,Friendly,Argentina,False
2026-03-31,Vietnam,Malaysia,3,1,Asian Cup qualifier,Vietnam,False
2026-03-31,Pakistan,Myanmar,1,2,Asian Cup qualifier,Pakistan,False
2026-03-31,India,Hong Kong,2,1,Asian Cup qualifier,India,False
2026-03-31,Laos,Nepal,1,0,Asian Cup qualifier,Laos,False
2026-03-31,Bhutan,Brunei,2,1,Asian Cup qualifier,India,True
2026-03-31,Mauritius,Somalia,0,0,African Nations Cup qualifier,Mauritius,False
2026-03-31,Ethiopia,Sao Tome and Principe,1,0,African Nations Cup qualifier,Ethiopia,False
2026-03-31,Eswatini,Eritrea,1,2,African Nations Cup qualifier,Eswatini,False
2026-03-31,Burundi,Chad,4,0,African Nations Cup qualifier,Burundi,False
2026-03-31,Luxembourg,Malta,3,0,European Nations League C/D,Luxembourg,False
2026-03-31,Latvia,Gibraltar,1,0,European Nations League C/D,Latvia,False
2026-03-31,Sweden,Poland,3,2,World Cup qualifier,Sweden,False
2026-03-31,Kosovo,Turkey,0,1,World Cup qualifier,Kosovo,False
2026-03-31,DR Congo,Jamaica,1,0,World Cup qualifier,Mexico,True
2026-03-31,Czechia,Denmark,2,2,World Cup qualifier,Czechia,False
2026-03-31,Maldives,East Timor,2,1,Asian Cup qualifier,Maldives,False
2026-03-31,Austria,South Korea,1,0,Friendly,Austria,False
2026-03-31,Brazil,Croatia,3,1,Friendly,United States,True
2026-03-31,Botswana,Malawi,1,0,Friendly tournament,Botswana,False
2026-03-31,Wales,Northern Ireland,1,1,Friendly,Wales,False
2026-03-31,United States,Portugal,0,2,Friendly,United States,False
2026-03-31,Ukraine,Albania,1,0,Friendly,Spain,True
2026-03-31,Togo,Niger,1,0,Friendly,Morocco,True
2026-03-31,Spain,Egypt,0,0,Friendly,Spain,False
2026-03-31,South Africa,Panama,1,2,Friendly,South Africa,False
2026-03-31,Slovakia,Romania,2,0,Friendly,Slovakia,False
2026-03-31,Serbia,Saudi Arabia,2,1,Friendly,Serbia,False
2026-03-31,Senegal,Gambia,3,1,Friendly,Senegal,False
2026-03-31,San Marino,Andorra,0,0,Friendly,San Marino,False
2026-03-31,Russia,Mali,0,0,Friendly,Russia,False
2026-03-31,Norway,Switzerland,0,0,Friendly,Norway,False
2026-03-31,Benin,Guinea,1,0,Friendly,Morocco,True
2026-03-31,Netherlands,Ecuador,1,1,Friendly,Netherlands,False
2026-03-31,Montenegro,Slovenia,2,3,Friendly,Montenegro,False
2026-03-31,Liberia,Libya,2,2,Friendly,Morocco,True
2026-03-31,Jordan,Nigeria,2,2,Friendly tournament,Turkey,True
2026-03-31,Ivory Coast,Scotland,1,0,Friendly,England,True
2026-03-31,Ireland,North Macedonia,0,0,Friendly,Ireland,False
2026-03-31,Hungary,Greece,0,0,Friendly,Hungary,False
2026-03-31,Honduras,Peru,2,2,Friendly,Spain,True
2026-03-31,Haiti,Iceland,1,1,Friendly tournament,Canada,True
2026-03-31,Equatorial Guinea,Madagascar,1,1,Friendly,Turkey,True
2026-03-31,England,Japan,0,1,Friendly,England,False
2026-03-31,Costa Rica,Iran,0,5,Friendly tournament,Turkey,True
2026-03-31,Burkina Faso,Guinea-Bissau,1,1,Friendly,Burkina Faso,False
2026-03-31,Morocco,Paraguay,2,1,Friendly,France,True
2026-03-31,Bosnia and Herzegovina,Italy,1,1,World Cup qualifier,Bosnia and Herzegovina,False
2026-03-31,Iraq,Bolivia,2,1,World Cup qualifier,Mexico,True
2026-03-31,Belgium,Mexico,1,1,Friendly,United States,True
2026-03-31,Canada,Tunisia,0,0,Friendly tournament,Canada,False
2026-03-27,Nigeria,Iran,2,1,Al-Nashama Tournament,Turkey,True
2026-03-27,Costa Rica,Jordan,2,2,Al-Nashama Tournament,Turkey,True
2026-03-28,Botswana,Zimbabwe,0,3,Mukuru Tournament,Botswana,False
2026-03-31,Botswana,Malawi,1,0,Mukuru Tournament,Botswana,False
2026-03-31,Jordan,Nigeria,2,2,Al-Nashama Tournament,Turkey,True
2026-03-31,Costa Rica,Iran,0,5,Al-Nashama Tournament,Turkey,True
2026-05-16,Ireland,Grenada,5,0,Friendly,Spain,True
2026-05-22,Mexico,Ghana,2,0,Friendly,Mexico,False
2026-05-26,Nigeria,Zimbabwe,2,0,Unity Cup,England,True
2026-05-26,Morocco,Burundi,5,0,Friendly,Morocco,False
2026-05-27,Jamaica,India,2,0,Unity Cup,England,True
2026-05-28,Ireland,Qatar,1,0,Friendly,Ireland,False
2026-05-28,Egypt,Russia,1,0,Friendly,Egypt,False
2026-05-29,South Africa,Nicaragua,0,0,Friendly,South Africa,False
2026-05-29,Iraq,Andorra,1,0,Friendly,Spain,True
2026-05-29,Iran,Gambia,3,1,Friendly,Turkey,True
2026-05-29,Bosnia and Herzegovina,North Macedonia,0,0,Friendly,Bosnia and Herzegovina,False
2026-05-30,Scotland,Curaçao,4,1,Friendly,Scotland,False
2026-05-30,Zimbabwe,India,1,0,Unity Cup,England,True
2026-05-30,Nigeria,Jamaica,3,0,Unity Cup,England,True
2026-05-30,Ecuador,Saudi Arabia,2,1,Friendly,United States,True
2026-05-30,South Korea,Trinidad and Tobago,5,0,Friendly,United States,True
2026-05-30,Mexico,Australia,1,0,Friendly,United States,True
2026-05-31,United States,Senegal,3,2,Friendly,United States,False
2026-05-31,Switzerland,Jordan,4,1,Friendly,Switzerland,False
2026-05-31,Singapore,Mongolia,4,0,Friendly,Singapore,False
2026-05-31,Poland,Ukraine,0,2,Friendly,Poland,False
2026-05-31,Japan,Iceland,1,0,Friendly,Japan,False
2026-05-31,Germany,Finland,4,0,Friendly,Germany,False
2026-05-31,Czechia,Kosovo,2,1,Friendly,Czechia,False
2026-05-31,Cape Verde,Serbia,3,0,Friendly,Portugal,True
2026-05-31,Brazil,Panama,6,2,Friendly,Brazil,False
2026-06-01,Turkey,North Macedonia,4,0,Friendly,Turkey,False
2026-06-01,Slovakia,Malta,2,1,Friendly,Slovakia,False
2026-06-01,Norway,Sweden,3,1,Friendly,Norway,False
2026-06-01,Colombia,Costa Rica,3,1,Friendly,Colombia,False
2026-06-01,Bulgaria,Montenegro,0,1,Friendly,Bulgaria,False
2026-06-01,Austria,Tunisia,1,0,Friendly,Austria,False
2026-06-01,Maldives,Afghanistan,0,1,Diamond Jubilee Tournament,Maldives,False
2026-06-01,Canada,Uzbekistan,2,0,Friendly,Canada,False
2026-06-02,Wales,Ghana,1,1,Friendly,Wales,False
2026-06-02,Morocco,Madagascar,4,0,Friendly,Morocco,False
2026-06-02,Georgia,Romania,1,1,Friendly,Georgia,False
2026-06-02,Croatia,Belgium,0,2,Friendly,Croatia,False
2026-06-02,Brunei,East Timor,0,3,Southeast Asian Champ qual,Brunei,False
2026-06-02,Haiti,New Zealand,4,0,Friendly,United States,True
2026-06-03,Poland,Nigeria,2,2,Friendly,Poland,False
2026-06-03,Philippines,Guam,5,1,Friendly tournament,Philippines,False
2026-06-03,Netherlands,Algeria,0,1,Friendly,Netherlands,False
2026-06-03,Luxembourg,Italy,0,1,Friendly,Luxembourg,False
2026-06-03,Gibraltar,British Virgin Islands,4,0,Friendly,Gibraltar,False
2026-06-03,Denmark,DR Congo,0,0,Friendly,Belgium,True
2026-06-03,Albania,Israel,0,1,Friendly,Albania,False
2026-06-03,Panama,Dominican Republic,4,2,Friendly,Panama,False
2026-06-03,South Korea,El Salvador,1,0,Friendly,United States,True
2026-06-04,Maldives,Pakistan,0,3,Diamond Jubilee Tournament,Maldives,False
2026-06-04,Andorra,Liechtenstein,2,0,Friendly,Andorra,False
2026-06-04,Cambodia,Bhutan,4,0,Friendly,Cambodia,False
2026-06-04,Czechia,Guatemala,3,1,Friendly,United States,True
2026-06-04,France,Ivory Coast,1,2,Friendly,France,False
2026-06-04,Kenya,Lesotho,1,1,Friendly,South Africa,True
2026-06-04,Northern Ireland,Guinea,1,0,Friendly,Spain,True
2026-06-04,Slovenia,Cyprus,1,1,Friendly,Slovenia,False
2026-06-04,Spain,Iraq,1,1,Friendly,Spain,False
2026-06-04,Sweden,Greece,2,2,Friendly,Sweden,False
2026-06-04,Iran,Mali,2,0,Friendly,Turkey,True
2026-06-04,Yemen,Lebanon,2,0,Asian Cup qualifier,Qatar,True
2026-06-04,Mexico,Serbia,5,1,Friendly,Mexico,False
2026-06-05,Belarus,Syria,4,1,Friendly,Belarus,False
2026-06-05,Benin,Niger,1,1,Friendly,Morocco,True
2026-06-05,Central African Republic,Togo,1,1,Friendly,Morocco,True
2026-06-05,Georgia,Bahrain,2,0,Friendly,Georgia,False
2026-06-05,Hong Kong,Mongolia,2,0,Friendly,Hong Kong,False
2026-06-05,Hungary,Finland,2,1,Friendly,Hungary,False
2026-06-05,Indonesia,Oman,3,0,Friendly,Indonesia,False
2026-06-05,Paraguay,Nicaragua,4,0,Friendly,Paraguay,False
2026-06-05,Moldova,Bulgaria,2,2,Friendly,Moldova,False
2026-06-05,Russia,Burkina Faso,3,0,Friendly,Russia,False
2026-06-05,San Marino,Bangladesh,1,2,Friendly,San Marino,False
2026-06-05,Singapore,China,1,2,Friendly,Singapore,False
2026-06-05,Slovakia,Montenegro,2,2,Friendly,Slovakia,False
2026-06-05,Tajikistan,India,3,1,Friendly,Tajikistan,False
2026-06-05,Thailand,Kuwait,2,2,Friendly,Thailand,False
2026-06-05,Malta,Azerbaijan,2,0,Friendly,Hungary,True
2026-06-05,Angola,Mauritania,1,1,Friendly,Morocco,True
2026-06-05,Canada,Ireland,1,1,Friendly,Canada,False
2026-06-05,Indonesia,Oman,3,0,Garuda Championship Series,Indonesia,False
2026-06-05,Peru,Haiti,2,1,Friendly,United States,True
2026-06-05,Saudi Arabia,Puerto Rico,3,0,Friendly,United States,True
2026-06-06,Vanuatu,Fiji,2,1,Friendly,Vanuatu,False
2026-06-06,Myanmar,Guam,6,1,Friendly tournament,Philippines,True
2026-06-06,Belgium,Tunisia,5,0,Friendly,Belgium,False
2026-06-06,Lithuania,Latvia,1,1,Baltic Cup,Lithuania,False
2026-06-06,British Virgin Islands,Bonaire,2,0,Friendly,Spain,True
2026-06-06,Bosnia and Herzegovina,Panama,1,1,Friendly,United States,True
2026-06-06,Armenia,Kazakhstan,1,1,Friendly,Armenia,False
2026-06-06,Albania,Luxembourg,0,1,Friendly,Albania,False
2026-06-06,Cape Verde,Bermuda,3,0,Friendly,United States,True
2026-06-06,Australia,Switzerland,1,1,Friendly,United States,True
2026-06-06,El Salvador,Qatar,0,0,Friendly,United States,True
2026-06-06,Ethiopia,Malawi,1,0,Friendly,Ethiopia,False
2026-06-06,Gibraltar,Cayman Islands,4,1,Friendly,Gibraltar,False
2026-06-06,Kyrgyzstan,Palestine,0,0,Friendly,Kyrgyzstan,False
2026-06-06,Portugal,Chile,2,1,Friendly,Portugal,False
2026-06-06,Romania,Wales,2,1,Friendly,Romania,False
2026-06-06,Scotland,Bolivia,4,0,Friendly,United States,True
2026-06-06,Sierra Leone,Liberia,1,0,Friendly,Sierra Leone,False
2026-06-06,United States,Germany,1,2,Friendly,United States,False
2026-06-06,England,New Zealand,1,0,Friendly,United States,True
2026-06-06,Estonia,Faroe Islands,1,0,Baltic Cup,Estonia,False
2026-06-06,Brazil,Egypt,2,1,Friendly,United States,True
2026-06-06,Argentina,Honduras,2,0,Friendly,United States,True
2026-06-06,Curaçao,Aruba,4,0,Friendly,Curaçao,False
2026-06-06,South Africa,Jamaica,1,0,Friendly,Mexico,True
2026-06-06,Turkey,Venezuela,2,1,Friendly,United States,True
2026-06-07,Oman,Mozambique,4,1,Garuda Championship Series,Indonesia,True
2026-06-07,Liechtenstein,Cyprus,0,2,Friendly,Liechtenstein,False
2026-06-07,Kenya,Lesotho,4,0,Friendly,South Africa,True
2026-06-07,Pakistan,Afghanistan,2,0,Diamond Jubilee Tournament,Maldives,True
2026-06-07,Kosovo,Andorra,3,0,Friendly,Kosovo,False
2026-06-07,Denmark,Ukraine,2,1,Friendly,Denmark,False
2026-06-07,Croatia,Slovenia,2,1,Friendly,Croatia,False
2026-06-06,Jamaica,South Africa,1,1,Friendly,Mexico,True
2026-06-07,Colombia,Jordan,2,0,Friendly,United States,True
2026-06-07,Ecuador,Guatemala,3,0,Friendly,United States,True
2026-06-07,Morocco,Norway,1,1,Friendly,United States,True
2026-06-07,Greece,Italy,0,1,Friendly,Greece,False
2026-06-08,Sri Lanka,Bhutan,4,1,Friendly,Thailand,True
2026-06-08,Netherlands,Uzbekistan,2,1,Friendly,United States,True
2026-06-08,Mauritania,Niger,1,0,Friendly,Morocco,True
2026-06-08,France,Northern Ireland,3,1,Friendly,France,False
2026-06-08,Spain,Peru,3,1,Friendly,Mexico,True
2026-06-09,Vanuatu,Fiji,2,2,Friendly,Vanuatu,False
2026-06-09,Comoros,Equatorial Guinea,1,0,Friendly,Morocco,True
2026-06-09,Cambodia,Hong Kong,2,0,Friendly,Cambodia,False
2026-06-09,Belarus,Burkina Faso,2,2,Friendly,Belarus,False
2026-06-09,Azerbaijan,San Marino,2,1,Friendly,Hungary,True
2026-06-09,Estonia,Lithuania,1,0,Baltic Cup,Estonia,False
2026-06-09,Angola,Central African Republic,3,0,Friendly,Morocco,True
2026-06-09,Latvia,Faroe Islands,0,1,Baltic Cup,Latvia,False
2026-06-09,Chile,DR Congo,2,1,Friendly,France,True
2026-06-09,Armenia,Moldova,1,1,Friendly,Armenia,False
2026-06-09,China,Thailand,0,0,Friendly,China,False
2026-06-09,Kyrgyzstan,Palestine,0,0,Friendly,Kyrgyzstan,False
2026-06-09,Ethiopia,Malawi,1,1,Friendly,Ethiopia,False
2026-06-09,Hungary,Kazakhstan,3,1,Friendly,Hungary,False
2026-06-09,Indonesia,Mozambique,1,0,Garuda Championship Series,Indonesia,False
2026-06-09,Liberia,Sierra Leone,3,1,Friendly,Liberia,False
2026-06-09,Philippines,Myanmar,5,1,Friendly tournament,Philippines,False
2026-06-09,Russia,Trinidad and Tobago,3,0,Friendly,Russia,False
2026-06-09,Tajikistan,India,1,1,Friendly,Tajikistan,False
2026-06-09,Togo,Benin,5,1,Friendly,Morocco,True
2026-06-09,East Timor,Brunei,3,1,Southeast Asian Champ qual,Malaysia,True
2026-06-09,Saudi Arabia,Senegal,0,0,Friendly,United States,True
2026-06-09,Argentina,Iceland,3,0,Friendly,United States,True
2026-06-09,Venezuela,Iraq,2,0,Friendly,United States,True
2026-06-10,Pakistan,Afghanistan,2,0,Diamond Jubilee Tournament,Maldives,True
2026-06-10,Portugal,Nigeria,2,1,Friendly,Portugal,False
2026-06-10,England,Costa Rica,3,0,Friendly,United States,True
2026-06-10,Algeria,Bolivia,4,0,Friendly,United States,True
2026-06-11,Mexico,South Africa,2,0,World Cup,Mexico,False
2026-06-11,South Korea,Czechia,2,1,World Cup,Mexico,True
2026-06-12,Canada,Bosnia and Herzegovina,1,1,World Cup,Canada,False
2026-06-12,United States,Paraguay,4,1,World Cup,United States,False
2026-06-13,Qatar,Switzerland,1,1,World Cup,United States,True
2026-06-13,Brazil,Morocco,1,1,World Cup,United States,True
2026-06-13,Scotland,Haiti,1,0,World Cup,United States,True
2026-06-13,Australia,Turkey,2,0,World Cup,Canada,True
2026-06-14,Germany,Curaçao,7,1,World Cup,United States,True
2026-06-14,Japan,Netherlands,2,2,World Cup,United States,True
2026-06-14,Sweden,Tunisia,5,1,World Cup,Mexico,True
2026-06-14,Ivory Coast,Ecuador,1,0,World Cup,United States,True
2026-06-15,Cape Verde,Spain,0,0,World Cup,United States,True
2026-06-15,Belgium,Egypt,1,1,World Cup,United States,True
2026-06-15,Saudi Arabia,Uruguay,1,1,World Cup,United States,True
2026-06-15,Iran,New Zealand,2,2,World Cup,United States,True
2026-06-16,France,Senegal,3,1,World Cup,United States,True
2026-06-16,Norway,Iraq,4,1,World Cup,United States,True
2026-06-16,Austria,Jordan,3,1,World Cup,United States,True
2026-06-16,Argentina,Algeria,3,0,World Cup,United States,True
2026-06-17,DR Congo,Portugal,1,1,World Cup,United States,True
2026-06-17,England,Croatia,4,2,World Cup,United States,True
2026-06-17,Ghana,Panama,1,0,World Cup,Canada,True
2026-06-17,Colombia,Uzbekistan,3,1,World Cup,Mexico,True
2026-06-18,Czechia,South Africa,1,1,World Cup,United States,True
2026-06-18,Switzerland,Bosnia and Herzegovina,4,1,World Cup,United States,True
2026-06-18,Canada,Qatar,6,0,World Cup,Canada,False
2026-06-18,Mexico,South Korea,1,0,World Cup,Mexico,False
2026-06-19,United States,Australia,2,0,World Cup,United States,False
2026-06-20,Morocco,Scotland,1,0,World Cup,United States,True
2026-06-20,Brazil,Haiti,3,0,World Cup,United States,True
2026-06-20,Turkey,Paraguay,0,1,World Cup,United States,True
2026-06-20,Netherlands,Sweden,5,1,World Cup,United States,True
2026-06-20,Germany,Ivory Coast,2,1,World Cup,Canada,True
2026-06-21,Ecuador,Curaçao,0,0,World Cup,United States,True
2026-06-21,Tunisia,Japan,0,4,World Cup,Mexico,True
2026-06-21,Spain,Saudi Arabia,4,0,World Cup,United States,True
2026-06-21,Belgium,Iran,0,0,World Cup,United States,True
2026-06-22,Uruguay,Cape Verde,2,2,World Cup,United States,True
2026-06-22,New Zealand,Egypt,1,3,World Cup,Canada,True
2026-06-22,Argentina,Austria,2,0,World Cup,United States,True
2026-06-22,France,Iraq,3,0,World Cup,United States,True
2026-06-23,Norway,Senegal,3,2,World Cup,United States,True
2026-06-23,Jordan,Algeria,1,2,World Cup,United States,True
2026-06-23,Portugal,Uzbekistan,5,0,World Cup,United States,True
2026-06-23,England,Ghana,0,0,World Cup,United States,True
2026-06-24,Panama,Croatia,0,1,World Cup,United States,True
2026-06-24,Colombia,DR Congo,1,0,World Cup,United States,True
2026-06-24,Bosnia and Herzegovina,Qatar,3,1,World Cup,United States,True
2026-06-24,Switzerland,Canada,2,1,World Cup,Canada,False
2026-06-25,Morocco,Haiti,4,2,World Cup,United States,True
2026-06-25,Scotland,Brazil,0,3,World Cup,United States,True
2026-06-25,South Africa,South Korea,1,0,World Cup,Mexico,True
2026-06-25,Czechia,Mexico,0,3,World Cup,Mexico,False
2026-06-25,Curaçao,Ivory Coast,0,2,World Cup,United States,True
2026-06-25,Ecuador,Germany,2,1,World Cup,United States,True
2026-06-26,Tunisia,Netherlands,1,3,World Cup,United States,True
2026-06-26,Japan,Sweden,1,1,World Cup,United States,True
2026-06-26,Paraguay,Australia,0,0,World Cup,United States,True
2026-06-26,Turkey,United States,3,2,World Cup,United States,False
2026-06-26,Senegal,Iraq,5,0,World Cup,Canada,True
2026-06-26,Norway,France,1,4,World Cup,United States,True
2026-06-27,Uruguay,Spain,0,1,World Cup,Mexico,True
2026-06-27,Cape Verde,Saudi Arabia,0,0,World Cup,United States,True
2026-06-27,Egypt,Iran,1,1,World Cup,United States,True
2026-06-27,New Zealand,Belgium,1,5,World Cup,United States,True
2026-06-27,Panama,England,0,2,World Cup,United States,True
2026-06-27,Croatia,Ghana,2,1,World Cup,United States,True
2026-06-28,DR Congo,Uzbekistan,3,1,World Cup,United States,True
2026-06-28,Colombia,Portugal,0,0,World Cup,United States,True
2026-06-28,Algeria,Austria,3,3,World Cup,United States,True
2026-06-28,Jordan,Argentina,1,3,World Cup,United States,True